org_id,usage_date,service,cost_usd,requests,cpu_hours,storage_gb_hours,genai_tokens,carbon_kg,events
org_0lvsnujz,2025-07-03,analytics,8.8739,116.0,4.6168,12.7808,0.0,0.0,3
org_0lvsnujz,2025-07-03,database,0.5723,0.0,1.7515,14.7891,0.0,0.0,3
org_0lvsnujz,2025-07-03,storage,5.5542,255.0,0.0,4.6668,0.0,0.0,3
org_0lvsnujz,2025-07-04,analytics,3.2915,0.0,2.7659,38.5678,0.0,0.0,3
org_0lvsnujz,2025-07-04,database,12.733699999999999,235.0,2.5139,41.2334,0.0,0.0,6
org_0lvsnujz,2025-07-04,storage,1.3341,93.0,1.1055,0.0,0.0,0.0,2
org_0lvsnujz,2025-07-05,analytics,7.5042,127.0,1.9506,0.0,0.0,0.0,3
org_0lvsnujz,2025-07-05,database,6.6109,102.0,2.6635,23.1051,0.0,0.0,3
org_0lvsnujz,2025-07-05,storage,2.2213,114.0,0.1817,7.5659,0.0,0.0,3
org_0lvsnujz,2025-07-06,analytics,8.2805,120.0,0.0,4.5193,0.0,0.0,3
org_0lvsnujz,2025-07-06,database,1.7599,0.0,2.8253999999999997,32.2681,0.0,0.0,6
org_0lvsnujz,2025-07-06,storage,3.3384,145.0,0.7415,37.0857,0.0,0.0,5
org_0lvsnujz,2025-07-07,analytics,9.4538,117.0,4.9025,0.0,0.0,0.0,3
org_0lvsnujz,2025-07-07,database,14.567499999999999,234.0,0.0,35.6057,0.0,0.0,6
org_0lvsnujz,2025-07-07,storage,0.8491,0.0,0.0,42.3907,0.0,0.0,3
org_0lvsnujz,2025-07-08,analytics,30.5343,457.0,2.7493,10.5679,0.0,0.0,6
org_0lvsnujz,2025-07-08,database,6.764799999999999,128.0,1.2666,18.9617,0.0,0.0,3
org_0lvsnujz,2025-07-08,storage,1.8714000000000002,107.0,2.5699,0.0,0.0,0.0,3
org_0lvsnujz,2025-07-09,analytics,10.7148,124.0,0.0,11.93,0.0,0.0,3
org_0lvsnujz,2025-07-09,database,18.8855,357.0,1.2011,12.5156,0.0,0.0,6
org_0lvsnujz,2025-07-09,storage,7.091,335.0,0.0,0.0,0.0,0.0,3
org_0lvsnujz,2025-07-10,database,7.5636,115.0,0.1312,15.7199,0.0,0.0,3
org_0lvsnujz,2025-07-10,storage,2.4649999999999994,112.0,4.3725000000000005,0.0,0.0,0.0,3
org_0lvsnujz,2025-07-11,analytics,28.8337,358.0,0.2,13.9792,0.0,0.0,6
org_0lvsnujz,2025-07-11,storage,3.2279999999999998,154.0,6.0901,0.0,0.0,0.0,3
org_0lvsnujz,2025-07-12,analytics,10.0462,119.0,0.5928,14.2432,0.0,0.0,3
org_0lvsnujz,2025-07-12,database,12.3541,213.0,0.7303,0.0,0.0,0.0,3
org_0lvsnujz,2025-07-12,storage,9.0884,478.0,0.4868,10.2461,0.0,0.0,6
org_0lvsnujz,2025-07-13,analytics,6.3791,121.0,0.0,27.167,0.0,0.0,3
org_0lvsnujz,2025-07-13,database,6.3942,118.0,3.1517,0.0,0.0,0.0,3
org_0lvsnujz,2025-07-13,storage,4.0885,204.0,0.0,0.0,0.0,0.0,3
org_0lvsnujz,2025-07-14,analytics,17.3008,267.0,1.5667,0.0,0.0,0.0,3
org_0lvsnujz,2025-07-14,database,19.4262,384.0,0.0,31.226999999999997,0.0,0.0,6
org_0lvsnujz,2025-07-14,storage,9.380799999999999,492.0,2.1969,5.1699,0.0,0.0,6
org_0lvsnujz,2025-07-15,analytics,16.9817,228.0,3.2987,9.7737,0.0,0.0,6
org_0lvsnujz,2025-07-15,database,6.7523,121.0,0.0,19.849600000000002,0.0,0.0,3
org_0lvsnujz,2025-07-15,storage,2.884,134.0,0.0,22.0104,0.0,0.0,3
org_0lvsnujz,2025-07-16,analytics,17.7298,132.0,2.7572,0.0,0.0,0.0,3
org_0lvsnujz,2025-07-16,database,26.692299999999996,499.0,2.2514,15.0492,0.0,0.0,6
org_0lvsnujz,2025-07-16,storage,11.7805,602.0,0.0,5.9688,0.0,0.0,6
org_0lvsnujz,2025-07-17,analytics,18.9649,228.0,3.9105,28.2211,0.0,0.0,6
org_0lvsnujz,2025-07-17,database,0.6991999999999999,0.0,1.8288,14.0188,0.0,0.0,3
org_0lvsnujz,2025-07-17,storage,5.3142,235.0,0.0,18.3848,0.0,0.0,3
org_0lvsnujz,2025-07-18,analytics,37.8562,470.0,0.0,19.1247,0.0,0.097824,6
org_0lvsnujz,2025-07-18,database,7.7126,109.0,0.0,20.2037,0.0,0.025841,3
org_0lvsnujz,2025-07-19,analytics,3.7469,0.0,0.0,49.4103,0.0,0.009882,3
org_0lvsnujz,2025-07-19,storage,2.9556,125.0,0.0,0.0,0.0,0.025,3
org_0lvsnujz,2025-07-20,storage,7.7664,369.0,0.0,0.0,0.0,0.0738,3
org_0lvsnujz,2025-07-21,analytics,20.7564,258.0,1.9116,0.0,0.0,0.051982,3
org_0lvsnujz,2025-07-21,database,12.664100000000001,133.0,0.9934,28.4554,0.0,0.032489,6
org_0lvsnujz,2025-07-21,storage,5.237900000000001,259.0,6.1705000000000005,8.2067,0.0,0.054675,6
org_0lvsnujz,2025-07-22,analytics,25.2139,349.0,2.0039,12.917,0.0,0.07278399999999999,6
org_0lvsnujz,2025-07-22,database,30.482599999999998,597.0,0.0,2.2391,0.0,0.11984800000000001,6
org_0lvsnujz,2025-07-22,storage,3.3507,127.0,0.3957,43.7821,0.0,0.034235999999999996,6
org_0lvsnujz,2025-07-23,storage,5.2153,216.0,0.0,0.0,0.0,0.0432,3
org_0lvsnujz,2025-07-24,analytics,19.5238,245.0,3.2422,24.0904,0.0,0.054466,6
org_0lvsnujz,2025-07-25,analytics,0.0,0.0,0.0,0.0,0.0,0.0,2
org_0lvsnujz,2025-07-25,database,32.4847,602.0,0.0,19.8286,0.0,0.12436599999999999,6
org_0lvsnujz,2025-07-25,storage,7.014800000000001,380.0,0.0,18.353299999999997,0.0,0.07967099999999999,6
org_0lvsnujz,2025-07-26,analytics,0.6706000000000001,0.0,5.2279,3.7244,0.0,0.00179,3
org_0lvsnujz,2025-07-26,database,21.1607,357.0,0.0,45.7791,0.0,0.080556,6
org_0lvsnujz,2025-07-26,storage,2.4551,122.0,0.0,19.5742,0.0,0.028315,6
org_0lvsnujz,2025-07-27,analytics,26.3615,370.0,0.0,0.0,0.0,0.074,3
org_0lvsnujz,2025-07-27,database,13.694899999999999,254.0,0.0,14.8958,0.0,0.053779,3
org_0lvsnujz,2025-07-27,storage,2.5322999999999998,102.0,0.193,14.6096,0.0,0.023361000000000003,3
org_0lvsnujz,2025-07-28,analytics,12.906699999999999,131.0,0.0,37.561800000000005,0.0,0.033712,6
org_0lvsnujz,2025-07-28,storage,5.7854,253.0,0.0,11.6212,0.0,0.052924,3
org_0lvsnujz,2025-07-29,analytics,26.3968,392.0,0.0,0.0,0.0,0.0784,3
org_0lvsnujz,2025-07-29,database,14.8686,247.0,0.0,30.0697,0.0,0.055414,3
org_0lvsnujz,2025-07-29,storage,5.281,258.0,2.2724,0.0,0.0,0.052054,3
org_0lvsnujz,2025-07-30,database,20.3435,362.0,2.9784,35.2909,0.0,0.080054,6
org_0lvsnujz,2025-07-30,storage,4.2818000000000005,203.0,0.0,7.8852,0.0,0.042177,3
org_0lvsnujz,2025-07-31,analytics,6.5696,111.0,1.2234,3.3007,0.0,0.023105,3
org_0lvsnujz,2025-07-31,database,6.4248,102.0,2.5219,0.2991,0.0,0.020964000000000003,3
org_0lvsnujz,2025-07-31,storage,3.0098000000000003,120.0,5.0815,8.5113,0.0,0.026718,3
org_0lvsnujz,2025-08-01,analytics,24.6844,363.0,0.0,10.8575,0.0,0.074772,6
org_0lvsnujz,2025-08-01,database,13.678700000000001,241.0,0.5601,29.6361,0.0,0.054239,6
org_0lvsnujz,2025-08-01,storage,8.4007,399.0,6.2402,7.3385,0.0,0.08251599999999999,6
org_0lvsnujz,2025-08-02,analytics,33.565200000000004,374.0,0.0,21.4514,0.0,0.07909100000000001,6
org_0lvsnujz,2025-08-02,database,5.5098,104.0,1.2923,12.7689,0.0,0.023611999999999998,3
org_0lvsnujz,2025-08-02,storage,2.2995,109.0,0.9055,21.372,0.0,0.026255,3
org_0lvsnujz,2025-08-03,analytics,5.1203,124.0,4.217700000000001,0.0,0.0,0.025643999999999997,3
org_0lvsnujz,2025-08-03,storage,6.4308,355.0,0.0,0.0,0.0,0.07100000000000001,3
org_0lvsnujz,2025-08-04,analytics,30.265200000000004,439.0,3.0919999999999996,0.0,0.0,0.088419,6
org_0lvsnujz,2025-08-04,database,1.5956000000000001,0.0,3.2933,29.057699999999997,0.0,0.006471,3
org_0lvsnujz,2025-08-04,storage,7.0998,153.0,0.0,4.6782,0.0,0.031536,3
org_0lvsnujz,2025-08-05,analytics,14.091899999999999,207.0,0.0,14.8025,0.0,0.044361000000000005,3
org_0lvsnujz,2025-08-05,database,7.357800000000001,115.0,2.7762000000000002,24.5677,0.0,0.028468,6
org_0lvsnujz,2025-08-05,storage,6.458,349.0,0.0,0.0,0.0,0.0698,3
org_0lvsnujz,2025-08-06,analytics,17.2325,242.0,0.2497,12.6793,0.0,0.050986000000000004,5
org_0lvsnujz,2025-08-06,database,12.4076,233.0,2.7123999999999997,22.8351,0.0,0.051711,6
org_0lvsnujz,2025-08-06,storage,7.618599999999999,352.0,0.0,12.7834,0.0,0.072957,6
org_0lvsnujz,2025-08-07,analytics,39.7359,519.0,0.0,22.982799999999997,0.0,0.108397,6
org_0lvsnujz,2025-08-07,storage,4.5335,244.0,0.0,0.0,0.0,0.048799999999999996,3
org_0lvsnujz,2025-08-08,analytics,13.6952,120.0,3.4972,58.1474,0.0,0.036328,6
org_0lvsnujz,2025-08-08,database,7.0278,122.0,1.9557,8.1175,0.0,0.026414,3
org_0lvsnujz,2025-08-08,storage,5.0351,262.0,2.3477,0.0,0.0,0.05287,3
org_0lvsnujz,2025-08-09,analytics,0.9718,0.0,4.4632000000000005,9.6071,0.0,0.0028139999999999997,3
org_0lvsnujz,2025-08-09,database,5.044099999999999,119.0,5.8349,2.8363,0.0,0.025534000000000005,3
org_0lvsnujz,2025-08-09,storage,2.2620000000000005,100.0,1.7451,4.8103,0.0,0.021311,3
org_0lvsnujz,2025-08-10,analytics,25.7011,353.0,0.0,0.0,0.0,0.0706,3
org_0lvsnujz,2025-08-10,database,16.6997,340.0,5.1663,16.3578,0.0,0.07230600000000001,6
org_0lvsnujz,2025-08-10,storage,5.3418,248.0,9.9711,0.0,0.0,0.051594,6
org_0lvsnujz,2025-08-11,analytics,12.874799999999999,137.0,3.2451,12.7053,0.0,0.03059,3
org_0lvsnujz,2025-08-11,database,15.3323,261.0,1.2236,0.0,0.0,0.052445,3
org_0lvsnujz,2025-08-11,storage,9.4778,488.0,0.0,0.6123,0.0,0.09772199999999999,6
org_0lvsnujz,2025-08-12,analytics,17.5056,232.0,0.0,22.5096,0.0,0.050901999999999996,3
org_0lvsnujz,2025-08-12,database,11.443,221.0,0.0,16.3887,0.0,0.047478000000000006,3
org_0lvsnujz,2025-08-12,storage,5.595,236.0,0.0,1.2334,0.0,0.047447,3
org_0lvsnujz,2025-08-13,analytics,0.4773,0.0,6.6625,0.0,0.0,0.001332,3
org_0lvsnujz,2025-08-13,database,12.988400000000002,256.0,2.2514,0.0,0.0,0.05165,3
org_0lvsnujz,2025-08-13,storage,4.241899999999999,243.0,0.0,0.0,0.0,0.0486,3
org_0lvsnujz,2025-08-14,analytics,17.133599999999998,231.0,0.0,7.9994,0.0,0.0478,3
org_0lvsnujz,2025-08-14,database,1.2141,0.0,0.0,26.137700000000002,0.0,0.005227,3
org_0lvsnujz,2025-08-14,storage,2.6209000000000002,124.0,2.1635,0.0,0.0,0.025233,3
org_0lvsnujz,2025-08-15,analytics,17.5897,234.0,3.7886,0.0,0.0,0.047557999999999996,3
org_0lvsnujz,2025-08-15,database,6.4402,126.0,4.4569,0.0,0.0,0.026091,3
org_0lvsnujz,2025-08-16,analytics,9.4755,119.0,1.5379,19.3512,0.0,0.027978000000000003,3
org_0lvsnujz,2025-08-16,database,5.693,140.0,2.31,0.0,0.0,0.028461999999999998,3
org_0lvsnujz,2025-08-16,storage,7.425800000000001,348.0,0.0,32.8899,0.0,0.076178,6
org_0lvsnujz,2025-08-17,analytics,9.923399999999999,121.0,4.6944,0.0,0.0,0.025138999999999998,3
org_0lvsnujz,2025-08-17,database,6.6256,125.0,5.7885,19.7486,0.0,0.030108000000000003,3
org_0lvsnujz,2025-08-17,storage,4.824,216.0,0.7502,0.0,0.0,0.04335,3
org_0lvsnujz,2025-08-18,database,1.3853,0.0,0.0,29.469700000000003,0.0,0.005893,3
org_0lvsnujz,2025-08-19,analytics,36.5707,475.0,0.0,18.0697,0.0,0.098614,6
org_0lvsnujz,2025-08-19,database,12.396899999999999,245.0,0.0,7.5362,0.0,0.050507,3
org_0lvsnujz,2025-08-19,storage,3.9871999999999996,260.0,2.5605,0.0,0.0,0.052512,3
org_0lvsnujz,2025-08-20,database,24.7141,484.0,2.1728,3.5029,0.0,0.097936,6
org_0lvsnujz,2025-08-20,storage,9.4223,478.0,0.0,0.0,0.0,0.09559999999999999,6
org_0lvsnujz,2025-08-21,database,12.796299999999999,219.0,2.9399,0.0,0.0,0.044388000000000004,3
org_0lvsnujz,2025-08-21,storage,5.982399999999999,350.0,0.0,9.2043,0.0,0.071841,5
org_0lvsnujz,2025-08-22,analytics,48.1036,634.0,0.0,15.1967,0.0,0.129839,6
org_0lvsnujz,2025-08-22,database,1.759,0.0,0.0,30.0291,0.0,0.006006,3
org_0lvsnujz,2025-08-22,storage,44.4544,229.0,1.2781,0.0,0.0,0.046055,6
org_0lvsnujz,2025-08-23,analytics,1.0106,0.0,5.4774,8.5146,0.0,0.0027990000000000003,3
org_0lvsnujz,2025-08-23,database,20.6905,415.0,0.0,21.4844,0.0,0.087297,6
org_0lvsnujz,2025-08-23,storage,6.683300000000001,369.0,3.5229999999999997,0.0,0.0,0.074505,6
org_0lvsnujz,2025-08-24,analytics,20.2177,264.0,0.0,0.0,0.0,0.0528,2
org_0lvsnujz,2025-08-24,database,16.2672,268.0,3.1808,28.6861,0.0,0.059973,6
org_0lvsnujz,2025-08-25,database,1.2849000000000002,0.0,5.0753,18.1578,0.0,0.004647,3
org_0lvsnujz,2025-08-25,storage,2.8571999999999997,125.0,3.2495,0.0,0.0,0.025650000000000003,3
org_0lvsnujz,2025-08-26,analytics,32.8986,449.0,8.4467,0.0,0.0,0.09148899999999999,6
org_0lvsnujz,2025-08-26,database,6.3567,124.0,0.7741,0.0,0.0,0.024954999999999998,3
org_0lvsnujz,2025-08-27,database,8.1754,123.0,0.0,31.8296,0.0,0.030966,3
org_0lvsnujz,2025-08-27,storage,8.0585,356.0,0.0,18.4092,0.0,0.074881,6
org_0lvsnujz,2025-08-28,analytics,27.818399999999997,383.0,0.0,0.0,0.0,0.0766,3
org_0lvsnujz,2025-08-28,database,13.786999999999999,254.0,0.0,6.1612,0.0,0.052031999999999995,3
org_0lvsnujz,2025-08-28,storage,2.3177000000000003,108.0,3.0881,23.397599999999997,0.0,0.026897,6
org_0lvsnujz,2025-08-29,analytics,235.7677,390.0,0.0,0.0,0.0,0.078,3
org_0lvsnujz,2025-08-29,database,8.3471,124.0,0.0,38.605199999999996,0.0,0.032521,6
org_0lvsnujz,2025-08-29,storage,3.6217,132.0,0.9154,46.987300000000005,0.0,0.03598,6
org_0lvsnujz,2025-08-30,database,5.9209,105.0,2.7734,11.6196,0.0,0.023879,3
org_0lvsnujz,2025-08-30,storage,6.857600000000001,350.0,1.901,2.7896,0.0,0.07093800000000001,6
org_0lvsnujz,2025-08-31,analytics,22.1789,252.0,0.143,49.482600000000005,0.0,0.060326000000000005,6
org_0lvsnujz,2025-08-31,database,14.4223,261.0,5.8306000000000004,15.3684,0.0,0.05644,6
org_0lvsnujz,2025-08-31,storage,8.6868,371.0,0.8723,9.9871,0.0,0.076371,6
org_0lzjjege,2025-07-03,compute,12.6064,120.0,0.0,25.509700000000002,0.0,0.0,3
org_0lzjjege,2025-07-03,networking,3.5227000000000004,327.0,0.0,0.0,0.0,0.0,3
org_0lzjjege,2025-07-03,storage,0.4907,0.0,0.0,21.143700000000003,0.0,0.0,3
org_0lzjjege,2025-07-04,compute,3.0319000000000003,0.0,1.8871,38.120400000000004,0.0,0.0,3
org_0lzjjege,2025-07-04,networking,1.363,119.0,6.2195,0.0,0.0,0.0,3
org_0lzjjege,2025-07-04,storage,6.7198,366.0,0.0,0.0,0.0,0.0,3
org_0lzjjege,2025-07-05,storage,3.1272,125.0,1.7336,42.9058,0.0,0.0,6
org_0lzjjege,2025-07-06,compute,14.9885,146.0,3.6399,0.0,0.0,0.0,3
org_0lzjjege,2025-07-06,storage,5.3948,121.0,4.3554,6.6009,0.0,0.0,6
org_0lzjjege,2025-07-07,networking,2.1889000000000003,235.0,0.4337,0.0,0.0,0.0,3
org_0lzjjege,2025-07-07,storage,4.9117999999999995,262.0,2.7196,0.0,0.0,0.0,3
org_0lzjjege,2025-07-08,compute,10.5206,104.0,0.0,20.9908,0.0,0.0,3
org_0lzjjege,2025-07-08,networking,1.8026,222.0,0.0,0.0,0.0,0.0,3
org_0lzjjege,2025-07-08,storage,6.4816,343.0,0.0,0.0,0.0,0.0,3
org_0lzjjege,2025-07-09,compute,27.071,263.0,0.6396,0.0,0.0,0.0,3
org_0lzjjege,2025-07-09,storage,4.7356,242.0,0.0,9.1517,0.0,0.0,3
org_0lzjjege,2025-07-10,networking,1.6165999999999998,124.0,0.0,16.9667,0.0,0.0,3
org_0lzjjege,2025-07-10,storage,0.16249999999999998,0.0,3.8163,3.9941,0.0,0.0,3
org_0lzjjege,2025-07-11,networking,2.0355,118.0,5.0137,0.0,0.0,0.0,3
org_0lzjjege,2025-07-11,storage,4.4313,229.0,2.3943,0.0,0.0,0.0,3
org_0lzjjege,2025-07-12,networking,4.1861999999999995,368.0,0.0,0.0,0.0,0.0,3
org_0lzjjege,2025-07-12,storage,2.4949999999999997,131.0,0.0,15.6117,0.0,0.0,3
org_0lzjjege,2025-07-13,storage,5.5679,227.0,6.9399999999999995,12.6858,0.0,0.0,6
org_0lzjjege,2025-07-14,compute,11.2898,134.0,0.0,23.583399999999997,0.0,0.0,3
org_0lzjjege,2025-07-14,networking,2.0813,231.0,3.2038,0.0,0.0,0.0,3
org_0lzjjege,2025-07-15,networking,2.6892,256.0,0.0,0.0,0.0,0.0,3
org_0lzjjege,2025-07-15,storage,0.5788,0.0,3.474,20.31,0.0,0.0,3
org_0lzjjege,2025-07-16,compute,1.8815,0.0,7.8877999999999995,18.7634,0.0,0.0,3
org_0lzjjege,2025-07-16,storage,2.5913,99.0,3.1661,13.5625,0.0,0.0,3
org_0lzjjege,2025-07-17,compute,2.8266999999999998,0.0,0.8264,36.0679,0.0,0.0,3
org_0lzjjege,2025-07-17,networking,2.3715,252.0,3.2706,0.0,0.0,0.0,3
org_0lzjjege,2025-07-17,storage,4.6617999999999995,214.0,0.0,0.0,0.0,0.0,3
org_0lzjjege,2025-07-18,networking,3.3031,359.0,0.0,0.0,0.0,0.0718,3
org_0lzjjege,2025-07-18,storage,9.504100000000001,487.0,4.214,0.0,0.0,0.098243,6
org_0lzjjege,2025-07-19,compute,30.8497,365.0,0.0,0.0,0.0,0.073,3
org_0lzjjege,2025-07-19,storage,4.460100000000001,240.0,3.2842,0.0,0.0,0.048657,3
org_0lzjjege,2025-07-20,compute,1.4401,0.0,1.3999,18.0638,0.0,0.0038929999999999998,3
org_0lzjjege,2025-07-20,storage,2.6021999999999994,140.0,7.6536,15.928,0.0,0.032715999999999995,6
org_0lzjjege,2025-07-21,networking,1.8105,223.0,0.7423,0.0,0.0,0.044748,3
org_0lzjjege,2025-07-21,storage,5.1776,244.0,0.0,1.9532,0.0,0.049191,3
org_0lzjjege,2025-07-22,compute,9.1589,103.0,2.2213,11.417,0.0,0.023327,3
org_0lzjjege,2025-07-22,networking,0.049,0.0,4.8435,0.0,0.0,9.69E-4,3
org_0lzjjege,2025-07-22,storage,6.6934000000000005,253.0,0.0,20.7361,0.0,0.054747000000000004,3
org_0lzjjege,2025-07-23,networking,2.3775999999999997,228.0,0.0,19.5906,0.0,0.049518,3
org_0lzjjege,2025-07-23,storage,0.1774,0.0,1.9217,6.7392,0.0,0.001732,3
org_0lzjjege,2025-07-24,compute,11.9205,129.0,2.5698,0.0,0.0,0.026314,3
org_0lzjjege,2025-07-24,networking,2.7218,239.0,0.4867,0.0,0.0,0.047896999999999995,3
org_0lzjjege,2025-07-24,storage,2.7297000000000002,112.0,5.002800000000001,5.3824000000000005,0.0,0.024476,6
org_0lzjjege,2025-07-25,compute,22.214199999999998,336.0,0.0,0.0,0.0,0.06720000000000001,3
org_0lzjjege,2025-07-25,storage,7.0322000000000005,362.0,0.0,0.0,0.0,0.07239999999999999,3
org_0lzjjege,2025-07-26,compute,8.7749,120.0,0.0,8.6738,0.0,0.025735,3
org_0lzjjege,2025-07-26,networking,0.42269999999999996,0.0,0.7603,40.5192,0.0,0.008256,3
org_0lzjjege,2025-07-26,storage,0.8464,0.0,3.2316,42.7748,0.0,0.009201,3
org_0lzjjege,2025-07-27,compute,10.6078,120.0,1.3614,0.0,0.0,0.024273000000000003,3
org_0lzjjege,2025-07-27,networking,1.0379999999999998,118.0,3.9997,0.0,0.0,0.0244,3
org_0lzjjege,2025-07-27,storage,3.4739999999999998,139.0,3.3343,29.766399999999997,0.0,0.03442,6
org_0lzjjege,2025-07-28,compute,13.028099999999998,114.0,0.0,38.6027,0.0,0.030521000000000003,3
org_0lzjjege,2025-07-28,networking,2.2668,214.0,0.0,16.6174,0.0,0.046123000000000004,3
org_0lzjjege,2025-07-28,storage,2.7939,118.0,2.9108,13.3662,0.0,0.026854999999999997,3
org_0lzjjege,2025-07-29,compute,13.0158,137.0,3.3923,11.0727,0.0,0.030293,3
org_0lzjjege,2025-07-29,networking,2.7897999999999996,106.0,0.0,26.3148,0.0,0.026463,3
org_0lzjjege,2025-07-30,networking,2.4177,244.0,0.0,1.4051,0.0,0.049081,3
org_0lzjjege,2025-07-30,storage,4.8532,247.0,0.0,0.0,0.0,0.0494,3
org_0lzjjege,2025-07-31,storage,2.3159,115.0,3.0176,8.5729,0.0,0.025319,3
org_0lzjjege,2025-08-01,compute,10.064,133.0,0.0,5.0764,0.0,0.027614999999999997,3
org_0lzjjege,2025-08-01,networking,1.436,126.0,0.0,6.367,0.0,0.026473,3
org_0lzjjege,2025-08-01,storage,8.0908,382.0,0.0,0.0,0.0,0.0764,3
org_0lzjjege,2025-08-02,compute,2.2096,0.0,0.4387,28.4454,0.0,0.005777,3
org_0lzjjege,2025-08-02,networking,2.4504,235.0,0.0,0.0,0.0,0.047,3
org_0lzjjege,2025-08-02,storage,2.0805,107.0,0.0667,0.0,0.0,0.021412999999999998,3
org_0lzjjege,2025-08-03,compute,16.605900000000002,231.0,1.8333,0.0,0.0,0.046567000000000004,3
org_0lzjjege,2025-08-03,networking,1.3147,142.0,5.1717,0.0,0.0,0.029434000000000002,3
org_0lzjjege,2025-08-03,storage,4.2677,219.0,5.5524000000000004,1.4605,0.0,0.045203,6
org_0lzjjege,2025-08-04,compute,1.4726000000000001,0.0,0.0,18.6464,0.0,0.003729,3
org_0lzjjege,2025-08-04,storage,7.997,230.0,1.2276,0.0,0.0,0.046245999999999995,6
org_0lzjjege,2025-08-05,compute,18.8219,241.0,0.0,15.5013,0.0,0.0513,3
org_0lzjjege,2025-08-05,networking,1.6038000000000001,143.0,0.0,13.0985,0.0,0.03122,3
org_0lzjjege,2025-08-05,storage,7.1949,368.0,0.0,0.0,0.0,0.0736,3
org_0lzjjege,2025-08-06,compute,11.6965,122.0,4.481999999999999,0.0,0.0,0.025296000000000003,3
org_0lzjjege,2025-08-06,networking,1.4136,121.0,2.4252,11.7949,0.0,0.027044,3
org_0lzjjege,2025-08-06,storage,4.694800000000001,222.0,0.0,0.0,0.0,0.044399999999999995,3
org_0lzjjege,2025-08-07,compute,11.6741,107.0,0.0,4.9349,0.0,0.022386999999999997,3
org_0lzjjege,2025-08-07,networking,1.9092,102.0,4.125,0.0,0.0,0.021225,3
org_0lzjjege,2025-08-07,storage,52.943099999999994,236.0,0.0,44.8072,0.0,0.05616200000000001,6
org_0lzjjege,2025-08-08,storage,10.0297,463.0,0.0,18.7994,0.0,0.09636,6
org_0lzjjege,2025-08-09,compute,0.5748,0.0,0.8771,5.5663,0.0,0.001288,3
org_0lzjjege,2025-08-09,storage,5.6381,249.0,1.4582,0.0,0.0,0.050092,3
org_0lzjjege,2025-08-10,networking,1.4165,116.0,0.0,33.4187,0.0,0.029883999999999997,3
org_0lzjjege,2025-08-10,storage,4.8286,235.0,2.3477,25.413899999999998,0.0,0.052552,6
org_0lzjjege,2025-08-12,compute,1.1865999999999999,0.0,0.3097,14.3022,0.0,0.002922,3
org_0lzjjege,2025-08-12,networking,2.6863,229.0,0.0,21.2955,0.0,0.050059,3
org_0lzjjege,2025-08-12,storage,7.7516,359.0,0.0,8.0769,0.0,0.07341500000000001,6
org_0lzjjege,2025-08-13,compute,26.4989,333.0,0.0,0.0,0.0,0.06659999999999999,3
org_0lzjjege,2025-08-13,networking,1.4201,140.0,0.0,22.0017,0.0,0.032401,3
org_0lzjjege,2025-08-14,networking,2.5933,121.0,0.0,11.5887,0.0,0.026518,3
org_0lzjjege,2025-08-14,storage,5.392,242.0,0.0,12.234,0.0,0.050846999999999996,3
org_0lzjjege,2025-08-15,compute,9.814400000000001,121.0,5.9791,0.0,0.0,0.025396,3
org_0lzjjege,2025-08-15,networking,2.3243,104.0,0.0,0.0,0.0,0.0208,3
org_0lzjjege,2025-08-15,storage,5.0291,225.0,2.0049,0.0,0.0,0.045401,3
org_0lzjjege,2025-08-16,compute,19.3631,246.0,1.3951,0.0,0.0,0.049479,3
org_0lzjjege,2025-08-16,networking,3.5504,369.0,0.0,0.0,0.0,0.07379999999999999,3
org_0lzjjege,2025-08-16,storage,5.483499999999999,263.0,1.6431,13.4787,0.0,0.055625,6
org_0lzjjege,2025-08-17,storage,6.9809,354.0,0.0,14.9367,0.0,0.07378799999999999,6
org_0lzjjege,2025-08-18,networking,2.3209,218.0,1.1017,0.0,0.0,0.04382,3
org_0lzjjege,2025-08-18,storage,0.4022,0.0,6.6383,11.5599,0.0,0.003639,3
org_0lzjjege,2025-08-19,networking,1.2637,115.0,0.0,7.9953,0.0,0.024599,3
org_0lzjjege,2025-08-19,storage,8.923200000000001,467.0,0.4466,1.4546,0.0,0.09377999999999999,6
org_0lzjjege,2025-08-20,compute,1.3044,0.0,4.8974,11.9194,0.0,0.0033629999999999997,3
org_0lzjjege,2025-08-20,storage,5.415500000000001,257.0,0.0,9.8933,0.0,0.053379,3
org_0lzjjege,2025-08-21,storage,4.0706,236.0,2.3155,0.0,0.0,0.047663,3
org_0lzjjege,2025-08-22,storage,2.1128000000000005,123.0,4.4668,0.0,0.0,0.025493,3
org_0lzjjege,2025-08-23,storage,0.4282,0.0,3.1695,26.764000000000003,0.0,0.005987,3
org_0lzjjege,2025-08-24,compute,3.1574,0.0,4.5781,37.5591,0.0,0.008428,3
org_0lzjjege,2025-08-24,networking,3.4955,269.0,3.4277,0.0,0.0,0.054486,3
org_0lzjjege,2025-08-24,storage,3.4069,103.0,0.8759,61.0735,0.0,0.032989000000000004,6
org_0lzjjege,2025-08-26,networking,3.2995,353.0,0.0,0.0,0.0,0.0706,3
org_0lzjjege,2025-08-26,storage,3.3458,240.0,0.0,0.0,0.0,0.048,3
org_0lzjjege,2025-08-27,compute,2.849,0.0,0.0,36.8148,0.0,0.007363,3
org_0lzjjege,2025-08-27,storage,0.5086999999999999,0.0,0.0,26.7059,0.0,0.005341,3
org_0lzjjege,2025-08-28,compute,13.1578,138.0,2.0808,1.7227,0.0,0.028361,3
org_0lzjjege,2025-08-28,storage,7.2834,356.0,0.3284,25.3725,0.0,0.076341,6
org_0lzjjege,2025-08-29,networking,1.7736999999999998,127.0,0.0,19.409,0.0,0.029282,3
org_0lzjjege,2025-08-29,storage,7.9204,334.0,0.0,0.0,0.0,0.0668,3
org_0lzjjege,2025-08-30,compute,17.4687,251.0,0.0,9.3601,0.0,0.05207199999999999,3
org_0lzjjege,2025-08-30,networking,0.1618,0.0,0.0,11.088500000000002,0.0,0.002218,3
org_0lzjjege,2025-08-30,storage,13.3102,643.0,2.842,0.0,0.0,0.129168,6
org_0lzjjege,2025-08-31,compute,21.927200000000003,248.0,3.3844,0.0,0.0,0.050277,3
org_0lzjjege,2025-08-31,networking,1.2041000000000002,106.0,0.0,12.889,0.0,0.023778,3
org_0lzjjege,2025-08-31,storage,3.3392999999999997,149.0,5.015000000000001,0.0,0.0,0.030803,3
org_1n13jcat,2025-07-03,compute,12.6074,116.0,0.0,19.1756,0.0,0.0,3
org_1n13jcat,2025-07-03,storage,7.407299999999999,372.0,0.0,0.0,0.0,0.0,3
org_1n13jcat,2025-07-04,compute,12.554200000000002,138.0,7.476999999999999,46.1811,0.0,0.0,9
org_1n13jcat,2025-07-04,database,4.8076,116.0,1.9526,4.0205,0.0,0.0,3
org_1n13jcat,2025-07-04,storage,0.5655,0.0,0.2621,29.819200000000002,0.0,0.0,3
org_1n13jcat,2025-07-05,compute,60.9665,710.0,0.0,27.2786,0.0,0.0,9
org_1n13jcat,2025-07-05,database,18.309,373.0,2.1681,8.7173,0.0,0.0,6
org_1n13jcat,2025-07-05,storage,5.4824,238.0,1.9928,0.0,0.0,0.0,3
org_1n13jcat,2025-07-06,database,28.5133,508.0,1.9594,11.2747,0.0,0.0,6
org_1n13jcat,2025-07-06,storage,7.4763,343.0,0.0,0.0,0.0,0.0,3
org_1n13jcat,2025-07-07,compute,30.369800000000005,220.0,0.0,29.015700000000002,0.0,0.0,6
org_1n13jcat,2025-07-07,database,13.132200000000001,221.0,5.4984,15.9087,0.0,0.0,6
org_1n13jcat,2025-07-07,storage,0.25129999999999997,0.0,2.0616,13.0538,0.0,0.0,3
org_1n13jcat,2025-07-08,compute,0.9638000000000001,0.0,3.6506999999999996,10.396,0.0,0.0,3
org_1n13jcat,2025-07-08,database,0.5622,0.0,4.3794,8.3692,0.0,0.0,3
org_1n13jcat,2025-07-09,compute,0.2471,0.0,0.0,2.6375,0.0,0.0,3
org_1n13jcat,2025-07-09,database,5.219,134.0,0.0,22.2975,0.0,0.0,3
org_1n13jcat,2025-07-09,storage,0.1731,0.0,8.7249,0.0,0.0,0.0,3
org_1n13jcat,2025-07-10,compute,11.4085,120.0,0.0,25.604,0.0,0.0,3
org_1n13jcat,2025-07-10,database,11.773,227.0,2.3249,0.0,0.0,0.0,3
org_1n13jcat,2025-07-11,compute,10.5295,131.0,0.5863,22.2564,0.0,0.0,3
org_1n13jcat,2025-07-11,database,6.7849,105.0,4.7222,21.0705,0.0,0.0,6
org_1n13jcat,2025-07-11,storage,0.5726,0.0,0.0,29.7569,0.0,0.0,3
org_1n13jcat,2025-07-12,compute,9.7695,118.0,0.0,21.2444,0.0,0.0,3
org_1n13jcat,2025-07-12,database,30.282899999999998,626.0,0.8066,11.2818,0.0,0.0,9
org_1n13jcat,2025-07-12,storage,3.3331999999999997,125.0,1.3196,0.0,0.0,0.0,2
org_1n13jcat,2025-07-13,compute,0.3118,0.0,2.5238,1.5439,0.0,0.0,2
org_1n13jcat,2025-07-13,database,4.1349,98.0,5.1911000000000005,0.0,0.0,0.0,3
org_1n13jcat,2025-07-14,compute,8.9923,0.0,0.0,15.4064,0.0,0.0,3
org_1n13jcat,2025-07-14,database,39.38249999999999,774.0,1.8401,3.3839,0.0,0.0,9
org_1n13jcat,2025-07-15,compute,3.1731,0.0,0.0,45.275,0.0,0.0,3
org_1n13jcat,2025-07-15,database,12.7616,234.0,0.0,11.3312,0.0,0.0,3
org_1n13jcat,2025-07-15,storage,2.0597999999999996,115.0,1.8259,0.0,0.0,0.0,3
org_1n13jcat,2025-07-16,compute,19.8941,229.0,0.0,12.5966,0.0,0.0,3
org_1n13jcat,2025-07-16,database,25.7231,499.0,3.5707,22.5872,0.0,0.0,6
org_1n13jcat,2025-07-17,compute,54.67620000000001,647.0,2.213,5.1774000000000004,0.0,0.0,9
org_1n13jcat,2025-07-17,database,24.007399999999997,497.0,2.2112,0.0,0.0,0.0,6
org_1n13jcat,2025-07-18,compute,43.053799999999995,497.0,5.9796000000000005,32.837199999999996,0.0,0.107163,9
org_1n13jcat,2025-07-18,database,44.967800000000004,835.0,1.8162,9.25,0.0,0.169213,9
org_1n13jcat,2025-07-18,storage,2.5622000000000003,106.0,1.1915,13.3134,0.0,0.024101,3
org_1n13jcat,2025-07-19,compute,39.3887,476.0,1.7733,0.0,0.0,0.095555,6
org_1n13jcat,2025-07-19,database,10.8024,231.0,0.0,27.1146,0.0,0.051622999999999995,6
org_1n13jcat,2025-07-20,database,14.8169,131.0,2.5892000000000004,15.993599999999999,0.0,0.029916,6
org_1n13jcat,2025-07-21,compute,22.2777,247.0,6.0876,16.2383,0.0,0.053866,6
org_1n13jcat,2025-07-21,database,21.1652,349.0,4.9681,45.3778,0.0,0.079869,9
org_1n13jcat,2025-07-21,storage,5.116300000000001,237.0,0.0,0.8743,0.0,0.047575,3
org_1n13jcat,2025-07-22,compute,20.599,234.0,2.7087,36.6885,0.0,0.054680000000000006,6
org_1n13jcat,2025-07-22,database,19.011699999999998,393.0,1.8252,32.6426,0.0,0.085494,6
org_1n13jcat,2025-07-22,storage,2.5262,134.0,2.932,0.0,0.0,0.027387,3
org_1n13jcat,2025-07-23,compute,43.13549999999999,499.0,0.2987,67.74300000000001,0.0,0.113409,9
org_1n13jcat,2025-07-23,database,13.546700000000001,126.0,0.0,50.1308,0.0,0.035227,6
org_1n13jcat,2025-07-24,compute,39.244,464.0,2.0268,42.5024,0.0,0.10170599999999999,9
org_1n13jcat,2025-07-24,database,12.06,210.0,2.5033,18.1025,0.0,0.046120999999999995,5
org_1n13jcat,2025-07-24,storage,4.8101,273.0,1.4388,0.0,0.0,0.054888,3
org_1n13jcat,2025-07-25,compute,30.3264,343.0,0.5087,10.6978,0.0,0.070841,6
org_1n13jcat,2025-07-25,database,16.0929,267.0,6.2382,25.4204,0.0,0.059731,6
org_1n13jcat,2025-07-25,storage,0.2181,0.0,2.5359,7.848,0.0,0.002077,3
org_1n13jcat,2025-07-26,database,20.248,369.0,1.968,16.3504,0.0,0.077464,6
org_1n13jcat,2025-07-26,storage,4.8011,244.0,1.42,0.0,0.0,0.049084,3
org_1n13jcat,2025-07-27,compute,34.3009,364.0,2.6356,32.3253,0.0,0.079792,6
org_1n13jcat,2025-07-27,storage,4.3161000000000005,241.0,0.609,0.0,0.0,0.048322000000000004,3
org_1n13jcat,2025-07-28,compute,13.266399999999999,105.0,0.0,17.8163,0.0,0.024563,3
org_1n13jcat,2025-07-28,database,14.9028,339.0,0.0,0.0,0.0,0.0678,3
org_1n13jcat,2025-07-29,compute,41.2104,451.0,0.4377,51.3824,0.0,0.10056599999999999,9
org_1n13jcat,2025-07-29,database,14.0776,236.0,0.0,55.95870000000001,0.0,0.058392,6
org_1n13jcat,2025-07-29,storage,2.5955,125.0,5.0756,0.0,0.0,0.026015,3
org_1n13jcat,2025-07-30,compute,21.875200000000003,240.0,4.9216,0.0,0.0,0.048984,3
org_1n13jcat,2025-07-30,database,23.4769,438.0,7.3252,13.3637,0.0,0.091738,9
org_1n13jcat,2025-07-31,compute,20.512900000000002,115.0,3.5839999999999996,28.4557,0.0,0.029407000000000003,9
org_1n13jcat,2025-07-31,database,12.6816,222.0,1.5503,37.391,0.0,0.052188,6
org_1n13jcat,2025-07-31,storage,0.5408,0.0,0.0,27.014,0.0,0.005403,3
org_1n13jcat,2025-08-01,compute,26.6892,358.0,4.2507,10.8331,0.0,0.074617,6
org_1n13jcat,2025-08-01,database,22.6881,343.0,4.0729,11.0126,0.0,0.071618,6
org_1n13jcat,2025-08-01,storage,2.4448,128.0,2.3561,0.0,0.0,0.026071,3
org_1n13jcat,2025-08-02,database,12.3273,226.0,5.0819,14.116399999999999,0.0,0.049039,6
org_1n13jcat,2025-08-02,storage,4.571899999999999,244.0,4.4099,0.0,0.0,0.049682000000000004,3
org_1n13jcat,2025-08-03,compute,9.5646,129.0,10.2543,2.4662,0.0,0.028344,6
org_1n13jcat,2025-08-03,database,26.2208,470.0,5.2683,17.1029,0.0,0.09847400000000002,9
org_1n13jcat,2025-08-04,compute,8.522,127.0,0.0,5.4931,0.0,0.026498999999999998,3
org_1n13jcat,2025-08-04,database,17.1862,250.0,1.7503,29.431599999999996,0.0,0.056236,6
org_1n13jcat,2025-08-05,compute,1.7288999999999999,0.0,0.0,26.3841,0.0,0.0052770000000000004,2
org_1n13jcat,2025-08-05,database,32.8669,590.0,0.0,51.1999,0.0,0.12824,9
org_1n13jcat,2025-08-06,compute,51.894600000000004,605.0,4.9252,24.9643,0.0,0.126978,9
org_1n13jcat,2025-08-06,database,1.7011,0.0,2.6384,28.7188,0.0,0.006271,3
org_1n13jcat,2025-08-06,storage,0.2399,0.0,0.0,11.5898,0.0,0.002318,3
org_1n13jcat,2025-08-07,compute,7.7905999999999995,106.0,7.0463000000000005,8.0516,0.0,0.024220000000000002,6
org_1n13jcat,2025-08-07,database,10.2563,235.0,6.3494,23.986400000000003,0.0,0.053069,9
org_1n13jcat,2025-08-07,storage,3.0069000000000004,141.0,4.0682,0.0,0.0,0.029013999999999998,3
org_1n13jcat,2025-08-08,compute,36.7382,483.0,0.0,18.0054,0.0,0.100201,6
org_1n13jcat,2025-08-08,database,12.618,232.0,3.4208,0.0,0.0,0.047083999999999994,3
org_1n13jcat,2025-08-08,storage,0.1071,0.0,5.689399999999999,0.0,0.0,0.001139,3
org_1n13jcat,2025-08-09,compute,18.3445,224.0,5.904,18.8197,0.0,0.049745,6
org_1n13jcat,2025-08-09,database,6.3104,134.0,1.1897,0.0,0.0,0.027038,3
org_1n13jcat,2025-08-09,storage,5.389100000000001,251.0,0.376,0.0,0.0,0.050275,3
org_1n13jcat,2025-08-10,database,12.404700000000002,223.0,7.0100999999999996,0.0,0.0,0.046003,6
org_1n13jcat,2025-08-10,storage,2.4045,119.0,2.0153,7.4195,0.0,0.025687,3
org_1n13jcat,2025-08-11,compute,37.9562,478.0,5.3833,25.392400000000002,0.0,0.101756,9
org_1n13jcat,2025-08-11,database,10.7141,221.0,0.0,7.2477,0.0,0.045649999999999996,3
org_1n13jcat,2025-08-11,storage,3.1003000000000003,122.0,1.1743,5.508,0.0,0.025737,3
org_1n13jcat,2025-08-12,compute,27.8601,357.0,3.2784999999999997,6.7848,0.0,0.073412,6
org_1n13jcat,2025-08-12,database,12.784099999999999,240.0,0.0,7.8967,0.0,0.049579,3
org_1n13jcat,2025-08-12,storage,7.0417000000000005,355.0,0.0,0.0,0.0,0.07100000000000001,3
org_1n13jcat,2025-08-13,compute,21.34,258.0,2.5819,7.4668,0.0,0.05361,6
org_1n13jcat,2025-08-13,database,19.1838,351.0,8.166,19.8988,0.0,0.075813,9
org_1n13jcat,2025-08-14,compute,49.3689,620.0,5.1762,41.9245,0.0,0.13342,9
org_1n13jcat,2025-08-14,database,6.9526,113.0,1.9365,25.8735,0.0,0.028162,6
org_1n13jcat,2025-08-14,storage,4.917199999999999,241.0,0.0,16.3937,0.0,0.051479000000000004,3
org_1n13jcat,2025-08-15,compute,18.6109,254.0,2.3557,0.0,0.0,0.051271,3
org_1n13jcat,2025-08-15,database,19.1425,350.0,6.0525,0.0,0.0,0.071211,6
org_1n13jcat,2025-08-16,compute,20.4087,207.0,0.0665,27.2541,0.0,0.046864,6
org_1n13jcat,2025-08-16,database,8.047600000000001,114.0,5.3346,30.7841,0.0,0.030024000000000002,5
org_1n13jcat,2025-08-16,storage,4.3111,246.0,2.118,0.0,0.0,0.049624,3
org_1n13jcat,2025-08-17,compute,33.3292,380.0,4.5269,30.6039,0.0,0.083026,6
org_1n13jcat,2025-08-17,database,16.1545,334.0,1.9214,0.9201,0.0,0.06736899999999998,6
org_1n13jcat,2025-08-18,compute,10.3728,131.0,6.9578,18.9305,0.0,0.031377,6
org_1n13jcat,2025-08-18,database,23.4806,471.0,0.0,33.4929,0.0,0.100898,6
org_1n13jcat,2025-08-18,storage,2.3787000000000003,117.0,7.0564,0.0,0.0,0.024811,3
org_1n13jcat,2025-08-19,compute,44.4815,369.0,2.8907,0.0,0.0,0.074378,8
org_1n13jcat,2025-08-19,storage,1.9292,132.0,0.7452,0.0,0.0,0.026549,3
org_1n13jcat,2025-08-20,compute,35.8935,439.0,0.0,16.5798,0.0,0.091116,6
org_1n13jcat,2025-08-21,compute,28.988599999999998,360.0,1.6913,15.3409,0.0,0.075406,6
org_1n13jcat,2025-08-21,database,22.03,389.0,9.279800000000002,1.4564,0.0,0.07994799999999999,9
org_1n13jcat,2025-08-22,compute,43.060399999999994,487.0,2.8674,30.695700000000002,0.0,0.10411200000000001,9
org_1n13jcat,2025-08-22,database,11.9647,243.0,0.7632,0.0,0.0,0.048753000000000005,3
org_1n13jcat,2025-08-23,compute,21.346,227.0,11.0055,24.634700000000002,0.0,0.052527,9
org_1n13jcat,2025-08-23,database,17.1616,353.0,2.9821999999999997,0.0,0.0,0.07119600000000001,6
org_1n13jcat,2025-08-24,compute,25.2428,239.0,3.9606,66.56410000000001,0.0,0.061904,9
org_1n13jcat,2025-08-24,database,17.8389,365.0,3.9402,8.4526,0.0,0.075479,6
org_1n13jcat,2025-08-25,compute,8.789499999999999,102.0,0.0,28.033900000000003,0.0,0.026007000000000002,3
org_1n13jcat,2025-08-25,database,9.7194,126.0,2.2374,34.056,0.0,0.032458,6
org_1n13jcat,2025-08-26,compute,39.2145,483.0,0.0,27.0678,0.0,0.10201299999999999,6
org_1n13jcat,2025-08-26,database,13.895399999999999,248.0,5.8032,31.1189,0.0,0.05698500000000001,6
org_1n13jcat,2025-08-26,storage,5.252,229.0,2.1511,0.0,0.0,0.04623,3
org_1n13jcat,2025-08-27,compute,21.023600000000002,270.0,0.0,16.2563,0.0,0.057250999999999996,3
org_1n13jcat,2025-08-27,database,11.999400000000001,138.0,4.4291,51.1269,0.0,0.038710999999999995,9
org_1n13jcat,2025-08-28,compute,8.7744,108.0,0.0,1.8699,0.0,0.021974,3
org_1n13jcat,2025-08-28,database,26.8375,504.0,0.0,35.6154,0.0,0.10792299999999999,6
org_1n13jcat,2025-08-28,storage,0.16310000000000002,0.0,6.9173,0.0,0.0,0.0013830000000000001,2
org_1n13jcat,2025-08-29,compute,9.1472,0.0,3.488,11.6039,0.0,0.003019,6
org_1n13jcat,2025-08-29,database,45.24579999999999,867.0,0.0,0.1524,0.0,0.17342999999999997,9
org_1n13jcat,2025-08-29,storage,0.2007,0.0,2.9316,6.7864,0.0,0.0019429999999999998,3
org_1n13jcat,2025-08-30,compute,18.490099999999998,246.0,1.8286,0.0,0.0,0.049566,3
org_1n13jcat,2025-08-30,database,20.477800000000002,358.0,2.486,29.440800000000003,0.0,0.077985,9
org_1n13jcat,2025-08-30,storage,4.6732,226.0,0.0,0.0,0.0,0.045200000000000004,3
org_1n13jcat,2025-08-31,compute,41.760999999999996,480.0,2.5678,18.7278,0.0,0.10026,6
org_1n13jcat,2025-08-31,database,16.0432,351.0,4.2719000000000005,29.5004,0.0,0.076955,9
org_1swjckjl,2025-07-03,compute,28.0672,332.0,0.0,0.0,0.0,0.0,3
org_1swjckjl,2025-07-03,database,27.097,467.0,7.1702,35.5894,0.0,0.0,12
org_1swjckjl,2025-07-04,compute,29.4679,361.0,0.0,18.4635,0.0,0.0,6
org_1swjckjl,2025-07-04,database,32.9606,618.0,3.634,56.6819,0.0,0.0,12
org_1swjckjl,2025-07-05,compute,9.745099999999999,0.0,2.6451,0.0,0.0,0.0,3
org_1swjckjl,2025-07-05,database,49.50150000000001,972.0,14.562399999999998,5.5023,0.0,0.0,15
org_1swjckjl,2025-07-06,compute,11.7402,131.0,0.0,10.0159,0.0,0.0,3
org_1swjckjl,2025-07-06,database,28.9143,611.0,1.3918,0.0,0.0,0.0,6
org_1swjckjl,2025-07-07,compute,11.3863,128.0,0.0,17.0129,0.0,0.0,3
org_1swjckjl,2025-07-07,database,24.663300000000003,514.0,3.866,23.4039,0.0,0.0,9
org_1swjckjl,2025-07-08,compute,17.1113,214.0,1.6921,6.5899,0.0,0.0,6
org_1swjckjl,2025-07-08,database,11.028799999999999,228.0,11.579,5.6608,0.0,0.0,9
org_1swjckjl,2025-07-09,compute,28.687099999999997,377.0,0.0,0.0,0.0,0.0,3
org_1swjckjl,2025-07-09,database,24.0903,472.0,1.4935,19.2705,0.0,0.0,9
org_1swjckjl,2025-07-10,compute,1.1554,0.0,5.3849,8.2684,0.0,0.0,3
org_1swjckjl,2025-07-10,database,43.179,840.0,0.0,48.7667,0.0,0.0,9
org_1swjckjl,2025-07-11,compute,18.9316,243.0,2.4918,0.0,0.0,0.0,3
org_1swjckjl,2025-07-11,database,14.935299999999998,250.0,8.9658,41.8478,0.0,0.0,9
org_1swjckjl,2025-07-12,compute,11.7667,133.0,0.0,2.451,0.0,0.0,3
org_1swjckjl,2025-07-12,database,29.5268,483.0,0.0926,0.0,0.0,0.0,6
org_1swjckjl,2025-07-13,compute,31.0594,367.0,3.086,10.432,0.0,0.0,6
org_1swjckjl,2025-07-13,database,25.6081,340.0,7.2921000000000005,14.365300000000001,0.0,0.0,9
org_1swjckjl,2025-07-14,compute,21.1002,250.0,2.2472,0.0,0.0,0.0,3
org_1swjckjl,2025-07-14,database,16.9031,340.0,2.0629,9.7223,0.0,0.0,6
org_1swjckjl,2025-07-15,compute,8.568200000000001,118.0,2.2835,22.1652,0.0,0.0,3
org_1swjckjl,2025-07-15,database,37.319900000000004,692.0,0.0,33.1525,0.0,0.0,9
org_1swjckjl,2025-07-16,compute,17.5815,247.0,2.7563,0.0,0.0,0.0,3
org_1swjckjl,2025-07-16,database,19.863,373.0,0.0,40.5994,0.0,0.0,6
org_1swjckjl,2025-07-17,compute,33.5482,363.0,0.0,0.0,0.0,0.0,3
org_1swjckjl,2025-07-17,database,25.457399999999996,472.0,4.5635,40.4821,0.0,0.0,12
org_1swjckjl,2025-07-18,compute,11.407200000000001,132.0,1.9934,0.0,0.0,0.026799,3
org_1swjckjl,2025-07-18,database,38.1499,758.0,0.0,39.2281,0.0,0.15944599999999998,9
org_1swjckjl,2025-07-19,database,41.2563,887.0,1.593,0.0,0.0,0.17771900000000002,9
org_1swjckjl,2025-07-20,compute,20.9718,255.0,2.3301,0.0,0.0,0.051466,3
org_1swjckjl,2025-07-20,database,37.841,606.0,0.0,24.3934,0.0,0.126079,9
org_1swjckjl,2025-07-21,compute,8.8207,118.0,1.904,0.0,0.0,0.023981,3
org_1swjckjl,2025-07-21,database,53.6895,1004.0,0.7571,2.8382,0.0,0.201519,12
org_1swjckjl,2025-07-22,compute,1.5207,0.0,1.914,17.6093,0.0,0.003905,3
org_1swjckjl,2025-07-22,database,14.1511,257.0,7.392199999999999,0.0,0.0,0.052878,6
org_1swjckjl,2025-07-23,compute,1.3462,0.0,3.2336,12.24,0.0,0.003095,3
org_1swjckjl,2025-07-23,database,18.6598,222.0,1.8862999999999999,10.0001,0.0,0.046777,6
org_1swjckjl,2025-07-24,compute,6.1401,98.0,0.0,0.0,0.0,0.0196,3
org_1swjckjl,2025-07-24,database,29.224999999999998,570.0,0.0,0.0,0.0,0.114,6
org_1swjckjl,2025-07-25,compute,18.125300000000003,258.0,2.3254,0.0,0.0,0.052065,3
org_1swjckjl,2025-07-25,database,59.7611,981.0,1.4132,39.1613,0.0,0.204314,15
org_1swjckjl,2025-07-26,compute,0.382,0.0,1.8076,3.1149,0.0,9.85E-4,3
org_1swjckjl,2025-07-26,database,5.759399999999999,110.0,5.7639,0.0,0.0,0.023153,3
org_1swjckjl,2025-07-27,compute,0.1463,0.0,2.4863,0.0,0.0,4.97E-4,3
org_1swjckjl,2025-07-27,database,24.0166,470.0,8.6501,5.9458,0.0,0.096919,8
org_1swjckjl,2025-07-28,compute,9.193399999999999,109.0,0.0,10.0978,0.0,0.02382,3
org_1swjckjl,2025-07-28,database,33.18130000000001,672.0,0.0839,2.8895,0.0,0.134995,9
org_1swjckjl,2025-07-29,compute,21.2206,232.0,9.2074,12.6895,0.0,0.050780000000000006,6
org_1swjckjl,2025-07-29,database,17.8331,357.0,6.1157,13.8279,0.0,0.075388,6
org_1swjckjl,2025-07-30,compute,11.062,119.0,3.4313,0.0,0.0,0.024486,3
org_1swjckjl,2025-07-30,database,1.7996,0.0,1.5028,36.2933,0.0,0.007559,3
org_1swjckjl,2025-07-31,compute,17.619600000000002,223.0,4.821,28.700400000000002,0.0,0.051303999999999995,6
org_1swjckjl,2025-07-31,database,30.624499999999998,616.0,0.9521,34.2665,0.0,0.130244,9
org_1swjckjl,2025-08-01,compute,17.7663,237.0,0.0,0.806,0.0,0.047561,3
org_1swjckjl,2025-08-01,database,23.491400000000002,493.0,2.9634,6.992,0.0,0.10059099999999999,6
org_1swjckjl,2025-08-02,compute,20.699399999999997,258.0,0.0,0.0,0.0,0.0516,3
org_1swjckjl,2025-08-02,database,36.1834,485.0,7.4327000000000005,61.12329999999999,0.0,0.11071,15
org_1swjckjl,2025-08-03,database,22.1062,377.0,5.9651000000000005,69.04169999999999,0.0,0.090401,15
org_1swjckjl,2025-08-04,compute,7.065799999999999,107.0,1.4916,0.0,0.0,0.021698,3
org_1swjckjl,2025-08-04,database,48.9176,987.0,4.806,33.1715,0.0,0.20499599999999998,12
org_1swjckjl,2025-08-05,compute,28.6695,358.0,0.0,32.5132,0.0,0.07810199999999999,6
org_1swjckjl,2025-08-05,database,25.897,516.0,7.5516000000000005,32.551700000000004,0.0,0.11122100000000001,12
org_1swjckjl,2025-08-06,compute,9.9604,116.0,1.6423,28.819200000000002,0.0,0.029292,6
org_1swjckjl,2025-08-06,database,24.711399999999998,509.0,2.0667999999999997,36.4515,0.0,0.10950499999999999,9
org_1swjckjl,2025-08-07,compute,1.7806,0.0,3.8121,18.9618,0.0,0.004554,3
org_1swjckjl,2025-08-07,database,28.0003,504.0,3.5489,95.1357,0.0,0.120537,14
org_1swjckjl,2025-08-08,compute,3.3969,0.0,0.0,40.9537,0.0,0.008191,3
org_1swjckjl,2025-08-08,database,10.679199999999998,225.0,1.8936000000000002,9.3772,0.0,0.047254000000000004,6
org_1swjckjl,2025-08-09,database,7.8587,108.0,5.5626,52.5027,0.0,0.033212000000000005,9
org_1swjckjl,2025-08-10,compute,34.5289,353.0,0.0,26.6839,0.0,0.075937,6
org_1swjckjl,2025-08-10,database,13.0624,235.0,0.0,14.8979,0.0,0.04998,3
org_1swjckjl,2025-08-11,compute,10.6518,116.0,11.8585,0.0,0.0,0.025570999999999997,6
org_1swjckjl,2025-08-11,database,38.7477,723.0,1.4933,63.25079999999999,0.0,0.15755000000000002,12
org_1swjckjl,2025-08-12,compute,26.6532,348.0,1.2405,27.668400000000002,0.0,0.075382,6
org_1swjckjl,2025-08-12,database,18.2462,368.0,2.334,21.0989,0.0,0.078287,6
org_1swjckjl,2025-08-13,compute,40.082300000000004,457.0,0.0,12.0867,0.0,0.093817,6
org_1swjckjl,2025-08-13,database,18.756,361.0,2.3904,0.0,0.0,0.072678,6
org_1swjckjl,2025-08-14,compute,10.625,104.0,0.0,7.274,0.0,0.022255,3
org_1swjckjl,2025-08-14,database,18.168900000000004,360.0,0.0,16.7957,0.0,0.075359,6
org_1swjckjl,2025-08-15,compute,13.526599999999998,141.0,2.5176,9.8365,0.0,0.030671,3
org_1swjckjl,2025-08-15,database,22.369699999999998,445.0,4.3516,2.2138,0.0,0.090313,6
org_1swjckjl,2025-08-16,database,20.1085,249.0,1.3835,41.6827,0.0,0.058414,6
org_1swjckjl,2025-08-17,compute,18.8181,247.0,2.0099,0.0,0.0,0.049802,3
org_1swjckjl,2025-08-17,database,32.6823,561.0,0.8568,7.3099,0.0,0.11383300000000002,9
org_1swjckjl,2025-08-18,compute,22.3504,240.0,0.0,28.0768,0.0,0.053615,3
org_1swjckjl,2025-08-18,database,14.7974,239.0,5.4773,28.703000000000003,0.0,0.05463699999999999,6
org_1swjckjl,2025-08-19,compute,18.5411,244.0,0.0,24.081,0.0,0.053616,3
org_1swjckjl,2025-08-19,database,32.9655,661.0,11.4989,38.399100000000004,0.0,0.14218,12
org_1swjckjl,2025-08-20,compute,13.4521,131.0,0.0,40.115700000000004,0.0,0.034223,3
org_1swjckjl,2025-08-20,database,37.8148,720.0,9.6479,1.3223,0.0,0.14619300000000002,12
org_1swjckjl,2025-08-21,database,43.3453,737.0,0.7956,54.3917,0.0,0.15843799999999997,12
org_1swjckjl,2025-08-22,compute,32.1828,369.0,0.0,21.8199,0.0,0.07816400000000001,6
org_1swjckjl,2025-08-22,database,23.663000000000004,484.0,0.0,20.0947,0.0,0.100819,6
org_1swjckjl,2025-08-23,compute,18.1381,212.0,3.2236,20.646700000000003,0.0,0.047174999999999995,6
org_1swjckjl,2025-08-23,database,13.976499999999998,370.0,11.575,27.8637,0.0,0.081888,9
org_1swjckjl,2025-08-24,compute,32.90860000000001,393.0,5.6091999999999995,4.2891,0.0,0.08058000000000001,6
org_1swjckjl,2025-08-24,database,31.537000000000003,590.0,2.0927000000000002,11.4519,0.0,0.12071,11
org_1swjckjl,2025-08-25,database,5.763199999999999,115.0,2.0768,6.1413,0.0,0.024642999999999998,3
org_1swjckjl,2025-08-26,compute,33.9744,356.0,0.5714,22.9912,0.0,0.07591200000000001,6
org_1swjckjl,2025-08-26,database,27.831499999999995,497.0,4.686999999999999,33.5086,0.0,0.10704,9
org_1swjckjl,2025-08-27,database,24.311,469.0,9.33,41.7384,0.0,0.104013,9
org_1swjckjl,2025-08-28,compute,18.178600000000003,234.0,0.0,19.5982,0.0,0.05072,3
org_1swjckjl,2025-08-28,database,1.1602000000000001,0.0,0.0,22.4,0.0,0.00448,3
org_1swjckjl,2025-08-29,compute,38.456399999999995,347.0,1.6195,10.2967,0.0,0.071783,6
org_1swjckjl,2025-08-29,database,46.3501,814.0,2.0187,42.7088,0.0,0.171746,12
org_1swjckjl,2025-08-30,database,21.910600000000002,469.0,0.2021,17.6602,0.0,0.09737199999999999,6
org_1swjckjl,2025-08-31,compute,9.0029,108.0,0.0,29.4546,0.0,0.027491,3
org_1swjckjl,2025-08-31,database,25.8508,487.0,9.765600000000001,7.6342,0.0,0.100881,9
org_1t2tala7,2025-07-03,compute,22.4469,237.0,5.3207,2.4886,0.0,0.0,6
org_1t2tala7,2025-07-03,database,6.9681999999999995,115.0,0.0,19.500600000000002,0.0,0.0,3
org_1t2tala7,2025-07-04,compute,10.430900000000001,107.0,1.8975,5.5799,0.0,0.0,3
org_1t2tala7,2025-07-05,analytics,16.1616,226.0,2.2425,0.0,0.0,0.0,3
org_1t2tala7,2025-07-05,compute,23.973300000000002,359.0,0.0,0.0,0.0,0.0,3
org_1t2tala7,2025-07-06,analytics,18.3656,239.0,0.0,5.0317,0.0,0.0,3
org_1t2tala7,2025-07-06,compute,22.857799999999997,249.0,6.2044,0.0,0.0,0.0,6
org_1t2tala7,2025-07-07,compute,12.4195,134.0,1.7458,4.2534,0.0,0.0,3
org_1t2tala7,2025-07-07,database,10.742899999999999,254.0,3.4494,0.0,0.0,0.0,3
org_1t2tala7,2025-07-08,compute,48.7206,446.0,3.7471,21.6189,0.0,0.0,9
org_1t2tala7,2025-07-08,database,19.8716,366.0,0.0,0.0,0.0,0.0,3
org_1t2tala7,2025-07-09,analytics,188.95359999999997,249.0,1.4249,0.0,0.0,0.0,3
org_1t2tala7,2025-07-09,compute,19.5489,233.0,0.0,0.4698,0.0,0.0,3
org_1t2tala7,2025-07-09,database,14.301300000000001,235.0,0.0,7.0331,0.0,0.0,3
org_1t2tala7,2025-07-10,compute,9.837,116.0,0.0,11.3401,0.0,0.0,3
org_1t2tala7,2025-07-11,analytics,1.7829000000000002,0.0,5.2171,17.2761,0.0,0.0,3
org_1t2tala7,2025-07-11,compute,16.6661,140.0,5.4559,24.045,0.0,0.0,6
org_1t2tala7,2025-07-11,database,5.9899,117.0,1.2213,13.5106,0.0,0.0,3
org_1t2tala7,2025-07-12,analytics,11.2534,123.0,2.265,0.0,0.0,0.0,3
org_1t2tala7,2025-07-12,compute,43.74080000000001,525.0,0.0,12.8309,0.0,0.0,6
org_1t2tala7,2025-07-12,database,6.0761,146.0,4.4257,0.0,0.0,0.0,3
org_1t2tala7,2025-07-13,analytics,11.4014,136.0,0.0,21.2994,0.0,0.0,3
org_1t2tala7,2025-07-13,compute,53.140699999999995,605.0,0.0,4.7622,0.0,0.0,6
org_1t2tala7,2025-07-13,database,5.945,117.0,0.9649,8.5153,0.0,0.0,3
org_1t2tala7,2025-07-14,analytics,18.872799999999998,239.0,0.0,19.6332,0.0,0.0,3
org_1t2tala7,2025-07-14,compute,37.013400000000004,460.0,1.58,29.3482,0.0,0.0,9
org_1t2tala7,2025-07-14,database,16.6607,359.0,0.0,0.0,0.0,0.0,3
org_1t2tala7,2025-07-15,analytics,1.7105000000000001,0.0,1.7479,30.1518,0.0,0.0,3
org_1t2tala7,2025-07-15,compute,45.2601,584.0,0.0,3.332,0.0,0.0,6
org_1t2tala7,2025-07-15,database,19.046,379.0,0.0,0.0,0.0,0.0,3
org_1t2tala7,2025-07-16,compute,11.3504,125.0,3.621,10.7745,0.0,0.0,3
org_1t2tala7,2025-07-17,compute,29.816899999999997,330.0,0.8377,24.4745,0.0,0.0,6
org_1t2tala7,2025-07-17,database,12.1909,258.0,0.0,4.9868,0.0,0.0,3
org_1t2tala7,2025-07-18,analytics,8.4664,129.0,1.0986,6.8304,0.0,0.027386,3
org_1t2tala7,2025-07-18,compute,27.195,338.0,4.0687,17.9648,0.0,0.07200699999999999,6
org_1t2tala7,2025-07-19,analytics,0.8675999999999999,0.0,1.0381,12.1471,0.0,0.0026360000000000003,3
org_1t2tala7,2025-07-19,compute,33.0209,377.0,0.591,12.238199999999999,0.0,0.077965,6
org_1t2tala7,2025-07-19,database,6.1469,121.0,4.0909,0.0,0.0,0.025018,3
org_1t2tala7,2025-07-20,analytics,1.7843,0.0,5.8907,14.5648,0.0,0.004091,3
org_1t2tala7,2025-07-20,compute,10.283299999999999,102.0,4.4535,43.9514,0.0,0.030082,6
org_1t2tala7,2025-07-20,database,12.094,245.0,2.6197,0.0,0.0,0.049524,3
org_1t2tala7,2025-07-21,analytics,8.3228,128.0,0.363,6.3061,0.0,0.026934,3
org_1t2tala7,2025-07-21,compute,42.148900000000005,518.0,0.9768,6.4632,0.0,0.105088,6
org_1t2tala7,2025-07-21,database,11.0676,253.0,0.0,8.1173,0.0,0.052223,3
org_1t2tala7,2025-07-22,analytics,6.7363,101.0,3.4204,0.0,0.0,0.020884,3
org_1t2tala7,2025-07-22,compute,10.6568,130.0,0.0,17.1659,0.0,0.029433,3
org_1t2tala7,2025-07-22,database,6.843500000000001,132.0,0.0,3.3416,0.0,0.027068,3
org_1t2tala7,2025-07-23,compute,57.6805,708.0,0.0,45.4921,0.0,0.150698,9
org_1t2tala7,2025-07-24,analytics,11.3114,121.0,3.3552,26.8655,0.0,0.030244,3
org_1t2tala7,2025-07-24,compute,34.0623,392.0,0.0,0.0,0.0,0.0784,6
org_1t2tala7,2025-07-24,database,1.1461000000000001,0.0,0.8563,23.5295,0.0,0.004877,3
org_1t2tala7,2025-07-25,analytics,17.786299999999997,239.0,0.0,0.0,0.0,0.047799999999999995,3
org_1t2tala7,2025-07-25,compute,11.264000000000001,119.0,5.1912,25.5471,0.0,0.029947,6
org_1t2tala7,2025-07-26,analytics,13.4011,232.0,0.0457,0.0,0.0,0.046409,3
org_1t2tala7,2025-07-26,compute,18.3974,241.0,6.3652,0.0,0.0,0.049472,6
org_1t2tala7,2025-07-26,database,4.7355,100.0,0.0,4.9296,0.0,0.020986,3
org_1t2tala7,2025-07-27,analytics,11.949,118.0,0.0,25.043,0.0,0.028609,3
org_1t2tala7,2025-07-27,compute,18.4681,222.0,0.0,10.6683,0.0,0.046534,3
org_1t2tala7,2025-07-27,database,6.5398000000000005,130.0,1.3185,13.9717,0.0,0.029058,3
org_1t2tala7,2025-07-28,compute,2.1043000000000003,0.0,0.0,25.112899999999996,0.0,0.005022,3
org_1t2tala7,2025-07-29,analytics,26.947499999999998,381.0,0.0,0.0,0.0,0.0762,3
org_1t2tala7,2025-07-29,compute,31.968600000000002,340.0,8.4463,20.9468,0.0,0.073878,9
org_1t2tala7,2025-07-30,analytics,23.5214,370.0,0.0,0.0,0.0,0.074,3
org_1t2tala7,2025-07-30,compute,1.7138,0.0,5.8703,13.5482,0.0,0.0038840000000000003,6
org_1t2tala7,2025-07-31,analytics,16.678,252.0,0.0,8.8294,0.0,0.052166,3
org_1t2tala7,2025-07-31,compute,17.5066,248.0,1.8824999999999998,15.1293,0.0,0.053002999999999995,6
org_1t2tala7,2025-07-31,database,5.2263,110.0,0.0,2.9819,0.0,0.022595999999999998,3
org_1t2tala7,2025-08-01,analytics,8.1586,102.0,2.892,4.7925,0.0,0.021937,3
org_1t2tala7,2025-08-01,compute,18.3057,210.0,1.933,0.0,0.0,0.042386999999999994,3
org_1t2tala7,2025-08-01,database,9.926200000000001,226.0,1.4011,0.0,0.0,0.04548,3
org_1t2tala7,2025-08-02,analytics,22.8658,288.0,1.7286,0.0,0.0,0.057946,3
org_1t2tala7,2025-08-02,compute,49.0475,591.0,3.6453,14.6442,0.0,0.121858,9
org_1t2tala7,2025-08-02,database,7.7554,141.0,0.0,48.3869,0.0,0.037877999999999995,3
org_1t2tala7,2025-08-03,analytics,18.262700000000002,248.0,3.2996,0.0,0.0,0.05026,3
org_1t2tala7,2025-08-03,compute,33.2781,363.0,3.7245,7.3025,0.0,0.074805,6
org_1t2tala7,2025-08-04,compute,42.670500000000004,488.0,2.4173,0.0,0.0,0.098083,6
org_1t2tala7,2025-08-05,database,11.322499999999998,214.0,0.0,24.1628,0.0,0.047632999999999995,3
org_1t2tala7,2025-08-06,analytics,16.325499999999998,250.0,0.0,16.9324,0.0,0.053386,3
org_1t2tala7,2025-08-06,compute,30.107300000000002,427.0,1.0938,0.0,0.0,0.085619,5
org_1t2tala7,2025-08-06,database,1.5461,0.0,0.0,25.456400000000002,0.0,0.005091,3
org_1t2tala7,2025-08-07,analytics,8.8056,109.0,3.1414,11.6536,0.0,0.024759,3
org_1t2tala7,2025-08-07,compute,19.238,235.0,1.1178,17.5625,0.0,0.050736,6
org_1t2tala7,2025-08-07,database,6.166999999999999,117.0,3.2287,3.5997,0.0,0.024766,3
org_1t2tala7,2025-08-08,compute,13.3094,136.0,0.0,19.1783,0.0,0.031035999999999998,3
org_1t2tala7,2025-08-08,database,1.6232,0.0,0.0,31.1355,0.0,0.006227,3
org_1t2tala7,2025-08-09,analytics,1.0186,0.0,4.7638,11.921,0.0,0.003337,3
org_1t2tala7,2025-08-09,compute,67.14009999999999,844.0,1.8836,10.175,0.0,0.171212,9
org_1t2tala7,2025-08-09,database,11.5224,234.0,0.0,10.6739,0.0,0.048935,3
org_1t2tala7,2025-08-10,analytics,18.8878,243.0,0.0,4.6545,0.0,0.049531000000000006,3
org_1t2tala7,2025-08-10,compute,17.404400000000003,256.0,6.6348,2.4632,0.0,0.05302,6
org_1t2tala7,2025-08-11,analytics,11.1585,122.0,2.3562,25.0122,0.0,0.029873,3
org_1t2tala7,2025-08-11,compute,11.9655,129.0,0.0,28.1803,0.0,0.031436,3
org_1t2tala7,2025-08-11,database,5.740500000000001,120.0,3.695,10.6133,0.0,0.026862,3
org_1t2tala7,2025-08-12,analytics,11.5303,139.0,4.1718,0.0,0.0,0.028634,3
org_1t2tala7,2025-08-12,compute,1.5543,0.0,5.703,13.8599,0.0,0.003913,3
org_1t2tala7,2025-08-12,database,0.7967,0.0,2.7427,12.8204,0.0,0.003113,3
org_1t2tala7,2025-08-13,compute,31.9604,361.0,3.5611,19.3353,0.0,0.076779,9
org_1t2tala7,2025-08-13,database,12.282499999999999,234.0,1.3093,0.0,0.0,0.04706199999999999,3
org_1t2tala7,2025-08-14,compute,29.773999999999997,362.0,10.07,0.0,0.0,0.07441400000000001,6
org_1t2tala7,2025-08-14,database,5.6685,133.0,1.4424,4.4091,0.0,0.02777,3
org_1t2tala7,2025-08-15,compute,59.734500000000004,794.0,3.9934,0.4707,0.0,0.159693,9
org_1t2tala7,2025-08-16,analytics,13.3996,146.0,3.1588000000000003,0.0,0.0,0.029831,3
org_1t2tala7,2025-08-16,compute,18.222500000000004,231.0,3.2383999999999995,20.678,0.0,0.050983,6
org_1t2tala7,2025-08-17,analytics,9.0765,109.0,0.9418,12.9965,0.0,0.024587,3
org_1t2tala7,2025-08-17,compute,10.8701,114.0,2.3163,15.0956,0.0,0.026282,6
org_1t2tala7,2025-08-18,compute,10.383,109.0,3.6671,46.4338,0.0,0.03182,6
org_1t2tala7,2025-08-19,analytics,9.8038,131.0,0.0,8.8288,0.0,0.027966,2
org_1t2tala7,2025-08-19,compute,10.453,103.0,0.0,44.8737,0.0,0.029575,3
org_1t2tala7,2025-08-19,database,7.550799999999999,108.0,0.0,29.9503,0.0,0.027590000000000003,3
org_1t2tala7,2025-08-20,compute,31.6567,362.0,5.9021,13.1689,0.0,0.076214,9
org_1t2tala7,2025-08-20,database,10.3579,226.0,3.2844,0.0,0.0,0.045857,3
org_1t2tala7,2025-08-21,compute,40.666,483.0,2.0554,3.0288,0.0,0.09761700000000001,6
org_1t2tala7,2025-08-21,database,11.525499999999997,244.0,0.0,5.982,0.0,0.049996,3
org_1t2tala7,2025-08-22,compute,17.3583,248.0,0.0,9.3312,0.0,0.051466,3
org_1t2tala7,2025-08-22,database,1.5552000000000001,0.0,0.0,26.557499999999997,0.0,0.005312000000000001,3
org_1t2tala7,2025-08-23,compute,257.364,348.0,5.814500000000001,14.253,0.0,0.073614,6
org_1t2tala7,2025-08-23,database,6.811300000000001,122.0,0.9162,31.3644,0.0,0.030856,3
org_1t2tala7,2025-08-24,analytics,2.3510999999999997,0.0,1.4509,30.254199999999997,0.0,0.006340999999999999,3
org_1t2tala7,2025-08-24,compute,31.147000000000002,374.0,1.222,32.1768,0.0,0.08148,6
org_1t2tala7,2025-08-25,compute,14.044199999999998,123.0,2.6191,51.8381,0.0,0.035492,6
org_1t2tala7,2025-08-25,database,18.0817,359.0,0.0,0.0,0.0,0.0718,3
org_1t2tala7,2025-08-26,analytics,0.7746000000000001,0.0,1.687,9.4477,0.0,0.0022270000000000002,3
org_1t2tala7,2025-08-26,compute,46.0608,490.0,2.9663,27.1526,0.0,0.104025,9
org_1t2tala7,2025-08-27,analytics,9.7957,119.0,0.0,28.2254,0.0,0.029445000000000002,3
org_1t2tala7,2025-08-27,compute,20.688699999999997,237.0,0.7773,0.0,0.0,0.047555,3
org_1t2tala7,2025-08-27,database,17.8138,350.0,0.0,0.0,0.0,0.07,3
org_1t2tala7,2025-08-28,analytics,3.5366999999999997,0.0,1.0334,49.4072,0.0,0.010088,3
org_1t2tala7,2025-08-28,compute,22.285999999999998,256.0,7.2596,20.077,0.0,0.056667,6
org_1t2tala7,2025-08-28,database,5.8883,114.0,1.173,0.0,0.0,0.023035,3
org_1t2tala7,2025-08-29,compute,26.1554,329.0,0.0,31.7605,0.0,0.072152,6
org_1t2tala7,2025-08-29,database,15.9775,362.0,0.0,0.0,0.0,0.07239999999999999,3
org_1t2tala7,2025-08-30,compute,19.2672,242.0,0.0,13.3708,0.0,0.051074,3
org_1t2tala7,2025-08-30,database,14.189699999999998,357.0,0.0,0.0,0.0,0.0714,3
org_1t2tala7,2025-08-31,compute,21.6306,235.0,8.4847,7.5064,0.0,0.050198,6
org_1t2tala7,2025-08-31,database,13.915,265.0,2.6731,0.0,0.0,0.053535,3
org_253j2d54,2025-07-03,analytics,7.5252,104.0,4.3314,0.0,0.0,0.0,3
org_253j2d54,2025-07-03,compute,29.799300000000002,354.0,0.0,0.0,0.0,0.0,3
org_253j2d54,2025-07-04,analytics,17.662599999999998,245.0,0.2885,0.0,0.0,0.0,3
org_253j2d54,2025-07-04,compute,21.679299999999998,232.0,1.6836,0.0,0.0,0.0,3
org_253j2d54,2025-07-05,analytics,10.3086,120.0,0.0,14.4191,0.0,0.0,3
org_253j2d54,2025-07-06,analytics,15.0307,223.0,0.6873,0.0,0.0,0.0,3
org_253j2d54,2025-07-08,analytics,16.7357,246.0,0.0,0.0,0.0,0.0,3
org_253j2d54,2025-07-09,genai,26.437500000000004,230.0,0.0,9.4283,0.0,0.0,3
org_253j2d54,2025-07-10,analytics,2.0873,0.0,0.0,29.456599999999998,0.0,0.0,3
org_253j2d54,2025-07-11,analytics,8.379999999999999,111.0,0.0,26.3228,0.0,0.0,3
org_253j2d54,2025-07-11,compute,11.6058,128.0,4.206799999999999,0.0,0.0,0.0,3
org_253j2d54,2025-07-12,compute,31.6937,386.0,0.0,0.0,0.0,0.0,3
org_253j2d54,2025-07-13,analytics,2.2561,0.0,0.0,37.1257,0.0,0.0,3
org_253j2d54,2025-07-13,compute,12.940999999999999,135.0,0.0,14.0435,0.0,0.0,3
org_253j2d54,2025-07-13,genai,31.9544,121.0,0.0,21.4119,0.0,0.0,3
org_253j2d54,2025-07-15,analytics,11.3796,120.0,0.0,26.9816,0.0,0.0,3
org_253j2d54,2025-07-15,genai,31.592799999999997,253.0,0.0,6.9275,0.0,0.0,3
org_253j2d54,2025-07-16,analytics,21.4942,266.0,1.7098,0.0,0.0,0.0,3
org_253j2d54,2025-07-16,genai,23.124,213.0,0.0,13.8263,0.0,0.0,3
org_253j2d54,2025-07-17,genai,25.7305,230.0,0.0,0.0,0.0,0.0,3
org_253j2d54,2025-07-18,analytics,20.0678,340.0,0.0,0.0,0.0,0.068,3
org_253j2d54,2025-07-18,compute,19.538899999999998,230.0,0.6173,0.0,0.0,0.046123,3
org_253j2d54,2025-07-19,analytics,9.4711,139.0,0.0,4.8374,0.0,0.028766999999999997,3
org_253j2d54,2025-07-19,compute,29.2843,249.0,0.0,0.0,0.0,0.0498,3
org_253j2d54,2025-07-20,analytics,11.7928,122.0,2.3772,0.0,0.0,0.024876000000000002,3
org_253j2d54,2025-07-20,genai,16.736,119.0,1.8266,12.8682,2412.0,0.026739000000000002,3
org_253j2d54,2025-07-21,genai,23.4012,142.0,3.0056,0.0,1407.0,0.029001000000000002,3
org_253j2d54,2025-07-22,analytics,0.2023,0.0,2.5435,0.2617,0.0,5.61E-4,3
org_253j2d54,2025-07-22,genai,50.0148,367.0,0.0,0.0,2735.0,0.0734,3
org_253j2d54,2025-07-23,analytics,9.9322,122.0,2.5552,9.5944,0.0,0.026830000000000003,3
org_253j2d54,2025-07-23,compute,12.6346,129.0,3.2601,22.3557,0.0,0.030923,3
org_253j2d54,2025-07-23,genai,2.3286,0.0,2.6276,16.0907,1979.0,0.0037440000000000004,3
org_253j2d54,2025-07-24,analytics,2.0774,0.0,2.5253,26.3042,0.0,0.005766,2
org_253j2d54,2025-07-24,compute,11.7141,116.0,0.0706,16.9825,0.0,0.026611,3
org_253j2d54,2025-07-25,analytics,13.59,213.0,2.4781,0.0,0.0,0.043096,3
org_253j2d54,2025-07-25,genai,13.377600000000001,109.0,1.5144,22.9211,2382.0,0.026687000000000002,3
org_253j2d54,2025-07-26,analytics,17.4743,235.0,0.0,1.6037,0.0,0.047321,3
org_253j2d54,2025-07-26,compute,0.6468,0.0,1.8992,7.4486,0.0,0.0018700000000000001,3
org_253j2d54,2025-07-26,genai,36.541999999999994,275.0,0.0,11.535,2904.0,0.057307,3
org_253j2d54,2025-07-27,genai,3.1891,0.0,0.0,23.3111,3858.0,0.004662,3
org_253j2d54,2025-07-28,analytics,18.025100000000002,262.0,3.7844,0.0,0.0,0.053157,3
org_253j2d54,2025-07-28,genai,14.0568,96.0,0.0,16.0888,2821.0,0.022418,3
org_253j2d54,2025-07-29,compute,0.527,0.0,6.5390999999999995,0.0,0.0,0.0013080000000000001,3
org_253j2d54,2025-07-30,analytics,16.6526,227.0,0.0,1.0264,0.0,0.045605,3
org_253j2d54,2025-07-30,compute,13.1958,255.0,0.0,2.4483,0.0,0.05149,3
org_253j2d54,2025-08-01,analytics,2.0246,0.0,3.833,23.4832,0.0,0.005463,3
org_253j2d54,2025-08-01,compute,28.924099999999996,354.0,0.0,0.0,0.0,0.0708,3
org_253j2d54,2025-08-01,genai,19.4758,104.0,0.0,12.460600000000001,2542.0,0.023291999999999997,3
org_253j2d54,2025-08-02,compute,11.912700000000001,127.0,0.0,6.989,0.0,0.026798,3
org_253j2d54,2025-08-02,genai,3.2833,0.0,0.0,29.2399,2519.0,0.005848,3
org_253j2d54,2025-08-03,analytics,7.7497,99.0,0.2009,3.5098,0.0,0.020542,3
org_253j2d54,2025-08-03,compute,11.2263,135.0,4.8293,0.0,0.0,0.027966,3
org_253j2d54,2025-08-03,genai,14.982600000000001,113.0,0.0,33.3648,875.0,0.029273,3
org_253j2d54,2025-08-04,compute,12.4757,122.0,3.1461,2.9131,0.0,0.025612000000000003,3
org_253j2d54,2025-08-05,analytics,9.066500000000001,116.0,0.3967,19.6319,0.0,0.027204999999999997,3
org_253j2d54,2025-08-05,compute,13.160799999999998,105.0,0.0,40.399100000000004,0.0,0.029079,3
org_253j2d54,2025-08-05,genai,10.254199999999999,117.0,1.6897,0.0,1826.0,0.023738000000000002,3
org_253j2d54,2025-08-06,compute,17.0243,93.0,0.0,0.0,0.0,0.0186,2
org_253j2d54,2025-08-07,analytics,3.1585,0.0,1.0901,43.2853,0.0,0.008875000000000001,3
org_253j2d54,2025-08-07,compute,8.3389,112.0,1.6925,8.9172,0.0,0.024521,3
org_253j2d54,2025-08-07,genai,18.1484,122.0,0.0,22.861600000000003,2313.0,0.028972,3
org_253j2d54,2025-08-08,analytics,22.8843,273.0,0.0,12.3968,0.0,0.057079,3
org_253j2d54,2025-08-08,compute,0.2692,0.0,2.0829,0.7832,0.0,5.740000000000001E-4,3
org_253j2d54,2025-08-08,genai,19.802500000000002,133.0,1.8892,3.5422,1740.0,0.027686,3
org_253j2d54,2025-08-09,compute,23.8511,270.0,0.0,5.2301,0.0,0.055046,3
org_253j2d54,2025-08-09,genai,38.8071,365.0,0.0,0.0,1942.0,0.073,3
org_253j2d54,2025-08-11,compute,10.5679,121.0,0.0,12.6131,0.0,0.026723,2
org_253j2d54,2025-08-11,genai,17.1506,123.0,7.6103,0.0,2869.0,0.026122,3
org_253j2d54,2025-08-12,analytics,11.969299999999999,134.0,0.0,22.7546,0.0,0.031351000000000004,3
org_253j2d54,2025-08-12,genai,13.7692,96.0,0.0,23.6618,2390.0,0.023932,3
org_253j2d54,2025-08-13,analytics,8.7408,120.0,0.0,19.249299999999998,0.0,0.027849,3
org_253j2d54,2025-08-14,analytics,176.94250000000002,225.0,3.6534,0.0,0.0,0.045730999999999994,3
org_253j2d54,2025-08-14,compute,18.9068,252.0,0.0,14.3179,0.0,0.053264,3
org_253j2d54,2025-08-15,analytics,7.4738,122.0,1.1136,5.2251,0.0,0.025668000000000003,3
org_253j2d54,2025-08-15,compute,19.362099999999998,236.0,0.0,10.5994,0.0,0.04932,3
org_253j2d54,2025-08-16,analytics,19.106799999999996,243.0,0.0,0.0,0.0,0.048600000000000004,3
org_253j2d54,2025-08-16,genai,2.4129,0.0,0.0,18.6705,3133.0,0.003735,3
org_253j2d54,2025-08-17,analytics,18.5419,0.0,6.242,13.511,0.0,0.003951,3
org_253j2d54,2025-08-17,genai,26.6264,199.0,0.0,0.0,3742.0,0.0398,3
org_253j2d54,2025-08-18,analytics,1.7450999999999999,0.0,0.0,27.0,0.0,0.0054,3
org_253j2d54,2025-08-19,analytics,8.2287,122.0,2.6932,18.4985,0.0,0.028639,3
org_253j2d54,2025-08-19,compute,1.5422000000000002,0.0,4.8126,14.7558,0.0,0.003914,3
org_253j2d54,2025-08-19,genai,2.5816999999999997,0.0,4.4937,15.879999999999999,1472.0,0.004075,3
org_253j2d54,2025-08-20,analytics,7.4227,106.0,0.0,6.4731000000000005,0.0,0.022495,3
org_253j2d54,2025-08-20,compute,1.8039,0.0,0.0,19.8639,0.0,0.003973,3
org_253j2d54,2025-08-20,genai,15.2377,130.0,0.6971,6.4008,2116.0,0.027419,3
org_253j2d54,2025-08-21,compute,0.4351,0.0,6.0707,0.0,0.0,0.001214,3
org_253j2d54,2025-08-21,genai,40.999300000000005,361.0,0.0,0.0,2035.0,0.0722,3
org_253j2d54,2025-08-22,compute,18.7875,230.0,1.3248,0.0,0.0,0.046265,3
org_253j2d54,2025-08-22,genai,23.847700000000003,218.0,0.912,0.0,2312.0,0.043782,3
org_253j2d54,2025-08-23,compute,11.5213,0.0,8.0009,0.0,0.0,0.0015999999999999999,3
org_253j2d54,2025-08-23,genai,20.5591,132.0,0.8331,17.6761,1917.0,0.030102,3
org_253j2d54,2025-08-24,genai,49.34589999999999,375.0,0.0,0.0,3434.0,0.075,3
org_253j2d54,2025-08-25,analytics,9.2654,123.0,3.037,0.0,0.0,0.025208,3
org_253j2d54,2025-08-25,compute,9.518500000000001,122.0,0.5268,13.2156,0.0,0.027148000000000002,3
org_253j2d54,2025-08-27,analytics,27.252300000000005,382.0,0.0,0.0,0.0,0.0764,3
org_253j2d54,2025-08-28,compute,14.2683,115.0,0.0,11.1231,0.0,0.025225,3
org_253j2d54,2025-08-28,genai,11.6188,117.0,0.8541,1.0804,3715.0,0.023787,3
org_253j2d54,2025-08-29,analytics,1.3900000000000001,0.0,0.0,20.5703,0.0,0.0041140000000000005,3
org_253j2d54,2025-08-29,compute,3.9481,0.0,2.1706,22.5937,0.0,0.004953,3
org_253j2d54,2025-08-30,analytics,20.0437,244.0,0.0,3.223,0.0,0.049445,3
org_253j2d54,2025-08-30,genai,19.2464,138.0,0.0,27.1551,2589.0,0.033031,3
org_253j2d54,2025-08-31,analytics,8.3255,111.0,2.8158,8.546,0.0,0.024472,3
org_253j2d54,2025-08-31,compute,22.3475,252.0,0.0,16.0553,0.0,0.05361099999999999,3
org_253j2d54,2025-08-31,genai,13.5647,106.0,0.0,0.0,1012.0,0.0212,3
org_3t60rjiw,2025-07-03,compute,42.7539,464.0,2.3082,24.3101,0.0,0.0,6
org_3t60rjiw,2025-07-03,genai,1.3837,0.0,3.8204,6.4515,0.0,0.0,3
org_3t60rjiw,2025-07-04,compute,22.6282,239.0,0.0,0.0,0.0,0.0,3
org_3t60rjiw,2025-07-05,compute,21.5374,237.0,2.953,20.347500000000004,0.0,0.0,6
org_3t60rjiw,2025-07-06,compute,21.3703,218.0,0.0,0.0,0.0,0.0,3
org_3t60rjiw,2025-07-06,genai,14.163000000000002,100.0,1.4495,3.1861,0.0,0.0,3
org_3t60rjiw,2025-07-07,compute,0.19090000000000001,0.0,1.9916999999999998,0.0,0.0,0.0,2
org_3t60rjiw,2025-07-08,compute,20.122700000000002,230.0,0.0,23.9987,0.0,0.0,3
org_3t60rjiw,2025-07-09,compute,17.1284,243.0,0.0,0.0,0.0,0.0,3
org_3t60rjiw,2025-07-09,genai,30.7943,229.0,0.0,0.0,0.0,0.0,3
org_3t60rjiw,2025-07-10,compute,24.1113,241.0,2.3085999999999998,2.9884,0.0,0.0,6
org_3t60rjiw,2025-07-11,compute,1.2523,0.0,6.0259,8.2325,0.0,0.0,6
org_3t60rjiw,2025-07-11,genai,12.314,97.0,0.0,9.4177,0.0,0.0,3
org_3t60rjiw,2025-07-12,compute,37.908100000000005,475.0,7.353999999999999,0.0,0.0,0.0,6
org_3t60rjiw,2025-07-13,compute,11.8877,118.0,0.0,7.8877,0.0,0.0,3
org_3t60rjiw,2025-07-13,genai,0.4315,0.0,1.9727000000000001,0.0,0.0,0.0,3
org_3t60rjiw,2025-07-15,compute,19.2471,249.0,0.0,0.0,0.0,0.0,3
org_3t60rjiw,2025-07-16,compute,40.9752,346.0,0.0,34.8686,0.0,0.0,6
org_3t60rjiw,2025-07-17,compute,24.5249,129.0,0.6427,30.764,0.0,0.0,6
org_3t60rjiw,2025-07-17,genai,11.5624,0.0,3.0773,0.0,0.0,0.0,3
org_3t60rjiw,2025-07-18,compute,30.9332,349.0,5.7789,19.283,0.0,0.07481299999999999,6
org_3t60rjiw,2025-07-18,genai,27.9642,241.0,0.0,2.9589,3614.0,0.048792,3
org_3t60rjiw,2025-07-19,compute,3.003,0.0,9.8766,30.1192,0.0,0.007999,6
org_3t60rjiw,2025-07-19,genai,23.4086,210.0,2.9932,0.0,2185.0,0.042599,3
org_3t60rjiw,2025-07-20,compute,2.7265,0.0,0.0,32.2071,0.0,0.006442,3
org_3t60rjiw,2025-07-20,genai,15.991700000000002,152.0,3.1816,11.5333,2228.0,0.033343,3
org_3t60rjiw,2025-07-21,compute,10.7601,130.0,0.0,5.9404,0.0,0.027188,3
org_3t60rjiw,2025-07-21,genai,17.4468,129.0,0.0,4.1306,2105.0,0.026626,3
org_3t60rjiw,2025-07-22,compute,13.6336,130.0,1.7245,0.0,0.0,0.026345,3
org_3t60rjiw,2025-07-22,genai,25.245,242.0,0.0,1.1944,2646.0,0.048639,3
org_3t60rjiw,2025-07-23,compute,20.025000000000002,257.0,0.4982,38.863600000000005,0.0,0.059274,6
org_3t60rjiw,2025-07-24,compute,12.943999999999999,130.0,7.1067,0.0,0.0,0.027420999999999997,3
org_3t60rjiw,2025-07-24,genai,25.499299999999998,253.0,3.3553,0.0,1937.0,0.051271000000000004,3
org_3t60rjiw,2025-07-25,compute,9.2649,104.0,0.0,32.1379,0.0,0.027228,3
org_3t60rjiw,2025-07-26,compute,33.1404,379.0,5.363,26.0584,0.0,0.082084,6
org_3t60rjiw,2025-07-27,compute,20.4195,263.0,0.0,13.8168,0.0,0.055363,3
org_3t60rjiw,2025-07-27,genai,26.028100000000002,235.0,0.0,10.3073,1581.0,0.049061,3
org_3t60rjiw,2025-07-28,compute,36.4182,461.0,2.816,6.7948,0.0,0.094122,6
org_3t60rjiw,2025-07-28,genai,36.9434,254.0,2.2487,0.0,1299.0,0.051250000000000004,3
org_3t60rjiw,2025-07-29,compute,26.9423,202.0,0.0,0.0,0.0,0.0404,3
org_3t60rjiw,2025-07-29,genai,28.3598,222.0,0.0,15.192,3203.0,0.047438,3
org_3t60rjiw,2025-07-30,compute,10.8204,102.0,0.0,32.4542,0.0,0.026891000000000005,3
org_3t60rjiw,2025-07-30,genai,15.3211,114.0,0.0,10.7014,2697.0,0.02494,3
org_3t60rjiw,2025-07-31,compute,31.855900000000002,344.0,5.917199999999999,15.616,0.0,0.073106,6
org_3t60rjiw,2025-07-31,genai,16.789099999999998,121.0,0.0,8.1243,1326.0,0.025825,3
org_3t60rjiw,2025-08-01,compute,2.9098999999999995,0.0,0.0,35.4872,0.0,0.007097,3
org_3t60rjiw,2025-08-02,compute,27.4099,238.0,5.1343,39.0676,0.0,0.056441,6
org_3t60rjiw,2025-08-03,compute,1.6315000000000002,0.0,4.8482,13.1279,0.0,0.003596,3
org_3t60rjiw,2025-08-04,compute,4.5931,0.0,0.0,47.1666,0.0,0.009433,3
org_3t60rjiw,2025-08-05,genai,1.3054000000000001,0.0,1.73,8.8754,2327.0,0.002121,3
org_3t60rjiw,2025-08-06,compute,43.6282,506.0,0.0,6.0092,0.0,0.102402,6
org_3t60rjiw,2025-08-07,compute,9.6908,140.0,4.2433,0.0,0.0,0.028849,3
org_3t60rjiw,2025-08-07,genai,30.3714,235.0,3.0043,0.0,1595.0,0.047601,3
org_3t60rjiw,2025-08-08,genai,0.2827,0.0,2.1148000000000002,0.0,1561.0,4.2300000000000004E-4,3
org_3t60rjiw,2025-08-09,compute,49.697100000000006,639.0,1.6423,0.0,0.0,0.12812800000000002,6
org_3t60rjiw,2025-08-09,genai,1.5413999999999999,0.0,4.389,7.4068,1192.0,0.002359,3
org_3t60rjiw,2025-08-10,compute,9.0702,112.0,6.945600000000001,20.7847,0.0,0.027946,6
org_3t60rjiw,2025-08-10,genai,16.3444,0.0,0.0,25.720399999999998,2769.0,0.005144,3
org_3t60rjiw,2025-08-12,compute,0.6339,0.0,6.3877,0.0,0.0,0.001278,3
org_3t60rjiw,2025-08-12,genai,43.6254,240.0,0.0,0.0,2091.0,0.048,3
org_3t60rjiw,2025-08-13,genai,3.5984999999999996,0.0,0.0,27.983800000000002,1146.0,0.0055969999999999995,3
org_3t60rjiw,2025-08-14,compute,11.591399999999998,117.0,0.0,24.374200000000002,0.0,0.028275,3
org_3t60rjiw,2025-08-14,genai,27.9857,237.0,0.0,0.0,2549.0,0.0474,3
org_3t60rjiw,2025-08-15,genai,16.317800000000002,116.0,3.8751,0.0,2293.0,0.023975,3
org_3t60rjiw,2025-08-16,compute,14.725200000000001,126.0,0.0,44.56,0.0,0.034112,6
org_3t60rjiw,2025-08-16,genai,19.3658,121.0,0.0,3.726,893.0,0.024945,3
org_3t60rjiw,2025-08-17,compute,8.874699999999999,110.0,2.088,7.0033,0.0,0.023819,3
org_3t60rjiw,2025-08-17,genai,28.0958,239.0,2.181,0.0,3512.0,0.048236,3
org_3t60rjiw,2025-08-18,compute,8.867600000000001,105.0,5.2448,1.316,0.0,0.022312000000000002,3
org_3t60rjiw,2025-08-19,compute,17.0737,250.0,3.6367000000000003,13.6492,0.0,0.053457000000000005,6
org_3t60rjiw,2025-08-20,genai,28.0696,249.0,0.0,0.678,3223.0,0.049936,3
org_3t60rjiw,2025-08-21,compute,16.613,268.0,5.7209,2.2188,0.0,0.055187999999999994,6
org_3t60rjiw,2025-08-22,compute,1.2029,0.0,4.5601,12.8595,0.0,0.003484,3
org_3t60rjiw,2025-08-23,compute,17.7342,239.0,0.0,0.1785,0.0,0.047836,6
org_3t60rjiw,2025-08-23,genai,1.1114000000000002,0.0,2.5982,5.2234,2787.0,0.001565,3
org_3t60rjiw,2025-08-24,compute,18.3669,246.0,0.0,0.0,0.0,0.049199999999999994,3
org_3t60rjiw,2025-08-25,compute,47.408899999999996,590.0,0.0,9.0177,0.0,0.119804,6
org_3t60rjiw,2025-08-25,genai,3.5157,0.0,0.0,26.584799999999998,2226.0,0.005317,3
org_3t60rjiw,2025-08-26,compute,25.698200000000003,245.0,0.0,25.6437,0.0,0.054129000000000004,3
org_3t60rjiw,2025-08-26,genai,22.314300000000003,135.0,0.0,8.9541,3047.0,0.028791,3
org_3t60rjiw,2025-08-27,compute,13.5811,126.0,1.7865,26.5717,0.0,0.030871000000000003,6
org_3t60rjiw,2025-08-29,genai,2.4482,0.0,2.0468,18.591,2550.0,0.004127,3
org_3t60rjiw,2025-08-30,compute,42.595800000000004,479.0,1.1883,18.9258,0.0,0.099823,6
org_3t60rjiw,2025-08-30,genai,25.3095,217.0,2.119,0.0,2990.0,0.043824,3
org_3t60rjiw,2025-08-31,compute,0.6673,0.0,0.7452,9.5265,0.0,0.002054,3
org_3t60rjiw,2025-08-31,genai,0.8664000000000001,0.0,3.4407,6.5525,1681.0,0.001999,3
org_41ibljh7,2025-07-04,compute,11.9248,119.0,1.4246,20.9687,0.0,0.0,3
org_41ibljh7,2025-07-05,compute,13.8846,120.0,0.0,23.1037,0.0,0.0,3
org_41ibljh7,2025-07-05,networking,2.0959000000000003,231.0,0.0,6.0215,0.0,0.0,3
org_41ibljh7,2025-07-08,compute,9.686300000000001,108.0,2.4868,0.0,0.0,0.0,3
org_41ibljh7,2025-07-08,networking,3.3669000000000002,351.0,0.0,0.0,0.0,0.0,3
org_41ibljh7,2025-07-09,compute,1.5870000000000002,0.0,5.359,15.0962,0.0,0.0,3
org_41ibljh7,2025-07-10,compute,12.369800000000001,109.0,2.404,11.0207,0.0,0.0,3
org_41ibljh7,2025-07-10,networking,1.2563000000000002,125.0,1.6969,0.0,0.0,0.0,3
org_41ibljh7,2025-07-11,compute,15.056799999999999,235.0,2.6304,0.0,0.0,0.0,3
org_41ibljh7,2025-07-12,networking,1.1742000000000001,108.0,0.4022,15.7311,0.0,0.0,3
org_41ibljh7,2025-07-13,compute,10.744399999999999,107.0,0.9058,13.7715,0.0,0.0,3
org_41ibljh7,2025-07-13,networking,3.2089,259.0,2.1,0.0,0.0,0.0,3
org_41ibljh7,2025-07-14,networking,1.6402999999999999,142.0,2.9376,26.511,0.0,0.0,3
org_41ibljh7,2025-07-15,compute,21.7297,251.0,0.0,7.0465,0.0,0.0,3
org_41ibljh7,2025-07-16,networking,1.8578000000000001,225.0,0.0,0.0,0.0,0.0,3
org_41ibljh7,2025-07-18,networking,1.3412,115.0,4.3222000000000005,0.0,0.0,0.023864999999999997,3
org_41ibljh7,2025-07-19,networking,0.9412999999999999,111.0,2.6222,0.0,0.0,0.022724,3
org_41ibljh7,2025-07-20,compute,19.6355,245.0,0.0,0.0,0.0,0.049,3
org_41ibljh7,2025-07-21,networking,0.1525,0.0,6.543200000000001,9.2727,0.0,0.003164,3
org_41ibljh7,2025-07-22,compute,10.950000000000001,107.0,0.0,5.1824,0.0,0.022435999999999998,3
org_41ibljh7,2025-07-24,networking,1.0587,129.0,1.38,14.0315,0.0,0.028881999999999998,3
org_41ibljh7,2025-07-25,compute,17.4067,230.0,1.0187,0.0,0.0,0.046204,3
org_41ibljh7,2025-07-25,networking,1.1501,115.0,2.4977,3.5082,0.0,0.024202,3
org_41ibljh7,2025-07-26,compute,17.1036,237.0,0.9608,0.0,0.0,0.047591999999999995,3
org_41ibljh7,2025-07-27,networking,2.5385,241.0,0.0,4.5795,0.0,0.04911600000000001,3
org_41ibljh7,2025-07-28,networking,0.9767999999999999,106.0,0.0,28.513,0.0,0.026903,3
org_41ibljh7,2025-07-29,compute,0.6825,0.0,0.8699,10.5072,0.0,0.002275,2
org_41ibljh7,2025-07-30,networking,1.4422,120.0,0.0,9.933,0.0,0.025986000000000002,3
org_41ibljh7,2025-07-31,networking,4.0364,397.0,0.0,0.0,0.0,0.0794,3
org_41ibljh7,2025-08-01,compute,11.524299999999998,115.0,2.6659,11.3843,0.0,0.02581,3
org_41ibljh7,2025-08-01,networking,1.1628,114.0,2.1016,5.7982,0.0,0.024380000000000002,3
org_41ibljh7,2025-08-03,compute,10.8869,129.0,0.0,20.8316,0.0,0.029966000000000003,3
org_41ibljh7,2025-08-04,compute,19.7074,118.0,0.0,0.0,0.0,0.0236,3
org_41ibljh7,2025-08-06,compute,9.9543,118.0,0.0,10.0086,0.0,0.025601,3
org_41ibljh7,2025-08-06,networking,2.5171,237.0,1.7267,0.0,0.0,0.047745,3
org_41ibljh7,2025-08-07,networking,1.4698,128.0,1.0785,0.0,0.0,0.025816000000000002,3
org_41ibljh7,2025-08-08,networking,1.2687,115.0,0.0577,0.0,0.0,0.023012,3
org_41ibljh7,2025-08-09,compute,11.484399999999999,116.0,0.0,20.6768,0.0,0.027334999999999998,3
org_41ibljh7,2025-08-09,networking,0.1128,0.0,3.0561,8.4723,0.0,0.002305,3
org_41ibljh7,2025-08-10,compute,9.7969,129.0,1.3327,0.9217,0.0,0.026251,3
org_41ibljh7,2025-08-11,compute,11.661700000000002,128.0,2.4062,13.681,0.0,0.028817,3
org_41ibljh7,2025-08-11,networking,2.5972,252.0,0.0,7.3375,0.0,0.051868,3
org_41ibljh7,2025-08-12,networking,19.386899999999997,110.0,2.7694,0.0,0.0,0.022553999999999998,3
org_41ibljh7,2025-08-13,networking,0.0264,0.0,1.6382,0.2794,0.0,3.84E-4,3
org_41ibljh7,2025-08-14,compute,20.9385,229.0,0.0,10.2024,0.0,0.04784,3
org_41ibljh7,2025-08-14,networking,1.166,113.0,0.0,6.287,0.0,0.023857,3
org_41ibljh7,2025-08-15,compute,11.7783,132.0,0.0,7.4878,0.0,0.027898,3
org_41ibljh7,2025-08-16,networking,3.4361,355.0,0.0,0.0,0.0,0.07100000000000001,3
org_41ibljh7,2025-08-17,compute,2.033,0.0,1.5262,19.5544,0.0,0.004216,3
org_41ibljh7,2025-08-21,compute,11.293899999999999,142.0,0.0,12.129900000000001,0.0,0.030826,3
org_41ibljh7,2025-08-21,networking,0.2863,0.0,1.2582,28.8866,0.0,0.006029,3
org_41ibljh7,2025-08-22,compute,12.5694,134.0,0.0,12.0286,0.0,0.029206000000000003,3
org_41ibljh7,2025-08-22,networking,3.5383000000000004,378.0,0.0,0.0,0.0,0.0756,3
org_41ibljh7,2025-08-23,networking,1.0622999999999998,0.0,3.4040999999999997,0.0,0.0,6.81E-4,3
org_41ibljh7,2025-08-24,compute,31.0386,346.0,0.0,0.0,0.0,0.0692,3
org_41ibljh7,2025-08-24,networking,2.7918,241.0,0.0,1.5617,0.0,0.048512,3
org_41ibljh7,2025-08-25,networking,1.5396,130.0,0.0,22.4258,0.0,0.030486,3
org_41ibljh7,2025-08-26,compute,2.2709,0.0,4.7178,21.0854,0.0,0.005161,3
org_41ibljh7,2025-08-27,compute,18.300600000000003,252.0,1.4397,0.0,0.0,0.050688,3
org_41ibljh7,2025-08-28,compute,10.0982,124.0,1.8489,0.0,0.0,0.025169999999999998,3
org_41ibljh7,2025-08-28,networking,3.7245999999999997,376.0,0.0,0.0,0.0,0.0752,3
org_41ibljh7,2025-08-29,compute,10.6905,118.0,0.4586,10.3602,0.0,0.025764,3
org_41ibljh7,2025-08-29,networking,0.25329999999999997,0.0,1.7462,23.881300000000003,0.0,0.005126,3
org_41ibljh7,2025-08-30,compute,0.551,0.0,7.5561,0.0,0.0,0.0015119999999999999,3
org_41ibljh7,2025-08-31,compute,1.3402,0.0,2.0949,15.6632,0.0,0.003552,3
org_41ibljh7,2025-08-31,networking,0.9858,113.0,1.5884999999999998,0.0,0.0,0.022917999999999997,3
org_4zw9xa3k,2025-07-03,analytics,7.1009,87.0,2.6372,0.0,0.0,0.0,3
org_4zw9xa3k,2025-07-03,compute,17.7519,240.0,2.5348,0.0,0.0,0.0,3
org_4zw9xa3k,2025-07-04,analytics,8.6768,110.0,2.8082,28.9237,0.0,0.0,6
org_4zw9xa3k,2025-07-04,storage,0.334,0.0,1.1668,19.8491,0.0,0.0,3
org_4zw9xa3k,2025-07-05,analytics,1.8705,0.0,0.0,27.0875,0.0,0.0,3
org_4zw9xa3k,2025-07-05,storage,3.2365000000000004,129.0,0.0,34.5501,0.0,0.0,3
org_4zw9xa3k,2025-07-06,analytics,46.218199999999996,608.0,0.0,0.0,0.0,0.0,6
org_4zw9xa3k,2025-07-06,storage,0.5645,0.0,2.6522,24.0315,0.0,0.0,3
org_4zw9xa3k,2025-07-07,analytics,2.5296000000000003,0.0,0.0,43.6383,0.0,0.0,3
org_4zw9xa3k,2025-07-07,genai,30.6043,213.0,0.0,24.5085,0.0,0.0,3
org_4zw9xa3k,2025-07-07,storage,0.6054999999999999,0.0,0.0,31.0415,0.0,0.0,3
org_4zw9xa3k,2025-07-08,compute,11.395700000000001,115.0,3.2474,0.0,0.0,0.0,3
org_4zw9xa3k,2025-07-08,genai,32.9002,263.0,1.7892,0.0,0.0,0.0,3
org_4zw9xa3k,2025-07-09,analytics,16.0759,226.0,0.0,8.5682,0.0,0.0,3
org_4zw9xa3k,2025-07-09,compute,31.9302,367.0,0.0,0.0,0.0,0.0,3
org_4zw9xa3k,2025-07-09,genai,29.4623,239.0,0.7222,0.0,0.0,0.0,3
org_4zw9xa3k,2025-07-09,storage,4.3241000000000005,220.0,0.0,0.0,0.0,0.0,3
org_4zw9xa3k,2025-07-10,compute,1.4472,0.0,0.0,21.5457,0.0,0.0,3
org_4zw9xa3k,2025-07-10,genai,15.5356,121.0,3.4142,0.0,0.0,0.0,3
org_4zw9xa3k,2025-07-10,storage,7.148899999999999,359.0,0.0,0.0,0.0,0.0,3
org_4zw9xa3k,2025-07-11,analytics,31.2361,377.0,0.0,10.4287,0.0,0.0,6
org_4zw9xa3k,2025-07-11,compute,18.7491,259.0,0.239,0.0,0.0,0.0,3
org_4zw9xa3k,2025-07-11,storage,0.0791,0.0,4.5422,0.0,0.0,0.0,3
org_4zw9xa3k,2025-07-12,analytics,160.3064,331.0,6.6381000000000006,0.0,0.0,0.0,6
org_4zw9xa3k,2025-07-12,compute,10.1395,130.0,0.0,13.5066,0.0,0.0,3
org_4zw9xa3k,2025-07-12,storage,2.7926,119.0,0.0,13.4852,0.0,0.0,3
org_4zw9xa3k,2025-07-13,analytics,18.558300000000003,231.0,2.633,11.363100000000001,0.0,0.0,6
org_4zw9xa3k,2025-07-13,compute,1.9438,0.0,3.3367,23.7506,0.0,0.0,3
org_4zw9xa3k,2025-07-13,genai,23.749200000000002,235.0,2.239,0.0,0.0,0.0,3
org_4zw9xa3k,2025-07-14,analytics,28.9407,382.0,1.5371,10.9763,0.0,0.0,6
org_4zw9xa3k,2025-07-14,compute,18.2332,239.0,0.0,10.8673,0.0,0.0,3
org_4zw9xa3k,2025-07-15,analytics,17.6225,215.0,0.0,16.4699,0.0,0.0,3
org_4zw9xa3k,2025-07-15,storage,2.3846,118.0,3.3073,3.3803,0.0,0.0,3
org_4zw9xa3k,2025-07-16,analytics,2.8411999999999997,0.0,1.4794,35.564499999999995,0.0,0.0,6
org_4zw9xa3k,2025-07-17,analytics,21.676,277.0,0.0,0.0,0.0,0.0,3
org_4zw9xa3k,2025-07-17,compute,22.6219,265.0,1.3662,0.0,0.0,0.0,3
org_4zw9xa3k,2025-07-17,genai,41.815799999999996,378.0,0.0,0.0,0.0,0.0,3
org_4zw9xa3k,2025-07-18,compute,20.7743,227.0,2.3824,0.0,0.0,0.04587599999999999,3
org_4zw9xa3k,2025-07-18,storage,2.3014,106.0,0.0,28.409599999999998,0.0,0.026882,3
org_4zw9xa3k,2025-07-19,analytics,8.0582,124.0,3.7723,2.4509,0.0,0.026043999999999998,3
org_4zw9xa3k,2025-07-19,genai,24.7946,227.0,0.0,0.0,2591.0,0.045399999999999996,3
org_4zw9xa3k,2025-07-19,storage,2.1542,116.0,0.0,4.7978,0.0,0.024159999999999997,3
org_4zw9xa3k,2025-07-20,analytics,7.853199999999999,130.0,0.9368,13.0383,0.0,0.028794999999999998,3
org_4zw9xa3k,2025-07-20,genai,47.609500000000004,369.0,0.0,0.0,2648.0,0.07379999999999999,3
org_4zw9xa3k,2025-07-20,storage,5.4933,237.0,0.0,3.9992,0.0,0.0482,3
org_4zw9xa3k,2025-07-21,analytics,6.9965,117.0,3.4946,5.5002,0.0,0.025199,6
org_4zw9xa3k,2025-07-21,genai,2.686,0.0,8.5914,10.2742,1258.0,0.003773,3
org_4zw9xa3k,2025-07-21,storage,3.1875,115.0,2.4836,11.9786,0.0,0.025893,3
org_4zw9xa3k,2025-07-22,analytics,15.6673,214.0,1.6737,0.0,0.0,0.04313500000000001,3
org_4zw9xa3k,2025-07-22,storage,0.4306,0.0,4.1335999999999995,21.3831,0.0,0.005104000000000001,3
org_4zw9xa3k,2025-07-23,analytics,30.994399999999995,377.0,2.0976,30.3717,0.0,0.081894,6
org_4zw9xa3k,2025-07-23,compute,22.9232,267.0,0.0,16.8842,0.0,0.056777,3
org_4zw9xa3k,2025-07-23,genai,2.656,0.0,5.0248,16.8715,2443.0,0.004378999999999999,3
org_4zw9xa3k,2025-07-24,compute,20.7814,247.0,0.0,0.0,0.0,0.0494,3
org_4zw9xa3k,2025-07-24,storage,4.6211,129.0,0.0,4.5824,0.0,0.026716,3
org_4zw9xa3k,2025-07-25,analytics,27.274699999999996,349.0,0.0,0.0,0.0,0.0698,3
org_4zw9xa3k,2025-07-25,compute,18.3557,120.0,1.4545,0.0,0.0,0.024291,3
org_4zw9xa3k,2025-07-25,genai,16.986900000000002,122.0,0.0,13.982800000000001,2216.0,0.027196,3
org_4zw9xa3k,2025-07-25,storage,3.7123999999999997,134.0,0.0,39.7859,0.0,0.034757,3
org_4zw9xa3k,2025-07-26,analytics,40.7592,489.0,0.0,0.0,0.0,0.0978,6
org_4zw9xa3k,2025-07-27,analytics,25.495800000000003,360.0,2.72,0.0,0.0,0.072544,6
org_4zw9xa3k,2025-07-27,compute,10.6764,119.0,0.0,10.9349,0.0,0.025987000000000003,3
org_4zw9xa3k,2025-07-27,genai,17.842699999999997,120.0,0.0,25.338900000000002,3625.0,0.029068,3
org_4zw9xa3k,2025-07-27,storage,2.3232,101.0,1.743,0.0,0.0,0.020548999999999998,3
org_4zw9xa3k,2025-07-28,analytics,27.808600000000002,340.0,5.4699,0.0,0.0,0.069094,6
org_4zw9xa3k,2025-07-28,compute,18.7131,233.0,0.0,0.0,0.0,0.0466,3
org_4zw9xa3k,2025-07-29,analytics,20.158099999999997,252.0,8.8471,10.5246,0.0,0.054275,6
org_4zw9xa3k,2025-07-29,compute,22.0148,243.0,1.8699,0.0,0.0,0.048974000000000004,3
org_4zw9xa3k,2025-07-29,genai,13.426400000000001,113.0,2.4082,0.0,2517.0,0.023082,3
org_4zw9xa3k,2025-07-30,analytics,7.5998,95.0,4.9341,19.2265,0.0,0.023832,3
org_4zw9xa3k,2025-07-30,compute,10.7374,118.0,8.2499,0.0,0.0,0.025249999999999998,3
org_4zw9xa3k,2025-07-31,analytics,9.9175,134.0,1.1098,0.0,0.0,0.027022,3
org_4zw9xa3k,2025-07-31,compute,9.3041,116.0,0.0,6.4178,0.0,0.024484,3
org_4zw9xa3k,2025-08-01,analytics,38.8631,391.0,0.0,18.6788,0.0,0.08193600000000001,6
org_4zw9xa3k,2025-08-01,compute,12.740400000000001,0.0,2.8062,16.8361,0.0,0.003928,3
org_4zw9xa3k,2025-08-01,genai,39.4553,346.0,0.0,0.0,2947.0,0.0692,3
org_4zw9xa3k,2025-08-01,storage,4.1528,245.0,0.0,3.3701,0.0,0.049674,3
org_4zw9xa3k,2025-08-02,analytics,13.178700000000001,118.0,1.2137,0.0,0.0,0.023843,3
org_4zw9xa3k,2025-08-02,genai,0.9348000000000001,0.0,0.8838,6.9786,3464.0,0.0015730000000000002,3
org_4zw9xa3k,2025-08-03,analytics,8.4331,105.0,2.617,17.6126,0.0,0.025046000000000002,3
org_4zw9xa3k,2025-08-03,genai,29.1177,270.0,0.0,8.5712,3570.0,0.055714,3
org_4zw9xa3k,2025-08-03,storage,0.3369,0.0,0.0,15.724900000000002,0.0,0.003145,3
org_4zw9xa3k,2025-08-04,analytics,19.458099999999998,247.0,4.6337,13.9239,0.0,0.053112,5
org_4zw9xa3k,2025-08-04,compute,13.508399999999998,120.0,0.0,35.6739,0.0,0.031135000000000003,3
org_4zw9xa3k,2025-08-04,genai,16.6726,120.0,3.8763,14.1139,1439.0,0.027598,3
org_4zw9xa3k,2025-08-04,storage,7.061299999999999,342.0,0.0,0.0,0.0,0.0684,3
org_4zw9xa3k,2025-08-05,analytics,20.67,243.0,0.0,3.7043,0.0,0.049340999999999996,3
org_4zw9xa3k,2025-08-06,analytics,16.0932,223.0,0.0,0.0,0.0,0.0446,3
org_4zw9xa3k,2025-08-07,genai,5.425,0.0,3.2567,38.350300000000004,3384.0,0.008321,3
org_4zw9xa3k,2025-08-08,analytics,30.7546,362.0,0.0,52.826100000000004,0.0,0.082966,6
org_4zw9xa3k,2025-08-08,compute,2.9631,0.0,2.8715,34.0042,0.0,0.007375,3
org_4zw9xa3k,2025-08-08,storage,5.029299999999999,254.0,0.0,3.0711,0.0,0.051414,3
org_4zw9xa3k,2025-08-09,analytics,7.1487,115.0,0.0,23.663,0.0,0.027733,3
org_4zw9xa3k,2025-08-09,storage,6.589499999999999,262.0,0.0,20.1271,0.0,0.056425,3
org_4zw9xa3k,2025-08-10,compute,2.951,0.0,0.4826,31.106099999999998,0.0,0.006318,3
org_4zw9xa3k,2025-08-10,genai,35.2125,238.0,0.0,19.5332,1939.0,0.051507,3
org_4zw9xa3k,2025-08-11,analytics,14.9925,250.0,0.0,0.0,0.0,0.05,3
org_4zw9xa3k,2025-08-11,compute,11.2006,117.0,3.3667,18.054,0.0,0.027684,3
org_4zw9xa3k,2025-08-12,analytics,13.7048,121.0,0.0,34.3661,0.0,0.031073,3
org_4zw9xa3k,2025-08-12,compute,32.310100000000006,360.0,0.0,0.0,0.0,0.072,3
org_4zw9xa3k,2025-08-12,genai,29.3258,243.0,0.7011,0.0,2386.0,0.048740000000000006,3
org_4zw9xa3k,2025-08-13,genai,1.5648,0.0,1.7679,9.4892,3900.0,0.002252,3
org_4zw9xa3k,2025-08-14,analytics,10.806199999999999,132.0,3.758,18.961,0.0,0.030944,3
org_4zw9xa3k,2025-08-14,compute,10.796100000000001,132.0,0.0,8.3535,0.0,0.028071,3
org_4zw9xa3k,2025-08-14,genai,27.511799999999997,342.0,0.0,0.0,4265.0,0.0684,3
org_4zw9xa3k,2025-08-15,analytics,26.5272,341.0,0.0,10.5231,0.0,0.070305,6
org_4zw9xa3k,2025-08-15,compute,8.603200000000001,94.0,3.2742,0.0,0.0,0.019454,3
org_4zw9xa3k,2025-08-15,genai,6.6538,0.0,0.0,48.1763,1410.0,0.009635999999999999,3
org_4zw9xa3k,2025-08-16,analytics,1.1746999999999999,0.0,2.9975,11.7344,0.0,0.0029460000000000003,3
org_4zw9xa3k,2025-08-16,compute,0.8777,0.0,2.3644,4.5004,0.0,0.001373,3
org_4zw9xa3k,2025-08-16,genai,15.9587,121.0,6.5184,0.0,600.0,0.025504,3
org_4zw9xa3k,2025-08-16,storage,4.9306,254.0,1.2239,0.0,0.0,0.051045,3
org_4zw9xa3k,2025-08-17,analytics,24.164700000000003,380.0,0.0,0.0,0.0,0.076,3
org_4zw9xa3k,2025-08-17,storage,7.5094,385.0,0.0,0.0,0.0,0.077,3
org_4zw9xa3k,2025-08-18,analytics,29.967000000000002,358.0,4.7189,15.2945,0.0,0.075603,6
org_4zw9xa3k,2025-08-18,genai,43.9881,237.0,0.0,0.0,1840.0,0.0474,3
org_4zw9xa3k,2025-08-19,analytics,0.6624000000000001,0.0,3.3636,6.7439,0.0,0.002022,6
org_4zw9xa3k,2025-08-19,compute,17.1724,249.0,3.2744,0.0,0.0,0.050455,3
org_4zw9xa3k,2025-08-19,storage,3.5450999999999997,118.0,0.0887,14.446,0.0,0.026507,3
org_4zw9xa3k,2025-08-20,analytics,3.2127000000000003,0.0,0.0,47.1248,0.0,0.009425000000000001,3
org_4zw9xa3k,2025-08-20,compute,20.1691,241.0,0.0,10.2455,0.0,0.050249,3
org_4zw9xa3k,2025-08-20,storage,0.4289,0.0,0.0,22.663899999999998,0.0,0.004533,3
org_4zw9xa3k,2025-08-21,analytics,28.734099999999998,398.0,4.838900000000001,3.5798,0.0,0.081284,6
org_4zw9xa3k,2025-08-21,compute,17.371699999999997,214.0,3.8295,0.0,0.0,0.043566,3
org_4zw9xa3k,2025-08-21,genai,16.924599999999998,146.0,3.8782,6.0927,2626.0,0.031195,3
org_4zw9xa3k,2025-08-21,storage,0.5961000000000001,0.0,0.0,25.6706,0.0,0.005134,3
org_4zw9xa3k,2025-08-22,analytics,31.2963,370.0,0.0,34.2885,0.0,0.080858,6
org_4zw9xa3k,2025-08-22,compute,21.4363,264.0,1.7074,0.0,0.0,0.053141,3
org_4zw9xa3k,2025-08-22,genai,31.238500000000002,221.0,0.6251,0.0,4173.0,0.044325,3
org_4zw9xa3k,2025-08-23,analytics,24.8669,370.0,2.2864,11.0648,0.0,0.07667,6
org_4zw9xa3k,2025-08-23,compute,22.5122,236.0,0.0,17.632,0.0,0.050726,3
org_4zw9xa3k,2025-08-23,genai,43.0496,211.0,0.0,0.0,2284.0,0.0422,3
org_4zw9xa3k,2025-08-23,storage,0.6959,0.0,1.2388,32.099199999999996,0.0,0.006667,3
org_4zw9xa3k,2025-08-24,analytics,15.7017,204.0,1.2908,0.0,0.0,0.041058,3
org_4zw9xa3k,2025-08-24,compute,0.302,0.0,4.0822,0.0,0.0,8.17E-4,3
org_4zw9xa3k,2025-08-24,genai,16.0315,115.0,2.1309,0.0,2368.0,0.023426,3
org_4zw9xa3k,2025-08-24,storage,3.0652999999999997,132.0,3.2027,4.4904,0.0,0.027939,3
org_4zw9xa3k,2025-08-25,analytics,26.055,362.0,4.789299999999999,0.0,0.0,0.073358,6
org_4zw9xa3k,2025-08-25,genai,3.8968,0.0,3.649,27.637,2934.0,0.006258,3
org_4zw9xa3k,2025-08-25,storage,2.4911,108.0,0.0,2.9975,0.0,0.022199,3
org_4zw9xa3k,2025-08-26,genai,12.1111,114.0,2.8509,9.3181,629.0,0.025234000000000003,3
org_4zw9xa3k,2025-08-27,analytics,21.3045,257.0,0.0,15.8671,0.0,0.054572999999999997,3
org_4zw9xa3k,2025-08-27,genai,42.1858,348.0,0.0,0.0,2308.0,0.06960000000000001,3
org_4zw9xa3k,2025-08-27,storage,0.2367,0.0,2.4409,10.3701,0.0,0.002562,3
org_4zw9xa3k,2025-08-28,analytics,42.442099999999996,626.0,0.0,0.3343,0.0,0.125267,6
org_4zw9xa3k,2025-08-28,genai,27.9531,227.0,0.0,12.7364,1874.0,0.047947000000000004,3
org_4zw9xa3k,2025-08-29,analytics,10.3452,113.0,0.0,13.783,0.0,0.025356999999999998,3
org_4zw9xa3k,2025-08-29,compute,11.417499999999999,111.0,0.0,10.0759,0.0,0.024215,3
org_4zw9xa3k,2025-08-29,storage,4.9582,221.0,2.9596,0.0,0.0,0.044792,3
org_4zw9xa3k,2025-08-30,analytics,19.8044,242.0,1.8442,10.655,0.0,0.0509,6
org_4zw9xa3k,2025-08-30,storage,2.0524999999999998,115.0,0.0,13.9434,0.0,0.025789,2
org_4zw9xa3k,2025-08-31,analytics,11.4397,122.0,0.2551,36.723,0.0,0.031796000000000005,6
org_4zw9xa3k,2025-08-31,compute,0.0879,0.0,0.9736,0.0,0.0,1.94E-4,3
org_4zw9xa3k,2025-08-31,storage,0.2238,0.0,4.2757000000000005,5.4192,0.0,0.001939,3
org_53lc58dr,2025-07-03,analytics,11.3441,144.0,0.0,20.744100000000003,0.0,0.0,3
org_53lc58dr,2025-07-03,compute,0.2784,0.0,0.0905,3.9282000000000004,0.0,0.0,3
org_53lc58dr,2025-07-03,database,17.1475,342.0,2.7415000000000003,16.6201,0.0,0.0,6
org_53lc58dr,2025-07-03,genai,28.8737,276.0,0.4225,0.0,0.0,0.0,3
org_53lc58dr,2025-07-03,networking,3.0056,259.0,0.0,5.1349,0.0,0.0,3
org_53lc58dr,2025-07-03,storage,4.5204,212.0,0.0,5.7058,0.0,0.0,3
org_53lc58dr,2025-07-04,compute,19.0011,234.0,0.0,11.7544,0.0,0.0,3
org_53lc58dr,2025-07-04,database,8.1904,115.0,0.0,41.4243,0.0,0.0,3
org_53lc58dr,2025-07-04,genai,29.6736,231.0,2.8697,0.0,0.0,0.0,3
org_53lc58dr,2025-07-04,networking,1.4251,139.0,0.0,6.8539,0.0,0.0,3
org_53lc58dr,2025-07-05,analytics,1.9160000000000001,0.0,2.7624,30.8704,0.0,0.0,3
org_53lc58dr,2025-07-05,compute,13.0489,120.0,2.5332,20.68,0.0,0.0,3
org_53lc58dr,2025-07-05,database,0.2879,0.0,2.4634,3.9391,0.0,0.0,3
org_53lc58dr,2025-07-05,genai,27.7378,237.0,2.995,13.9123,0.0,0.0,6
org_53lc58dr,2025-07-05,storage,2.9043,128.0,1.4148,5.4156,0.0,0.0,3
org_53lc58dr,2025-07-06,analytics,36.659,478.0,0.0,23.3765,0.0,0.0,6
org_53lc58dr,2025-07-06,compute,20.484399999999997,245.0,0.4004,28.922600000000003,0.0,0.0,6
org_53lc58dr,2025-07-06,database,17.0563,365.0,0.0,12.5779,0.0,0.0,6
org_53lc58dr,2025-07-06,genai,15.425,109.0,0.0,20.3552,0.0,0.0,3
org_53lc58dr,2025-07-06,storage,0.16440000000000002,0.0,1.4465,5.6108,0.0,0.0,2
org_53lc58dr,2025-07-07,analytics,20.611800000000002,261.0,3.3114999999999997,18.0683,0.0,0.0,6
org_53lc58dr,2025-07-07,compute,13.6037,202.0,0.0,3.8564,0.0,0.0,3
org_53lc58dr,2025-07-07,database,0.34199999999999997,0.0,4.7301,1.855,0.0,0.0,3
org_53lc58dr,2025-07-07,networking,0.9706,110.0,0.0,22.6318,0.0,0.0,3
org_53lc58dr,2025-07-08,analytics,23.6263,245.0,0.0,0.0,0.0,0.0,3
org_53lc58dr,2025-07-08,compute,184.692,203.0,2.582,0.0,0.0,0.0,3
org_53lc58dr,2025-07-08,database,5.9192,114.0,3.9705,18.9094,0.0,0.0,3
org_53lc58dr,2025-07-08,genai,22.7161,125.0,2.5681,44.792500000000004,0.0,0.0,6
org_53lc58dr,2025-07-08,storage,5.5687,259.0,0.0,4.6425,0.0,0.0,3
org_53lc58dr,2025-07-09,analytics,21.6517,318.0,6.2866,0.0,0.0,0.0,6
org_53lc58dr,2025-07-09,compute,11.1362,124.0,0.0,10.747,0.0,0.0,3
org_53lc58dr,2025-07-09,database,11.212499999999999,223.0,2.7307,8.0613,0.0,0.0,6
org_53lc58dr,2025-07-09,networking,2.2179,243.0,0.0,0.0,0.0,0.0,3
org_53lc58dr,2025-07-09,storage,2.9490000000000003,139.0,1.363,13.1134,0.0,0.0,3
org_53lc58dr,2025-07-10,analytics,23.9105,355.0,0.0,22.6001,0.0,0.0,6
org_53lc58dr,2025-07-10,compute,0.2036,0.0,2.5498,0.0,0.0,0.0,3
org_53lc58dr,2025-07-10,database,12.6298,212.0,0.0,24.2118,0.0,0.0,3
org_53lc58dr,2025-07-10,storage,3.6289999999999996,130.0,2.7203,0.0,0.0,0.0,3
org_53lc58dr,2025-07-11,analytics,20.0548,251.0,6.1754,18.7466,0.0,0.0,6
org_53lc58dr,2025-07-11,compute,32.95,382.0,0.0,41.3631,0.0,0.0,6
org_53lc58dr,2025-07-11,database,12.921899999999999,254.0,3.1975,0.0,0.0,0.0,3
org_53lc58dr,2025-07-11,genai,30.5338,234.0,1.8191,13.7964,0.0,0.0,6
org_53lc58dr,2025-07-11,storage,2.8838,130.0,5.0188,0.0,0.0,0.0,3
org_53lc58dr,2025-07-12,analytics,2.9673999999999996,0.0,0.0,39.614999999999995,0.0,0.0,3
org_53lc58dr,2025-07-12,compute,30.129200000000004,340.0,5.1051,24.8229,0.0,0.0,6
org_53lc58dr,2025-07-12,database,6.2114,121.0,0.0,17.218400000000003,0.0,0.0,3
org_53lc58dr,2025-07-12,networking,1.4153,131.0,4.4843,13.4221,0.0,0.0,3
org_53lc58dr,2025-07-12,storage,3.2525,114.0,0.0,25.3783,0.0,0.0,3
org_53lc58dr,2025-07-13,compute,36.509600000000006,389.0,0.0,0.0,0.0,0.0,3
org_53lc58dr,2025-07-13,database,7.912700000000001,117.0,4.3021,10.675,0.0,0.0,3
org_53lc58dr,2025-07-13,genai,43.6107,361.0,3.083,0.0,0.0,0.0,6
org_53lc58dr,2025-07-13,storage,2.3992,119.0,0.3311,4.8364,0.0,0.0,3
org_53lc58dr,2025-07-14,analytics,15.047899999999998,214.0,3.5207,26.742,0.0,0.0,6
org_53lc58dr,2025-07-14,compute,32.9381,422.0,1.3219,0.0,0.0,0.0,6
org_53lc58dr,2025-07-14,genai,12.1595,110.0,2.7147,0.0,0.0,0.0,3
org_53lc58dr,2025-07-14,networking,2.7675,258.0,0.0,12.4914,0.0,0.0,3
org_53lc58dr,2025-07-14,storage,5.0273,242.0,0.0,12.9634,0.0,0.0,3
org_53lc58dr,2025-07-15,compute,9.0699,119.0,1.1736,0.0,0.0,0.0,3
org_53lc58dr,2025-07-15,database,23.6836,463.0,0.0707,22.7082,0.0,0.0,6
org_53lc58dr,2025-07-15,genai,20.307,211.0,0.0,0.0,0.0,0.0,3
org_53lc58dr,2025-07-15,storage,3.5917,125.0,0.0,35.3735,0.0,0.0,3
org_53lc58dr,2025-07-16,analytics,17.183500000000002,234.0,0.8239,0.0,0.0,0.0,3
org_53lc58dr,2025-07-16,compute,8.9035,100.0,0.0,19.8708,0.0,0.0,3
org_53lc58dr,2025-07-16,database,9.0253,135.0,2.1155,11.8458,0.0,0.0,3
org_53lc58dr,2025-07-16,genai,32.4692,246.0,5.9387,16.6693,0.0,0.0,6
org_53lc58dr,2025-07-16,storage,2.5315999999999996,103.0,1.4794,15.9067,0.0,0.0,3
org_53lc58dr,2025-07-17,compute,30.4857,362.0,0.6042,25.3688,0.0,0.0,6
org_53lc58dr,2025-07-17,database,10.3871,202.0,0.0,20.2075,0.0,0.0,3
org_53lc58dr,2025-07-17,genai,74.0407,470.0,0.0,5.5707,0.0,0.0,6
org_53lc58dr,2025-07-17,networking,2.4712,226.0,0.0,5.3858,0.0,0.0,3
org_53lc58dr,2025-07-17,storage,0.5346,0.0,0.0,29.8589,0.0,0.0,3
org_53lc58dr,2025-07-18,analytics,30.3674,372.0,3.7381,32.356300000000005,0.0,0.081619,6
org_53lc58dr,2025-07-18,compute,25.8735,340.0,0.0,0.0,0.0,0.068,3
org_53lc58dr,2025-07-18,storage,5.2191,253.0,0.0,0.0,0.0,0.050600000000000006,3
org_53lc58dr,2025-07-19,analytics,26.5605,366.0,3.0145999999999997,7.445,0.0,0.075292,6
org_53lc58dr,2025-07-19,compute,56.275099999999995,744.0,0.0,0.0,0.0,0.1488,6
org_53lc58dr,2025-07-19,database,4.2141,108.0,0.0,3.6086,0.0,0.022322,3
org_53lc58dr,2025-07-19,genai,32.5758,235.0,2.4958,32.9121,5094.0,0.054082,6
org_53lc58dr,2025-07-19,networking,2.3555,235.0,3.8173,0.0,0.0,0.047763,3
org_53lc58dr,2025-07-19,storage,2.6725,127.0,2.72,4.5379,0.0,0.026851999999999997,3
org_53lc58dr,2025-07-20,analytics,26.1688,358.0,3.3955,36.8188,0.0,0.07964299999999999,6
org_53lc58dr,2025-07-20,compute,26.8781,378.0,0.0,0.0,0.0,0.0756,3
org_53lc58dr,2025-07-20,genai,45.4249,349.0,0.0,30.956,5615.0,0.075991,6
org_53lc58dr,2025-07-20,networking,4.2937,362.0,0.0,0.0,0.0,0.0724,3
org_53lc58dr,2025-07-20,storage,4.8089,260.0,2.4663,0.0,0.0,0.052493,3
org_53lc58dr,2025-07-21,analytics,25.2162,371.0,0.0,0.0,0.0,0.07419999999999999,3
org_53lc58dr,2025-07-21,compute,20.752999999999997,218.0,0.081,18.6247,0.0,0.04734,6
org_53lc58dr,2025-07-21,database,22.784499999999998,485.0,1.6289,17.6636,0.0,0.100859,6
org_53lc58dr,2025-07-21,genai,13.5144,0.0,1.7033,6.3816,2100.0,0.001617,3
org_53lc58dr,2025-07-21,storage,5.6129999999999995,240.0,0.0,0.0,0.0,0.048,3
org_53lc58dr,2025-07-22,analytics,26.1963,345.0,0.0,0.0,0.0,0.069,3
org_53lc58dr,2025-07-22,compute,20.1451,226.0,0.0,26.682299999999998,0.0,0.050537000000000006,6
org_53lc58dr,2025-07-22,database,12.0474,241.0,2.3435,0.0,0.0,0.048669,5
org_53lc58dr,2025-07-22,networking,3.6947,385.0,0.0,0.0,0.0,0.077,3
org_53lc58dr,2025-07-23,analytics,24.3965,360.0,6.1145,0.0,0.0,0.07322300000000001,6
org_53lc58dr,2025-07-23,compute,9.9694,104.0,0.0,18.275199999999998,0.0,0.024455,3
org_53lc58dr,2025-07-23,database,20.8394,378.0,0.0,0.0,0.0,0.0756,3
org_53lc58dr,2025-07-23,genai,31.6795,262.0,0.0,5.112,2175.0,0.053422000000000004,3
org_53lc58dr,2025-07-23,networking,2.1487,226.0,2.7982,0.0,0.0,0.04576,3
org_53lc58dr,2025-07-23,storage,4.9622,255.0,0.2777,0.0,0.0,0.051056000000000004,3
org_53lc58dr,2025-07-24,analytics,1.7901,0.0,1.7893,18.2234,0.0,0.004003,3
org_53lc58dr,2025-07-24,compute,18.828400000000002,210.0,5.5434,22.9771,0.0,0.047703999999999996,6
org_53lc58dr,2025-07-24,database,17.9742,365.0,5.0486,2.1674,0.0,0.07444200000000001,6
org_53lc58dr,2025-07-24,genai,13.458,115.0,0.494,22.5654,2842.0,0.027611999999999998,3
org_53lc58dr,2025-07-24,networking,1.0076999999999998,106.0,3.6399000000000004,0.0,0.0,0.021928000000000003,3
org_53lc58dr,2025-07-24,storage,7.814,387.0,0.0,0.0,0.0,0.0774,3
org_53lc58dr,2025-07-25,analytics,9.4243,99.0,1.8284,5.3329,0.0,0.021233000000000002,3
org_53lc58dr,2025-07-25,compute,21.6364,225.0,1.2677,45.1274,0.0,0.05428,6
org_53lc58dr,2025-07-25,genai,3.0403,0.0,4.3116,16.3275,4410.0,0.004128,3
org_53lc58dr,2025-07-25,storage,0.1381,0.0,1.7445,6.1479,0.0,0.001579,3
org_53lc58dr,2025-07-26,compute,17.489800000000002,217.0,2.7488,0.0,0.0,0.043949999999999996,3
org_53lc58dr,2025-07-26,database,13.7662,225.0,2.3149,44.6686,0.0,0.05439700000000001,6
org_53lc58dr,2025-07-26,genai,28.2578,229.0,1.0369,0.0,2679.0,0.046007,3
org_53lc58dr,2025-07-26,networking,3.3832,381.0,0.0,0.0,0.0,0.07619999999999999,3
org_53lc58dr,2025-07-27,compute,8.7706,93.0,0.0,4.6715,0.0,0.019534,3
org_53lc58dr,2025-07-27,database,6.5306999999999995,110.0,1.6915,0.0,0.0,0.022338,3
org_53lc58dr,2025-07-27,genai,41.061099999999996,346.0,7.1409,0.0,5257.0,0.070629,6
org_53lc58dr,2025-07-27,networking,3.4055,351.0,0.0,0.0,0.0,0.07020000000000001,3
org_53lc58dr,2025-07-28,analytics,25.2366,245.0,4.5811,38.5257,0.0,0.057623,6
org_53lc58dr,2025-07-28,compute,23.0708,329.0,0.0,0.0,0.0,0.0658,3
org_53lc58dr,2025-07-28,database,16.8114,351.0,0.0,0.0,0.0,0.0702,3
org_53lc58dr,2025-07-28,genai,34.496,273.0,0.0,14.2796,2380.0,0.057456,3
org_53lc58dr,2025-07-28,networking,2.6898,231.0,0.0,12.6997,0.0,0.04874,3
org_53lc58dr,2025-07-28,storage,5.6178,233.0,0.0,11.4334,0.0,0.048887,3
org_53lc58dr,2025-07-29,compute,21.9338,235.0,0.0,14.9544,0.0,0.049991,3
org_53lc58dr,2025-07-29,database,6.9505,101.0,0.0,12.677900000000001,0.0,0.022736,3
org_53lc58dr,2025-07-29,genai,14.5598,122.0,2.1225,0.0,988.0,0.024825,3
org_53lc58dr,2025-07-29,networking,2.7682,243.0,0.0,0.0,0.0,0.048600000000000004,3
org_53lc58dr,2025-07-29,storage,1.0025,0.0,0.0,47.3516,0.0,0.009471,3
org_53lc58dr,2025-07-30,analytics,37.1458,472.0,3.0568,13.2428,0.0,0.09766,6
org_53lc58dr,2025-07-30,compute,7.5878000000000005,137.0,0.8331,0.0,0.0,0.027567,3
org_53lc58dr,2025-07-30,genai,18.6522,118.0,0.0,25.7031,2151.0,0.028741,3
org_53lc58dr,2025-07-30,networking,1.2753,107.0,3.0032,2.7125,0.0,0.022543999999999998,3
org_53lc58dr,2025-07-31,analytics,22.4162,263.0,3.0713,25.700899999999997,0.0,0.058354,6
org_53lc58dr,2025-07-31,compute,27.8831,355.0,1.0191,37.225300000000004,0.0,0.078649,6
org_53lc58dr,2025-07-31,database,6.5517,107.0,0.0,33.1736,0.0,0.028033999999999996,3
org_53lc58dr,2025-07-31,genai,0.6697,0.0,4.808,0.0,1284.0,9.62E-4,3
org_53lc58dr,2025-07-31,networking,1.4926,120.0,2.7221,4.8222,0.0,0.025508,3
org_53lc58dr,2025-07-31,storage,0.5171,0.0,0.0,25.987600000000004,0.0,0.005198,3
org_53lc58dr,2025-08-01,database,1.5838999999999999,0.0,9.9605,22.2549,0.0,0.006443,6
org_53lc58dr,2025-08-01,genai,15.6442,131.0,0.0,0.0,3207.0,0.0262,3
org_53lc58dr,2025-08-01,networking,4.3094,375.0,0.0,0.0,0.0,0.075,3
org_53lc58dr,2025-08-02,analytics,32.7553,478.0,0.0,21.1757,0.0,0.09983500000000001,6
org_53lc58dr,2025-08-02,database,1.5619,0.0,0.0,34.8622,0.0,0.006972,3
org_53lc58dr,2025-08-02,networking,2.2607,237.0,0.0,0.0,0.0,0.0474,3
org_53lc58dr,2025-08-02,storage,4.8398,255.0,0.87,0.0,0.0,0.051174,3
org_53lc58dr,2025-08-03,analytics,25.4613,343.0,0.0,27.9035,0.0,0.074181,6
org_53lc58dr,2025-08-03,compute,12.6292,136.0,1.217,0.0,0.0,0.027443,3
org_53lc58dr,2025-08-03,genai,19.286499999999997,124.0,5.6561,39.9251,3600.0,0.033917,6
org_53lc58dr,2025-08-03,networking,1.402,114.0,0.0,30.518500000000003,0.0,0.028904000000000003,3
org_53lc58dr,2025-08-03,storage,2.39,109.0,2.9771,0.0,0.0,0.022394999999999998,3
org_53lc58dr,2025-08-04,analytics,30.009,382.0,2.9046000000000003,13.8197,0.0,0.079745,6
org_53lc58dr,2025-08-04,compute,8.2714,115.0,3.8470999999999997,0.0,0.0,0.023769,3
org_53lc58dr,2025-08-04,database,25.4942,496.0,0.0,21.8536,0.0,0.103571,6
org_53lc58dr,2025-08-04,genai,45.23350000000001,349.0,0.0,0.0,4432.0,0.0698,3
org_53lc58dr,2025-08-05,analytics,8.4587,112.0,4.0705,0.0,0.0,0.023214000000000002,3
org_53lc58dr,2025-08-05,compute,37.2031,474.0,0.0,12.5201,0.0,0.097304,6
org_53lc58dr,2025-08-05,database,31.772399999999998,574.0,0.0,13.4744,0.0,0.117495,6
org_53lc58dr,2025-08-05,networking,0.0673,0.0,2.0525,4.2724,0.0,0.001265,3
org_53lc58dr,2025-08-05,storage,5.4904,236.0,0.0,4.9618,0.0,0.048192,3
org_53lc58dr,2025-08-06,analytics,13.735299999999999,220.0,3.187,0.0,0.0,0.044636999999999996,3
org_53lc58dr,2025-08-06,compute,29.081699999999998,251.0,0.0,61.9473,0.0,0.06259,6
org_53lc58dr,2025-08-06,genai,15.9694,112.0,3.6034,10.2813,3273.0,0.025176999999999998,3
org_53lc58dr,2025-08-06,networking,0.2329,0.0,1.4532,20.6815,0.0,0.004428,3
org_53lc58dr,2025-08-07,analytics,22.0545,237.0,3.3801,11.6458,0.0,0.050405000000000005,6
org_53lc58dr,2025-08-07,compute,9.824900000000001,103.0,0.9165,7.3844,0.0,0.02226,3
org_53lc58dr,2025-08-07,database,6.3905,110.0,7.1934000000000005,29.442899999999998,0.0,0.029327,6
org_53lc58dr,2025-08-07,storage,5.7852,255.0,0.0,19.1174,0.0,0.054823,3
org_53lc58dr,2025-08-08,analytics,27.2734,333.0,0.0,33.7569,0.0,0.073352,6
org_53lc58dr,2025-08-08,compute,16.256,132.0,0.0,14.5485,0.0,0.029309,3
org_53lc58dr,2025-08-08,database,12.5208,250.0,2.5947,19.52,0.0,0.054423,6
org_53lc58dr,2025-08-08,genai,12.7884,115.0,4.5233,0.0,1102.0,0.023905,2
org_53lc58dr,2025-08-08,networking,2.3145000000000002,241.0,0.0,0.0,0.0,0.0482,3
org_53lc58dr,2025-08-08,storage,0.4204,0.0,3.4547,14.9956,0.0,0.00369,3
org_53lc58dr,2025-08-09,analytics,17.32,251.0,0.0,17.3451,0.0,0.053669,3
org_53lc58dr,2025-08-09,compute,20.6426,245.0,5.9519,7.6808,0.0,0.05172600000000001,6
org_53lc58dr,2025-08-09,database,1.0802,0.0,0.4146,20.1491,0.0,0.004113,3
org_53lc58dr,2025-08-09,genai,8.545,0.0,0.0,66.4594,4048.0,0.013291999999999998,3
org_53lc58dr,2025-08-09,networking,0.9785,121.0,2.373,0.4508,0.0,0.024765,3
org_53lc58dr,2025-08-10,analytics,28.0826,383.0,0.0,0.0,0.0,0.0766,3
org_53lc58dr,2025-08-10,compute,19.4371,120.0,2.7325,29.243299999999998,0.0,0.030395000000000002,6
org_53lc58dr,2025-08-10,database,19.962600000000002,354.0,1.7119,43.1683,0.0,0.079775,6
org_53lc58dr,2025-08-10,genai,32.645599999999995,260.0,3.5929,0.0,1940.0,0.052718999999999995,3
org_53lc58dr,2025-08-10,networking,2.2710999999999997,223.0,2.2383,0.0,0.0,0.045048000000000005,3
org_53lc58dr,2025-08-11,analytics,8.8409,111.0,4.963,5.5089,0.0,0.024294000000000003,6
org_53lc58dr,2025-08-11,compute,15.1036,235.0,0.0,10.1194,0.0,0.049024,3
org_53lc58dr,2025-08-11,database,18.564300000000003,361.0,3.0829,19.4205,0.0,0.07670099999999999,6
org_53lc58dr,2025-08-11,genai,1.0253,0.0,8.964099999999998,0.0,1476.0,0.0017929999999999999,3
org_53lc58dr,2025-08-11,networking,2.7014,258.0,2.5901,0.0,0.0,0.052118,3
org_53lc58dr,2025-08-12,analytics,25.061700000000002,366.0,3.2767,2.9719,0.0,0.074449,6
org_53lc58dr,2025-08-12,compute,13.38,125.0,1.7171,21.0457,0.0,0.029553000000000003,6
org_53lc58dr,2025-08-12,database,13.3276,239.0,2.7877,0.0,0.0,0.048358,3
org_53lc58dr,2025-08-12,storage,1.7468000000000001,116.0,4.5658,0.0,0.0,0.024113,3
org_53lc58dr,2025-08-13,analytics,24.101200000000002,319.0,0.0,0.0,0.0,0.0638,3
org_53lc58dr,2025-08-13,compute,15.9698,202.0,0.0,3.4656,0.0,0.041093,3
org_53lc58dr,2025-08-13,database,32.849900000000005,612.0,0.0,0.0,0.0,0.12240000000000001,6
org_53lc58dr,2025-08-13,genai,21.883499999999998,128.0,0.0,22.6372,3684.0,0.030127,3
org_53lc58dr,2025-08-14,analytics,22.3154,344.0,0.0,0.0,0.0,0.0688,3
org_53lc58dr,2025-08-14,compute,2.4244,0.0,2.5195,24.2685,0.0,0.005358,3
org_53lc58dr,2025-08-14,database,30.5159,600.0,4.1355,0.0,0.0,0.12082699999999999,6
org_53lc58dr,2025-08-14,genai,44.1082,339.0,2.0665,28.2899,5057.0,0.07387099999999999,6
org_53lc58dr,2025-08-14,networking,0.0,0.0,0.0,0.0,0.0,0.0,2
org_53lc58dr,2025-08-14,storage,2.9711000000000003,131.0,1.5353,14.1715,0.0,0.029341000000000002,3
org_53lc58dr,2025-08-15,analytics,16.2018,234.0,1.9608,0.0,0.0,0.047192,3
org_53lc58dr,2025-08-15,compute,1.0367,0.0,2.8939,9.9213,0.0,0.002563,3
org_53lc58dr,2025-08-15,database,16.4687,274.0,3.4751000000000003,10.9862,0.0,0.057692,6
org_53lc58dr,2025-08-15,genai,48.9921,372.0,4.9618,13.51,6304.0,0.07809500000000001,6
org_53lc58dr,2025-08-15,networking,3.4467,228.0,0.0,0.0,0.0,0.0456,3
org_53lc58dr,2025-08-15,storage,0.6560999999999999,0.0,0.0,34.25,0.0,0.00685,3
org_53lc58dr,2025-08-16,analytics,1.9478000000000002,0.0,1.4224,27.0138,0.0,0.005687000000000001,3
org_53lc58dr,2025-08-16,compute,33.594500000000004,348.0,0.7674,25.947,0.0,0.074942,6
org_53lc58dr,2025-08-16,database,1.8374000000000001,0.0,3.0892,31.8998,0.0,0.006998,3
org_53lc58dr,2025-08-16,genai,42.5419,365.0,0.0,0.0,3067.0,0.07300000000000001,3
org_53lc58dr,2025-08-16,networking,1.1082,117.0,0.0,13.6098,0.0,0.026122,3
org_53lc58dr,2025-08-17,compute,10.4529,109.0,0.0,26.6897,0.0,0.027138000000000002,3
org_53lc58dr,2025-08-17,genai,30.8716,223.0,3.5559,0.0,1703.0,0.045311000000000004,3
org_53lc58dr,2025-08-17,networking,1.5535,138.0,4.8535,0.0,0.0,0.028571,3
org_53lc58dr,2025-08-17,storage,6.9671,370.0,0.0,0.0,0.0,0.074,3
org_53lc58dr,2025-08-18,analytics,0.49230000000000007,0.0,6.2283,0.0,0.0,0.001246,3
org_53lc58dr,2025-08-18,compute,22.1298,223.0,0.0,13.7409,0.0,0.047348,3
org_53lc58dr,2025-08-18,database,0.3937,0.0,1.8148,8.8871,0.0,0.00214,3
org_53lc58dr,2025-08-18,genai,26.6217,207.0,0.0,0.0,3609.0,0.0414,3
org_53lc58dr,2025-08-18,storage,5.1524,259.0,2.5318,0.0,0.0,0.052306,3
org_53lc58dr,2025-08-19,analytics,24.385199999999998,235.0,0.0,0.0,0.0,0.047,3
org_53lc58dr,2025-08-19,compute,32.5129,380.0,0.0,0.0,0.0,0.076,3
org_53lc58dr,2025-08-19,database,12.1782,224.0,0.0,6.2789,0.0,0.046056,3
org_53lc58dr,2025-08-19,genai,37.9091,370.0,2.163,0.0,4258.0,0.074433,6
org_53lc58dr,2025-08-19,storage,1.847,113.0,0.8603000000000001,0.0,0.0,0.022771999999999997,3
org_53lc58dr,2025-08-20,analytics,14.4314,226.0,0.5347,0.0,0.0,0.045307,3
org_53lc58dr,2025-08-20,database,10.8178,224.0,5.5638,15.6878,0.0,0.049051,6
org_53lc58dr,2025-08-20,genai,18.1929,128.0,0.0,17.086100000000002,3943.0,0.029018000000000002,3
org_53lc58dr,2025-08-20,storage,0.1815,0.0,1.3453,7.9245,0.0,0.001854,3
org_53lc58dr,2025-08-21,analytics,20.689799999999998,261.0,0.0,0.0,0.0,0.052199999999999996,3
org_53lc58dr,2025-08-21,compute,11.9649,129.0,3.8295000000000003,0.0,0.0,0.026566,3
org_53lc58dr,2025-08-21,database,24.4848,332.0,2.0793,0.0,0.0,0.066816,6
org_53lc58dr,2025-08-21,genai,20.578200000000002,123.0,0.0,15.541699999999999,2414.0,0.027708,3
org_53lc58dr,2025-08-21,networking,3.0366,124.0,0.0,16.0861,0.0,0.028017,3
org_53lc58dr,2025-08-21,storage,4.522499999999999,226.0,0.6196,0.0,0.0,0.045324,3
org_53lc58dr,2025-08-22,analytics,21.637600000000003,235.0,1.2251,42.8163,0.0,0.055807999999999996,6
org_53lc58dr,2025-08-22,compute,48.3125,613.0,4.8598,0.0,0.0,0.123572,6
org_53lc58dr,2025-08-22,database,7.1178,110.0,0.2366,12.1862,0.0,0.024484,3
org_53lc58dr,2025-08-22,genai,3.8063,0.0,2.7244,31.5029,2690.0,0.006845,3
org_53lc58dr,2025-08-22,networking,1.4962,97.0,0.3112,22.2234,0.0,0.023907,3
org_53lc58dr,2025-08-22,storage,6.1091,132.0,0.0,0.6758,0.0,0.026535,3
org_53lc58dr,2025-08-23,analytics,32.8759,493.0,3.1161,0.0,0.0,0.099224,6
org_53lc58dr,2025-08-23,compute,11.5343,120.0,0.0,24.1822,0.0,0.028837,3
org_53lc58dr,2025-08-23,database,19.4919,342.0,1.1585,14.0718,0.0,0.071446,6
org_53lc58dr,2025-08-23,genai,55.454100000000004,364.0,4.9603,20.4844,5407.0,0.077889,6
org_53lc58dr,2025-08-23,storage,5.2288,228.0,0.0,0.0,0.0,0.0456,3
org_53lc58dr,2025-08-24,analytics,17.717200000000002,259.0,0.6866,0.0,0.0,0.051937,3
org_53lc58dr,2025-08-24,compute,8.503,119.0,0.0,7.1019,0.0,0.025220000000000003,3
org_53lc58dr,2025-08-24,database,12.9411,231.0,2.5781,0.0,0.0,0.04671600000000001,3
org_53lc58dr,2025-08-25,analytics,22.351200000000002,340.0,5.6076,12.3903,0.0,0.07159999999999998,6
org_53lc58dr,2025-08-25,database,6.2304,107.0,0.5589,6.6042,0.0,0.022833,3
org_53lc58dr,2025-08-25,networking,2.5736,248.0,0.0,0.0,0.0,0.049600000000000005,3
org_53lc58dr,2025-08-26,analytics,30.2047,335.0,1.8012,42.1578,0.0,0.07579199999999998,6
org_53lc58dr,2025-08-26,compute,18.5113,225.0,1.1709,0.0,0.0,0.045234,3
org_53lc58dr,2025-08-26,database,24.976100000000002,355.0,2.436,16.9477,0.0,0.074877,6
org_53lc58dr,2025-08-26,genai,1.8175000000000001,0.0,2.4774,12.453,1958.0,0.002986,3
org_53lc58dr,2025-08-26,networking,1.192,122.0,2.6959,0.0,0.0,0.024939,3
org_53lc58dr,2025-08-26,storage,2.7482,121.0,2.4693,5.7455,0.0,0.025843,3
org_53lc58dr,2025-08-27,analytics,18.0925,226.0,0.4916,0.0,0.0,0.045298000000000005,3
org_53lc58dr,2025-08-27,compute,42.189400000000006,516.0,2.5227,14.2233,0.0,0.10655,6
org_53lc58dr,2025-08-27,database,10.6345,238.0,0.0,3.0021,0.0,0.04820000000000001,3
org_53lc58dr,2025-08-27,genai,43.6883,349.0,0.0,0.0,2556.0,0.0698,3
org_53lc58dr,2025-08-27,storage,0.27690000000000003,0.0,0.925,14.954699999999999,0.0,0.003176,3
org_53lc58dr,2025-08-28,analytics,14.5366,223.0,1.0715,0.0,0.0,0.044814,3
org_53lc58dr,2025-08-28,compute,28.9662,370.0,4.1463,0.0,0.0,0.07482899999999999,6
org_53lc58dr,2025-08-28,database,22.157399999999996,374.0,2.3128,15.3664,0.0,0.078336,6
org_53lc58dr,2025-08-28,genai,14.9901,120.0,1.6785999999999999,0.0,2155.0,0.024336,3
org_53lc58dr,2025-08-28,networking,2.4787999999999997,240.0,0.0,15.4104,0.0,0.051082,3
org_53lc58dr,2025-08-28,storage,4.9234,238.0,0.5733,0.0,0.0,0.047715,3
org_53lc58dr,2025-08-29,analytics,17.292299999999997,234.0,2.5587,0.0,0.0,0.04731199999999999,3
org_53lc58dr,2025-08-29,compute,0.4647,0.0,2.0671,4.3844,0.0,0.00129,3
org_53lc58dr,2025-08-29,database,10.3658,201.0,3.0087,0.0,0.0,0.040802000000000005,3
org_53lc58dr,2025-08-29,networking,1.2445000000000002,109.0,3.5249,7.6373,0.0,0.024032,3
org_53lc58dr,2025-08-30,compute,11.3755,112.0,6.023899999999999,9.2324,0.0,0.025451,6
org_53lc58dr,2025-08-30,database,19.2887,365.0,0.0,17.9903,0.0,0.076598,6
org_53lc58dr,2025-08-30,genai,33.072900000000004,243.0,0.0,9.1316,1527.0,0.050426,3
org_53lc58dr,2025-08-30,networking,3.405,321.0,0.0,0.0,0.0,0.06420000000000001,3
org_53lc58dr,2025-08-30,storage,2.6326,114.0,2.7532,7.9395,0.0,0.024939,3
org_53lc58dr,2025-08-31,analytics,47.36789999999999,604.0,0.0,0.0,0.0,0.1208,6
org_53lc58dr,2025-08-31,compute,1.0125000000000002,0.0,1.1799000000000002,9.866399999999999,0.0,0.002209,6
org_53lc58dr,2025-08-31,database,1.7010999999999998,0.0,0.0,37.2119,0.0,0.007442,3
org_53lc58dr,2025-08-31,genai,15.1432,112.0,0.0,12.9945,2208.0,0.024999,3
org_53lc58dr,2025-08-31,storage,2.6436,125.0,0.0,33.5686,0.0,0.031714,3
org_5935a0l7,2025-07-03,analytics,9.2364,119.0,0.0,20.422,0.0,0.0,3
org_5935a0l7,2025-07-03,database,5.5049,115.0,0.0,3.3199,0.0,0.0,3
org_5935a0l7,2025-07-03,networking,2.0275,232.0,0.0,11.9592,0.0,0.0,3
org_5935a0l7,2025-07-04,analytics,10.754900000000001,129.0,1.7868,0.0,0.0,0.0,3
org_5935a0l7,2025-07-04,compute,30.4769,381.0,2.5785,9.081900000000001,0.0,0.0,6
org_5935a0l7,2025-07-04,networking,3.4864999999999995,374.0,0.0,0.0,0.0,0.0,3
org_5935a0l7,2025-07-05,compute,42.782399999999996,488.0,4.8776,0.0,0.0,0.0,6
org_5935a0l7,2025-07-05,database,8.9471,126.0,1.8475,0.0,0.0,0.0,3
org_5935a0l7,2025-07-06,compute,13.0969,126.0,0.0,35.838,0.0,0.0,2
org_5935a0l7,2025-07-06,database,18.5377,238.0,0.8981,11.7049,0.0,0.0,6
org_5935a0l7,2025-07-06,networking,0.199,0.0,1.8205,17.5736,0.0,0.0,3
org_5935a0l7,2025-07-07,analytics,11.433499999999999,136.0,0.0,0.3441,0.0,0.0,3
org_5935a0l7,2025-07-07,database,14.7972,245.0,0.0,1.4794,0.0,0.0,3
org_5935a0l7,2025-07-08,compute,18.493299999999998,241.0,0.0,0.0,0.0,0.0,3
org_5935a0l7,2025-07-08,database,7.445,111.0,5.9557,30.682299999999998,0.0,0.0,6
org_5935a0l7,2025-07-08,networking,1.2635999999999998,119.0,1.8127,6.6467,0.0,0.0,3
org_5935a0l7,2025-07-09,compute,271.64040000000006,267.0,1.1745,7.2181,0.0,0.0,6
org_5935a0l7,2025-07-09,database,23.0049,490.0,4.654,10.3723,0.0,0.0,6
org_5935a0l7,2025-07-09,networking,0.28790000000000004,0.0,1.3243,25.276699999999998,0.0,0.0,3
org_5935a0l7,2025-07-10,compute,9.404,125.0,2.757,5.624,0.0,0.0,3
org_5935a0l7,2025-07-10,database,8.082,133.0,0.0,22.9787,0.0,0.0,3
org_5935a0l7,2025-07-10,networking,1.4907,120.0,2.7619,14.937,0.0,0.0,3
org_5935a0l7,2025-07-11,compute,18.3091,226.0,0.0,0.0,0.0,0.0,3
org_5935a0l7,2025-07-11,database,17.0668,349.0,0.0,0.0,0.0,0.0,3
org_5935a0l7,2025-07-11,networking,1.3544,101.0,6.4651000000000005,28.3068,0.0,0.0,6
org_5935a0l7,2025-07-12,compute,13.9626,133.0,3.7081,10.9603,0.0,0.0,3
org_5935a0l7,2025-07-12,networking,6.2789,593.0,2.3422,0.0,0.0,0.0,6
org_5935a0l7,2025-07-13,compute,9.4503,112.0,0.0,0.0,0.0,0.0,3
org_5935a0l7,2025-07-13,database,17.3443,366.0,4.8123000000000005,19.1076,0.0,0.0,6
org_5935a0l7,2025-07-14,analytics,0.1888,0.0,3.0361,0.0,0.0,0.0,3
org_5935a0l7,2025-07-14,compute,31.4833,344.0,0.0,0.0,0.0,0.0,3
org_5935a0l7,2025-07-14,database,6.171600000000001,122.0,1.5388,0.0,0.0,0.0,2
org_5935a0l7,2025-07-15,analytics,8.3143,108.0,0.0,6.136,0.0,0.0,3
org_5935a0l7,2025-07-15,compute,264.48560000000003,611.0,1.8931,0.0,0.0,0.0,6
org_5935a0l7,2025-07-15,database,18.5792,373.0,6.5768,0.0,0.0,0.0,6
org_5935a0l7,2025-07-15,networking,1.2720999999999998,121.0,3.2862,0.0,0.0,0.0,3
org_5935a0l7,2025-07-16,database,10.309099999999999,127.0,4.3723,38.2281,0.0,0.0,6
org_5935a0l7,2025-07-16,networking,1.4187,118.0,4.4641,0.0,0.0,0.0,3
org_5935a0l7,2025-07-17,analytics,7.7322,109.0,1.0263,17.0036,0.0,0.0,3
org_5935a0l7,2025-07-17,compute,28.3119,346.0,4.743,0.0,0.0,0.0,6
org_5935a0l7,2025-07-17,database,23.835499999999996,429.0,0.0,33.0492,0.0,0.0,6
org_5935a0l7,2025-07-17,networking,2.7720000000000002,251.0,0.8851,0.0,0.0,0.0,3
org_5935a0l7,2025-07-18,analytics,9.506,127.0,2.8003,10.9336,0.0,0.028147000000000002,3
org_5935a0l7,2025-07-18,compute,8.794,101.0,0.0,19.9246,0.0,0.024184999999999998,3
org_5935a0l7,2025-07-18,networking,1.4865999999999997,132.0,8.506,16.5099,0.0,0.031403,6
org_5935a0l7,2025-07-19,analytics,7.4978,104.0,0.2458,19.9354,0.0,0.024835999999999997,3
org_5935a0l7,2025-07-19,compute,11.8286,130.0,2.44,5.3734,0.0,0.027562999999999997,3
org_5935a0l7,2025-07-19,database,35.7839,716.0,0.0,0.0,0.0,0.1432,6
org_5935a0l7,2025-07-19,networking,0.30010000000000003,0.0,5.2537,26.7175,0.0,0.0063950000000000005,3
org_5935a0l7,2025-07-20,analytics,10.1482,139.0,1.7477,17.1637,0.0,0.031583,3
org_5935a0l7,2025-07-20,networking,0.1717,0.0,0.0,14.5041,0.0,0.002901,3
org_5935a0l7,2025-07-21,analytics,17.414,226.0,2.6927,0.0,0.0,0.045739,3
org_5935a0l7,2025-07-21,compute,20.757,242.0,2.4708,28.2833,0.0,0.054550999999999995,6
org_5935a0l7,2025-07-21,database,14.6994,236.0,2.4547,30.4509,0.0,0.053780999999999995,6
org_5935a0l7,2025-07-21,networking,3.3587000000000002,355.0,0.0,0.0,0.0,0.07100000000000001,3
org_5935a0l7,2025-07-22,analytics,17.892400000000002,240.0,0.0,25.5285,0.0,0.053106,3
org_5935a0l7,2025-07-22,compute,20.401,239.0,0.6482,0.0,0.0,0.04793,3
org_5935a0l7,2025-07-22,database,19.3345,355.0,0.0,0.0,0.0,0.07100000000000001,3
org_5935a0l7,2025-07-23,compute,21.5509,243.0,0.0,22.0333,0.0,0.053007000000000006,3
org_5935a0l7,2025-07-23,database,12.8254,131.0,0.0,10.5962,0.0,0.028319,3
org_5935a0l7,2025-07-24,analytics,7.895099999999999,118.0,0.0,5.0892,0.0,0.024618,3
org_5935a0l7,2025-07-24,compute,22.701999999999998,258.0,3.173,0.0,0.0,0.052235000000000004,3
org_5935a0l7,2025-07-24,networking,3.8811999999999998,367.0,0.0,4.9529,0.0,0.074391,6
org_5935a0l7,2025-07-25,compute,39.20569999999999,497.0,4.1566,0.0,0.0,0.100231,6
org_5935a0l7,2025-07-25,database,0.162,0.0,0.0,2.4794,0.0,4.96E-4,3
org_5935a0l7,2025-07-25,networking,0.0571,0.0,6.5724,0.0,0.0,0.001315,3
org_5935a0l7,2025-07-26,compute,38.6841,498.0,1.4367,15.4089,0.0,0.10296899999999999,6
org_5935a0l7,2025-07-26,database,18.821599999999997,336.0,0.0,25.0216,0.0,0.072204,6
org_5935a0l7,2025-07-26,networking,1.4278,122.0,0.0,23.5555,0.0,0.029111,3
org_5935a0l7,2025-07-27,compute,42.6651,515.0,3.0352,0.0,0.0,0.103607,6
org_5935a0l7,2025-07-27,database,27.0852,488.0,0.0659,13.8445,0.0,0.100382,6
org_5935a0l7,2025-07-27,networking,2.5605,221.0,1.8277,45.7093,0.0,0.053708000000000006,6
org_5935a0l7,2025-07-28,analytics,24.640500000000003,368.0,0.0,0.0,0.0,0.0736,3
org_5935a0l7,2025-07-28,compute,19.2502,243.0,0.0,29.4866,0.0,0.054497000000000004,3
org_5935a0l7,2025-07-29,compute,9.754199999999999,132.0,0.0,3.6432,0.0,0.027129,3
org_5935a0l7,2025-07-29,database,22.0233,360.0,2.4546,37.3859,0.0,0.079968,6
org_5935a0l7,2025-07-29,networking,2.0717,221.0,0.2325,0.0,0.0,0.044247,3
org_5935a0l7,2025-07-30,compute,9.423499999999999,109.0,0.9569,0.0,0.0,0.021991,3
org_5935a0l7,2025-07-30,database,7.7585999999999995,134.0,0.0,22.507800000000003,0.0,0.031302,3
org_5935a0l7,2025-07-30,networking,1.9159,132.0,0.0,27.6284,0.0,0.031925,6
org_5935a0l7,2025-07-31,compute,29.0961,333.0,0.0,0.0,0.0,0.06659999999999999,3
org_5935a0l7,2025-07-31,database,8.4272,127.0,0.0,21.7363,0.0,0.029747,3
org_5935a0l7,2025-08-01,analytics,7.459300000000001,117.0,4.7129,2.5448,0.0,0.024852,3
org_5935a0l7,2025-08-01,compute,16.464,228.0,1.9028,0.0,0.0,0.045981,3
org_5935a0l7,2025-08-01,database,7.421199999999999,118.0,2.204,10.1099,0.0,0.026063,3
org_5935a0l7,2025-08-01,networking,3.5856999999999997,370.0,0.0,0.0,0.0,0.074,3
org_5935a0l7,2025-08-02,database,20.2236,364.0,5.3635,0.0,0.0,0.073873,6
org_5935a0l7,2025-08-02,networking,3.4347,263.0,7.3663,17.6025,0.0,0.057595,6
org_5935a0l7,2025-08-03,analytics,11.9123,130.0,0.0,30.0382,0.0,0.032008,3
org_5935a0l7,2025-08-03,compute,16.567899999999998,245.0,2.6136,0.0,0.0,0.049523,3
org_5935a0l7,2025-08-03,networking,0.1931,0.0,0.9905,16.7989,0.0,0.0035570000000000003,3
org_5935a0l7,2025-08-04,analytics,1.9885,0.0,1.0918,29.3322,0.0,0.006083999999999999,3
org_5935a0l7,2025-08-04,compute,13.3926,0.0,0.0,37.9557,0.0,0.0075910000000000005,3
org_5935a0l7,2025-08-04,networking,2.7198,232.0,5.7211,11.5889,0.0,0.049862,6
org_5935a0l7,2025-08-05,analytics,8.2686,134.0,0.0,24.650100000000002,0.0,0.03173,3
org_5935a0l7,2025-08-05,database,16.0057,240.0,4.2657,57.38290000000001,0.0,0.060329999999999995,6
org_5935a0l7,2025-08-05,networking,4.339,252.0,0.0,21.0622,0.0,0.054613,6
org_5935a0l7,2025-08-06,compute,20.143,240.0,2.7441,36.9829,0.0,0.055945,6
org_5935a0l7,2025-08-06,database,16.5714,235.0,7.1501,12.5151,0.0,0.050933,6
org_5935a0l7,2025-08-07,database,27.6002,465.0,0.0,51.8726,0.0,0.10337500000000001,6
org_5935a0l7,2025-08-07,networking,3.9225,370.0,1.2089,15.6713,0.0,0.077376,6
org_5935a0l7,2025-08-08,compute,11.1929,137.0,0.0,9.568,0.0,0.029314,3
org_5935a0l7,2025-08-08,database,17.6836,402.0,5.5121,0.0,0.0,0.081502,5
org_5935a0l7,2025-08-08,networking,1.4842,120.0,0.0,42.503,0.0,0.032501,3
org_5935a0l7,2025-08-09,compute,21.3355,248.0,7.1731,16.9197,0.0,0.054419,6
org_5935a0l7,2025-08-09,database,3.7916,0.0,8.319199999999999,50.063,0.0,0.011675999999999999,6
org_5935a0l7,2025-08-09,networking,3.0528,237.0,2.534,39.0052,0.0,0.055708,6
org_5935a0l7,2025-08-10,analytics,2.042,0.0,0.0,29.5107,0.0,0.005902,3
org_5935a0l7,2025-08-10,compute,200.45309999999998,273.0,0.0,0.0,0.0,0.054599999999999996,3
org_5935a0l7,2025-08-10,database,21.7665,368.0,7.7579,16.1914,0.0,0.07838999999999999,6
org_5935a0l7,2025-08-10,networking,2.998,274.0,3.0704,0.0,0.0,0.055414000000000005,3
org_5935a0l7,2025-08-11,analytics,8.398600000000002,133.0,2.9938,0.0,0.0,0.027199,3
org_5935a0l7,2025-08-11,compute,11.7893,133.0,2.8435,13.4483,0.0,0.029859,3
org_5935a0l7,2025-08-11,networking,2.1195,230.0,0.0,0.0,0.0,0.046,3
org_5935a0l7,2025-08-12,analytics,10.826199999999998,119.0,2.1923,0.0,0.0,0.024238000000000003,3
org_5935a0l7,2025-08-12,compute,19.928600000000003,233.0,2.6271,0.0,0.0,0.047125,3
org_5935a0l7,2025-08-12,database,24.847700000000003,470.0,0.7642,23.8016,0.0,0.098913,6
org_5935a0l7,2025-08-12,networking,1.8319999999999999,141.0,3.1103,38.703599999999994,0.0,0.036563,6
org_5935a0l7,2025-08-13,compute,2.2893,0.0,3.9347,24.3237,0.0,0.005652000000000001,3
org_5935a0l7,2025-08-13,database,2.1079,0.0,0.0,46.8494,0.0,0.00937,3
org_5935a0l7,2025-08-14,compute,21.9152,249.0,3.2619,0.0,0.0,0.050452,3
org_5935a0l7,2025-08-14,database,18.723999999999997,384.0,0.7577,0.2025,0.0,0.07699299999999999,6
org_5935a0l7,2025-08-14,networking,1.5680999999999998,128.0,11.5373,4.5144,0.0,0.028811000000000003,6
org_5935a0l7,2025-08-15,analytics,9.1542,109.0,3.8276,2.5093,0.0,0.023067999999999998,3
org_5935a0l7,2025-08-15,compute,10.1574,128.0,0.0,14.6181,0.0,0.028524,3
org_5935a0l7,2025-08-15,database,12.485,232.0,2.9725,0.0,0.0,0.046995,3
org_5935a0l7,2025-08-15,networking,2.1219,227.0,0.0,22.031599999999997,0.0,0.049805999999999996,6
org_5935a0l7,2025-08-16,analytics,9.282399999999999,128.0,0.0,32.8257,0.0,0.032165,3
org_5935a0l7,2025-08-16,compute,30.2955,372.0,0.0,0.0,0.0,0.0744,3
org_5935a0l7,2025-08-16,database,6.3289,110.0,0.0,35.199200000000005,0.0,0.029039,3
org_5935a0l7,2025-08-16,networking,0.15810000000000002,0.0,3.6079,12.7163,0.0,0.0032649999999999997,3
org_5935a0l7,2025-08-17,compute,41.462199999999996,488.0,0.0,8.4584,0.0,0.099292,6
org_5935a0l7,2025-08-17,database,7.601,128.0,1.4492,32.0912,0.0,0.032309000000000004,6
org_5935a0l7,2025-08-17,networking,1.2498,124.0,1.0321,19.2023,0.0,0.028846,3
org_5935a0l7,2025-08-18,analytics,8.8894,114.0,0.5072,11.7349,0.0,0.025248,3
org_5935a0l7,2025-08-18,compute,24.825,251.0,0.0,37.924099999999996,0.0,0.057784,6
org_5935a0l7,2025-08-18,database,18.947699999999998,343.0,3.245,20.0355,0.0,0.073256,6
org_5935a0l7,2025-08-18,networking,6.0611999999999995,576.0,0.0,15.8804,0.0,0.11837600000000001,6
org_5935a0l7,2025-08-19,compute,19.4395,242.0,0.0,17.9672,0.0,0.051993,3
org_5935a0l7,2025-08-19,database,12.985,238.0,3.6244,0.0,0.0,0.048325,6
org_5935a0l7,2025-08-19,networking,2.8122,239.0,0.0,11.1503,0.0,0.05003,3
org_5935a0l7,2025-08-20,compute,26.8324,333.0,2.122,15.5459,0.0,0.070133,6
org_5935a0l7,2025-08-20,networking,2.4188,227.0,0.0,0.4794,0.0,0.045495999999999995,3
org_5935a0l7,2025-08-21,analytics,1.2896,0.0,2.9518,16.3791,0.0,0.0038659999999999996,3
org_5935a0l7,2025-08-21,compute,10.6461,123.0,0.0,0.6646,0.0,0.024733,3
org_5935a0l7,2025-08-21,database,1.8283999999999998,0.0,0.0,32.575,0.0,0.006515,3
org_5935a0l7,2025-08-21,networking,1.1498,127.0,3.7451,0.0,0.0,0.026149,3
org_5935a0l7,2025-08-22,analytics,15.9008,225.0,0.0,4.5764,0.0,0.045915,3
org_5935a0l7,2025-08-22,compute,11.3558,110.0,2.0171,24.226,0.0,0.027247999999999998,3
org_5935a0l7,2025-08-22,database,11.042399999999999,221.0,2.0893,30.0097,0.0,0.050620000000000005,6
org_5935a0l7,2025-08-22,networking,3.7348,350.0,3.981,12.4481,0.0,0.07328599999999999,6
org_5935a0l7,2025-08-23,compute,21.5289,116.0,0.0,14.3841,0.0,0.026077,3
org_5935a0l7,2025-08-23,database,12.6658,243.0,2.509,0.0,0.0,0.049102,3
org_5935a0l7,2025-08-24,analytics,0.3807,0.0,5.5451999999999995,0.0,0.0,0.0011090000000000002,3
org_5935a0l7,2025-08-24,compute,22.7109,0.0,0.3886,24.9429,0.0,0.005066,3
org_5935a0l7,2025-08-24,database,7.095799999999999,105.0,5.111800000000001,18.3109,0.0,0.025685,6
org_5935a0l7,2025-08-24,networking,2.1368,211.0,0.0,0.0,0.0,0.0422,3
org_5935a0l7,2025-08-25,analytics,0.196,0.0,3.2504,0.0,0.0,6.5E-4,3
org_5935a0l7,2025-08-25,compute,17.8537,236.0,0.0,0.0,0.0,0.0472,3
org_5935a0l7,2025-08-25,database,1.0983,0.0,4.1985,0.0,0.0,8.4E-4,3
org_5935a0l7,2025-08-25,networking,2.5944000000000003,210.0,5.086,26.3334,0.0,0.04828400000000001,6
org_5935a0l7,2025-08-26,analytics,10.7416,119.0,2.5294,15.8135,0.0,0.027469,3
org_5935a0l7,2025-08-26,compute,2.5553,0.0,3.2094,27.9652,0.0,0.006235,3
org_5935a0l7,2025-08-26,database,11.916599999999999,232.0,0.0,6.4498,0.0,0.047689999999999996,3
org_5935a0l7,2025-08-26,networking,27.9664,336.0,2.8312,27.7645,0.0,0.073319,6
org_5935a0l7,2025-08-27,compute,0.9207000000000001,0.0,3.9695,7.4018,0.0,0.002274,3
org_5935a0l7,2025-08-27,networking,2.3449999999999998,260.0,5.1056,0.0,0.0,0.053021,3
org_5935a0l7,2025-08-28,analytics,16.469299999999997,241.0,2.1297,0.0,0.0,0.048626,3
org_5935a0l7,2025-08-28,compute,12.8446,156.0,2.4513,0.0,0.0,0.031689999999999996,3
org_5935a0l7,2025-08-28,database,15.457600000000001,248.0,0.0,16.9987,0.0,0.053000000000000005,6
org_5935a0l7,2025-08-29,analytics,6.2539,117.0,0.7789,0.0,0.0,0.023556,3
org_5935a0l7,2025-08-29,compute,19.9545,130.0,1.5718,61.494299999999996,0.0,0.038612999999999995,6
org_5935a0l7,2025-08-29,database,19.637300000000003,365.0,0.5679,29.417499999999997,0.0,0.078997,6
org_5935a0l7,2025-08-30,compute,8.8275,118.0,0.0,9.8721,0.0,0.025574,3
org_5935a0l7,2025-08-30,database,13.495,226.0,5.1956,18.7635,0.0,0.049992,5
org_5935a0l7,2025-08-30,networking,0.023799999999999998,0.0,0.147,2.3265,0.0,4.940000000000001E-4,3
org_5935a0l7,2025-08-31,analytics,17.8502,237.0,0.0,8.0921,0.0,0.049018,3
org_5935a0l7,2025-08-31,compute,16.7698,222.0,2.6988,0.0,0.0,0.044939999999999994,3
org_5935a0l7,2025-08-31,database,19.7226,377.0,2.2124,18.573800000000002,0.0,0.079556,6
org_5935a0l7,2025-08-31,networking,1.1367,106.0,0.3275,0.0,0.0,0.021266,3
org_5iqvnb4g,2025-07-03,database,7.0964,132.0,0.6817,3.0318,0.0,0.0,3
org_5iqvnb4g,2025-07-03,networking,1.2825000000000002,125.0,1.3687,15.3621,0.0,0.0,3
org_5iqvnb4g,2025-07-04,database,19.9834,394.0,0.0,0.0,0.0,0.0,3
org_5iqvnb4g,2025-07-04,networking,5.915900000000001,611.0,0.0,16.1479,0.0,0.0,6
org_5iqvnb4g,2025-07-05,networking,0.0725,0.0,7.55,0.0,0.0,0.0,3
org_5iqvnb4g,2025-07-07,database,6.006,117.0,4.8075,20.1874,0.0,0.0,3
org_5iqvnb4g,2025-07-07,networking,2.5943,229.0,0.0,0.0,0.0,0.0,2
org_5iqvnb4g,2025-07-08,networking,1.8887,216.0,0.0,0.0,0.0,0.0,3
org_5iqvnb4g,2025-07-09,database,0.2509,0.0,4.192,0.0,0.0,0.0,3
org_5iqvnb4g,2025-07-10,database,3.6430999999999996,98.0,2.5057,1.3769,0.0,0.0,3
org_5iqvnb4g,2025-07-10,networking,0.975,121.0,0.4011,0.0,0.0,0.0,3
org_5iqvnb4g,2025-07-11,networking,31.919100000000004,367.0,0.0,0.0,0.0,0.0,3
org_5iqvnb4g,2025-07-12,database,17.9583,370.0,0.0,0.0,0.0,0.0,3
org_5iqvnb4g,2025-07-12,networking,1.0836999999999999,117.0,2.2815,0.0,0.0,0.0,2
org_5iqvnb4g,2025-07-13,database,5.5834,117.0,3.9629,0.0,0.0,0.0,3
org_5iqvnb4g,2025-07-14,networking,2.1972,252.0,4.8954,0.0,0.0,0.0,3
org_5iqvnb4g,2025-07-15,database,1.0219,0.0,1.2502,18.0784,0.0,0.0,3
org_5iqvnb4g,2025-07-16,database,13.035,248.0,0.0,9.842,0.0,0.0,3
org_5iqvnb4g,2025-07-16,networking,1.5843,142.0,0.0,14.335999999999999,0.0,0.0,3
org_5iqvnb4g,2025-07-17,database,13.8213,222.0,0.0,4.9805,0.0,0.0,3
org_5iqvnb4g,2025-07-18,database,0.2244,0.0,5.4456,0.0,0.0,0.001089,3
org_5iqvnb4g,2025-07-18,networking,3.5954,227.0,0.0,0.0,0.0,0.045399999999999996,3
org_5iqvnb4g,2025-07-19,database,6.1075,116.0,4.527,16.9713,0.0,0.027499,3
org_5iqvnb4g,2025-07-19,networking,2.3228,237.0,0.0,10.9789,0.0,0.049596,3
org_5iqvnb4g,2025-07-20,database,5.1985,105.0,2.8408,3.7837,0.0,0.022325,3
org_5iqvnb4g,2025-07-20,networking,1.2036,108.0,4.2332,0.0,0.0,0.022446,3
org_5iqvnb4g,2025-07-21,database,5.5632,120.0,5.9231,0.0,0.0,0.025184,3
org_5iqvnb4g,2025-07-21,networking,3.7253999999999996,351.0,1.606,13.1226,0.0,0.073146,6
org_5iqvnb4g,2025-07-22,networking,1.9522,237.0,2.3469,0.0,0.0,0.047868999999999995,3
org_5iqvnb4g,2025-07-23,networking,1.2362,138.0,3.0155,5.1472,0.0,0.029231999999999998,3
org_5iqvnb4g,2025-07-24,database,18.5395,346.0,0.0,0.0,0.0,0.0692,3
org_5iqvnb4g,2025-07-25,database,12.691099999999999,251.0,0.0,3.5107,0.0,0.050902,3
org_5iqvnb4g,2025-07-26,networking,3.5018,361.0,2.7488,5.1233,0.0,0.07377500000000001,6
org_5iqvnb4g,2025-07-27,database,11.404600000000002,341.0,0.0,0.0,0.0,0.0682,3
org_5iqvnb4g,2025-07-27,networking,2.987,250.0,0.0,6.1426,0.0,0.051229000000000004,3
org_5iqvnb4g,2025-07-28,networking,0.7070000000000001,0.0,5.0451999999999995,40.167,0.0,0.009042,6
org_5iqvnb4g,2025-07-29,networking,4.8383,479.0,0.0,0.0,0.0,0.0958,6
org_5iqvnb4g,2025-07-30,networking,3.993,343.0,9.0099,0.0,0.0,0.070401,6
org_5iqvnb4g,2025-07-31,database,11.2646,226.0,0.0,17.6129,0.0,0.048722999999999995,3
org_5iqvnb4g,2025-07-31,networking,2.5409,221.0,0.0,2.7567,0.0,0.044751,6
org_5iqvnb4g,2025-08-01,networking,2.633,264.0,0.635,0.0,0.0,0.052927,3
org_5iqvnb4g,2025-08-02,networking,3.0143999999999997,264.0,5.133100000000001,0.0,0.0,0.053826,6
org_5iqvnb4g,2025-08-03,networking,3.8722000000000003,375.0,7.2071000000000005,0.0,0.0,0.07644100000000001,6
org_5iqvnb4g,2025-08-04,database,1.6854999999999998,0.0,0.6713,37.6997,0.0,0.007674,3
org_5iqvnb4g,2025-08-04,networking,1.3477,116.0,3.7132,0.0,0.0,0.023943,3
org_5iqvnb4g,2025-08-05,database,16.4465,325.0,0.0,0.0,0.0,0.065,3
org_5iqvnb4g,2025-08-05,networking,2.4831,250.0,1.0445,0.0,0.0,0.050209000000000004,3
org_5iqvnb4g,2025-08-06,networking,3.6700999999999997,364.0,0.0,9.082799999999999,0.0,0.074617,6
org_5iqvnb4g,2025-08-07,database,12.014800000000001,238.0,2.4045,0.0,0.0,0.048081,3
org_5iqvnb4g,2025-08-07,networking,4.989000000000001,474.0,1.9525,0.0,0.0,0.095191,6
org_5iqvnb4g,2025-08-08,networking,2.1776999999999997,214.0,2.1506,0.0,0.0,0.04323,3
org_5iqvnb4g,2025-08-09,database,9.1323,224.0,0.0,3.8276,0.0,0.045565999999999995,3
org_5iqvnb4g,2025-08-09,networking,1.8599,109.0,7.740500000000001,33.944,0.0,0.030137,6
org_5iqvnb4g,2025-08-10,database,6.1703,142.0,2.2701000000000002,0.0,0.0,0.028854000000000005,3
org_5iqvnb4g,2025-08-11,database,4.1827000000000005,119.0,4.3508,0.0,0.0,0.02467,3
org_5iqvnb4g,2025-08-11,networking,3.5618000000000003,345.0,0.9183,25.1246,0.0,0.074209,6
org_5iqvnb4g,2025-08-12,database,15.9651,363.0,0.0,0.0,0.0,0.0726,3
org_5iqvnb4g,2025-08-12,networking,1.5374,126.0,5.1248000000000005,0.0,0.0,0.026225,3
org_5iqvnb4g,2025-08-13,database,14.188699999999999,240.0,0.0,14.8603,0.0,0.050972,3
org_5iqvnb4g,2025-08-13,networking,7.8436,340.0,1.2329,17.264999999999997,0.0,0.0717,6
org_5iqvnb4g,2025-08-15,database,0.16690000000000002,0.0,3.563,0.0,0.0,7.13E-4,3
org_5iqvnb4g,2025-08-15,networking,2.6653000000000002,267.0,0.0,0.0,0.0,0.0534,3
org_5iqvnb4g,2025-08-16,database,0.4831,0.0,4.6957,4.4787,0.0,0.0018349999999999998,3
org_5iqvnb4g,2025-08-16,networking,2.7449999999999997,214.0,1.6179,21.2952,0.0,0.047383,5
org_5iqvnb4g,2025-08-17,database,8.7197,242.0,0.0,0.0,0.0,0.0484,3
org_5iqvnb4g,2025-08-17,networking,1.2125,109.0,0.0,19.659,0.0,0.025731999999999998,3
org_5iqvnb4g,2025-08-18,database,5.4197999999999995,116.0,0.0,20.1526,0.0,0.02723,3
org_5iqvnb4g,2025-08-18,networking,3.8013,375.0,2.6376,0.0,0.0,0.07552800000000001,6
org_5iqvnb4g,2025-08-19,database,7.287100000000001,134.0,2.0981,1.6255,0.0,0.027545,3
org_5iqvnb4g,2025-08-19,networking,0.2146,0.0,0.0,19.8885,0.0,0.003978,3
org_5iqvnb4g,2025-08-20,networking,1.4522,131.0,0.0,10.1099,0.0,0.028222,3
org_5iqvnb4g,2025-08-21,database,19.4117,351.0,0.0,0.0,0.0,0.0702,3
org_5iqvnb4g,2025-08-22,networking,1.8788,236.0,1.4033,0.0,0.0,0.047480999999999995,3
org_5iqvnb4g,2025-08-23,database,1.0897999999999999,0.0,0.0,25.8099,0.0,0.005162,3
org_5iqvnb4g,2025-08-23,networking,1.2844,118.0,1.4621,11.2918,0.0,0.02615,3
org_5iqvnb4g,2025-08-24,database,13.1817,246.0,0.0361,0.0,0.0,0.049207,3
org_5iqvnb4g,2025-08-24,networking,3.6115,354.0,1.8749,0.0,0.0,0.071175,6
org_5iqvnb4g,2025-08-25,database,12.6867,242.0,0.0,0.0,0.0,0.0484,3
org_5iqvnb4g,2025-08-25,networking,0.26839999999999997,0.0,0.0,31.7119,0.0,0.0063419999999999995,3
org_5iqvnb4g,2025-08-26,networking,4.0733,412.0,2.6441,11.4724,0.0,0.08522300000000001,6
org_5iqvnb4g,2025-08-27,database,12.4733,254.0,0.0,9.2874,0.0,0.052657,3
org_5iqvnb4g,2025-08-27,networking,5.5274,491.0,0.0,32.1547,0.0,0.104631,6
org_5iqvnb4g,2025-08-28,networking,3.1588000000000003,275.0,0.0,10.1082,0.0,0.057022,3
org_5iqvnb4g,2025-08-29,database,9.9143,253.0,0.5375,0.0,0.0,0.050707,3
org_5iqvnb4g,2025-08-30,database,10.6658,236.0,0.6859,0.0,0.0,0.047337,3
org_5iqvnb4g,2025-08-30,networking,2.6507,259.0,9.1707,0.0,0.0,0.053634,6
org_5iqvnb4g,2025-08-31,networking,0.6161,111.0,3.9878,0.4036,0.0,0.023079000000000002,3
org_5lxo6qji,2025-07-03,compute,41.51389999999999,589.0,5.2231000000000005,2.4113,0.0,0.0,9
org_5lxo6qji,2025-07-03,database,9.5429,232.0,2.7974,0.0,0.0,0.0,3
org_5lxo6qji,2025-07-03,networking,1.4509,120.0,3.2295,0.0,0.0,0.0,3
org_5lxo6qji,2025-07-04,compute,27.7048,250.0,0.0,0.0,0.0,0.0,3
org_5lxo6qji,2025-07-04,networking,1.0552000000000001,128.0,1.4277,7.329,0.0,0.0,3
org_5lxo6qji,2025-07-05,compute,25.7344,268.0,4.5112,0.0,0.0,0.0,6
org_5lxo6qji,2025-07-05,database,6.0001,120.0,0.0,15.9178,0.0,0.0,3
org_5lxo6qji,2025-07-05,networking,2.2795,212.0,1.0689,0.0,0.0,0.0,3
org_5lxo6qji,2025-07-06,compute,10.9147,100.0,5.4239,17.4914,0.0,0.0,6
org_5lxo6qji,2025-07-06,database,17.6103,223.0,0.0,0.0,0.0,0.0,3
org_5lxo6qji,2025-07-07,compute,34.005399999999995,368.0,3.3028000000000004,34.5585,0.0,0.0,9
org_5lxo6qji,2025-07-07,database,11.110499999999998,228.0,0.8618,0.0,0.0,0.0,3
org_5lxo6qji,2025-07-07,networking,1.2542,112.0,2.2152,9.267,0.0,0.0,3
org_5lxo6qji,2025-07-08,compute,34.6365,378.0,4.2288,43.8166,0.0,0.0,9
org_5lxo6qji,2025-07-08,database,8.1933,127.0,0.0,26.2319,0.0,0.0,2
org_5lxo6qji,2025-07-09,compute,30.539300000000004,389.0,7.435700000000001,21.8746,0.0,0.0,9
org_5lxo6qji,2025-07-09,database,6.509899999999999,108.0,3.7027,0.0,0.0,0.0,3
org_5lxo6qji,2025-07-09,networking,2.9487,355.0,0.0,0.0,0.0,0.0,3
org_5lxo6qji,2025-07-10,compute,21.5824,247.0,6.931100000000001,13.1278,0.0,0.0,6
org_5lxo6qji,2025-07-10,networking,0.1863,0.0,1.3149,17.5107,0.0,0.0,3
org_5lxo6qji,2025-07-11,compute,32.8275,381.0,0.0,15.697399999999998,0.0,0.0,6
org_5lxo6qji,2025-07-11,database,6.7938,106.0,1.3173,20.0064,0.0,0.0,3
org_5lxo6qji,2025-07-12,compute,19.6841,251.0,4.5988,0.0,0.0,0.0,6
org_5lxo6qji,2025-07-12,database,5.9131,108.0,0.0,8.5472,0.0,0.0,3
org_5lxo6qji,2025-07-13,compute,11.6548,0.0,4.062100000000001,14.5268,0.0,0.0,6
org_5lxo6qji,2025-07-13,networking,2.3513,202.0,0.0,19.1398,0.0,0.0,3
org_5lxo6qji,2025-07-14,compute,18.285899999999998,233.0,5.3699,0.0,0.0,0.0,3
org_5lxo6qji,2025-07-14,database,6.9802,116.0,1.9622,16.9011,0.0,0.0,3
org_5lxo6qji,2025-07-14,networking,3.6209000000000002,355.0,0.0,0.0,0.0,0.0,3
org_5lxo6qji,2025-07-15,compute,9.6941,110.0,7.7174,0.0,0.0,0.0,3
org_5lxo6qji,2025-07-15,database,17.9574,377.0,0.0,0.0,0.0,0.0,3
org_5lxo6qji,2025-07-15,networking,2.0995,241.0,0.0,17.0483,0.0,0.0,3
org_5lxo6qji,2025-07-16,compute,45.1627,582.0,0.0,8.803,0.0,0.0,6
org_5lxo6qji,2025-07-16,database,18.5074,403.0,0.0,0.0,0.0,0.0,3
org_5lxo6qji,2025-07-16,networking,1.3128999999999997,128.0,0.4234,15.4313,0.0,0.0,3
org_5lxo6qji,2025-07-17,compute,33.3971,0.0,3.2449,34.0128,0.0,0.0,6
org_5lxo6qji,2025-07-17,networking,2.2321999999999997,209.0,2.2134,0.0,0.0,0.0,3
org_5lxo6qji,2025-07-18,compute,2.09,0.0,4.2451,22.725,0.0,0.0053950000000000005,3
org_5lxo6qji,2025-07-18,database,9.0838,122.0,0.4561,18.2238,0.0,0.028136,3
org_5lxo6qji,2025-07-18,networking,3.9204999999999997,348.0,0.0,0.0,0.0,0.0696,3
org_5lxo6qji,2025-07-19,compute,19.496299999999998,258.0,0.8648,0.0,0.0,0.051773,3
org_5lxo6qji,2025-07-19,database,6.1387,114.0,3.3776,6.6765,0.0,0.024811,3
org_5lxo6qji,2025-07-19,networking,5.0562,402.0,0.0,0.0,0.0,0.0804,3
org_5lxo6qji,2025-07-20,compute,32.5114,456.0,4.6585,7.1848,0.0,0.093569,6
org_5lxo6qji,2025-07-20,database,1.1625,0.0,2.3004,25.7674,0.0,0.005613,3
org_5lxo6qji,2025-07-20,networking,0.8122,91.0,0.0,12.6817,0.0,0.020736,3
org_5lxo6qji,2025-07-21,compute,30.0904,348.0,2.4069,32.9384,0.0,0.07666900000000001,9
org_5lxo6qji,2025-07-21,database,9.6495,142.0,0.0,34.1823,0.0,0.035236,3
org_5lxo6qji,2025-07-22,compute,13.0624,122.0,9.1149,25.5809,0.0,0.031339000000000006,6
org_5lxo6qji,2025-07-23,compute,22.3139,242.0,2.3675,31.792499999999997,0.0,0.05523299999999999,6
org_5lxo6qji,2025-07-24,compute,70.2835,846.0,0.0,28.6141,0.0,0.17492300000000002,9
org_5lxo6qji,2025-07-25,compute,10.2504,108.0,5.789899999999999,0.0,0.0,0.022758,3
org_5lxo6qji,2025-07-25,networking,1.3336999999999999,109.0,0.0,12.3246,0.0,0.024265000000000002,3
org_5lxo6qji,2025-07-26,compute,10.6817,113.0,3.2745,15.0782,0.0,0.026269999999999998,6
org_5lxo6qji,2025-07-26,networking,2.2748999999999997,230.0,0.0,7.6828,0.0,0.047536999999999996,3
org_5lxo6qji,2025-07-27,compute,18.0026,247.0,2.3391,17.5167,0.0,0.053372,6
org_5lxo6qji,2025-07-27,networking,2.3226999999999998,225.0,0.0,4.9818,0.0,0.045995999999999995,3
org_5lxo6qji,2025-07-28,compute,55.29759999999999,606.0,10.3913,6.4256,0.0,0.12456300000000001,9
org_5lxo6qji,2025-07-29,networking,1.2278,121.0,0.5919,13.6188,0.0,0.027042,3
org_5lxo6qji,2025-07-30,compute,18.144,248.0,0.0,10.6781,0.0,0.051736,3
org_5lxo6qji,2025-07-30,database,14.8146,257.0,0.0,20.8371,0.0,0.055567000000000005,3
org_5lxo6qji,2025-07-30,networking,2.0717,243.0,0.0,0.0,0.0,0.048600000000000004,3
org_5lxo6qji,2025-07-31,compute,34.7174,358.0,0.0,14.6041,0.0,0.074521,6
org_5lxo6qji,2025-07-31,database,4.3995999999999995,130.0,7.088900000000001,0.0,0.0,0.027417999999999998,3
org_5lxo6qji,2025-07-31,networking,2.0271999999999997,238.0,0.0,14.2692,0.0,0.050454000000000006,3
org_5lxo6qji,2025-08-01,compute,23.3401,230.0,0.0,25.206,0.0,0.051041,3
org_5lxo6qji,2025-08-01,database,8.0939,117.0,0.0,23.0764,0.0,0.028015,3
org_5lxo6qji,2025-08-01,networking,4.6081,369.0,0.0,0.0,0.0,0.0738,3
org_5lxo6qji,2025-08-02,compute,34.66,451.0,1.3261,0.0,0.0,0.09046499999999999,6
org_5lxo6qji,2025-08-02,networking,0.9002,106.0,2.3809,0.0,0.0,0.021677000000000002,3
org_5lxo6qji,2025-08-03,compute,39.2876,480.0,3.9539999999999997,40.2298,0.0,0.104836,9
org_5lxo6qji,2025-08-04,compute,11.5501,124.0,4.8019,34.7022,0.0,0.032701,6
org_5lxo6qji,2025-08-04,database,5.9973,114.0,5.2258,0.0,0.0,0.023845,3
org_5lxo6qji,2025-08-05,compute,15.2861,136.0,4.2989,27.2083,0.0,0.033500999999999996,6
org_5lxo6qji,2025-08-05,database,9.0814,199.0,0.0,6.4455,0.0,0.041089,3
org_5lxo6qji,2025-08-05,networking,1.0856000000000001,117.0,4.7245,6.2445,0.0,0.025594000000000002,3
org_5lxo6qji,2025-08-06,compute,32.0233,376.0,2.9308,14.1867,0.0,0.078623,6
org_5lxo6qji,2025-08-07,compute,195.92430000000002,376.0,0.0,34.657300000000006,0.0,0.082131,6
org_5lxo6qji,2025-08-07,database,5.7609,104.0,5.5763,0.0,0.0,0.021915999999999998,3
org_5lxo6qji,2025-08-07,networking,2.7161999999999997,242.0,0.0,0.0,0.0,0.0484,3
org_5lxo6qji,2025-08-08,compute,40.248000000000005,510.0,8.238199999999999,27.9551,0.0,0.109237,9
org_5lxo6qji,2025-08-08,database,6.0719,104.0,4.5462,0.0,0.0,0.021709,3
org_5lxo6qji,2025-08-08,networking,1.6119,130.0,2.7577,18.0315,0.0,0.030157999999999997,3
org_5lxo6qji,2025-08-09,compute,12.6995,122.0,0.0,14.3215,0.0,0.027265,3
org_5lxo6qji,2025-08-09,database,13.57,258.0,0.0,12.6819,0.0,0.054136000000000004,3
org_5lxo6qji,2025-08-10,compute,64.60190000000001,737.0,2.2652,26.7765,0.0,0.15320799999999998,9
org_5lxo6qji,2025-08-10,database,9.6083,123.0,0.0,35.445499999999996,0.0,0.03169,3
org_5lxo6qji,2025-08-10,networking,2.2573,239.0,1.7384,0.0,0.0,0.048147999999999996,3
org_5lxo6qji,2025-08-11,compute,23.360199999999995,240.0,1.2405,38.6778,0.0,0.055983,6
org_5lxo6qji,2025-08-11,database,7.9285000000000005,124.0,2.8601,3.8112,0.0,0.026133999999999998,3
org_5lxo6qji,2025-08-11,networking,2.4873000000000003,247.0,0.0,21.2036,0.0,0.053641,3
org_5lxo6qji,2025-08-12,compute,11.4452,123.0,2.7795,18.8085,0.0,0.028918000000000003,3
org_5lxo6qji,2025-08-12,database,0.6754,0.0,1.9247999999999998,12.6597,0.0,0.0029170000000000003,3
org_5lxo6qji,2025-08-12,networking,1.2505000000000002,102.0,0.8733,15.8914,0.0,0.023753000000000003,3
org_5lxo6qji,2025-08-13,compute,48.5407,572.0,2.2986,14.0241,0.0,0.11766399999999999,9
org_5lxo6qji,2025-08-13,networking,1.3933,103.0,0.0,18.084200000000003,0.0,0.024217000000000002,3
org_5lxo6qji,2025-08-14,compute,16.442400000000003,223.0,1.8698,0.0,0.0,0.044974,3
org_5lxo6qji,2025-08-14,networking,3.1867,265.0,0.0,14.7494,0.0,0.05595,3
org_5lxo6qji,2025-08-15,compute,31.233099999999997,362.0,6.151,27.501299999999997,0.0,0.079131,9
org_5lxo6qji,2025-08-15,networking,2.7783999999999995,255.0,4.3222,0.0,0.0,0.051864,3
org_5lxo6qji,2025-08-16,compute,27.4981,323.0,6.3777,0.0,0.0,0.06587599999999999,6
org_5lxo6qji,2025-08-16,database,8.1865,112.0,0.0,32.8275,0.0,0.028965,3
org_5lxo6qji,2025-08-16,networking,0.0683,0.0,8.0902,0.0,0.0,0.001618,3
org_5lxo6qji,2025-08-17,compute,71.3948,850.0,2.9862,11.4633,0.0,0.17289,9
org_5lxo6qji,2025-08-17,database,7.2657,124.0,2.1089,0.0,0.0,0.025221999999999998,3
org_5lxo6qji,2025-08-17,networking,1.2763,110.0,4.4925,0.0,0.0,0.022897999999999998,3
org_5lxo6qji,2025-08-18,compute,33.9925,360.0,0.0,18.3424,0.0,0.075668,6
org_5lxo6qji,2025-08-18,networking,1.142,116.0,0.0,3.7308,0.0,0.023946,3
org_5lxo6qji,2025-08-19,compute,15.7561,138.0,2.9096,3.9748,0.0,0.028977,3
org_5lxo6qji,2025-08-19,networking,0.2379,0.0,0.0,27.533,0.0,0.005506,3
org_5lxo6qji,2025-08-20,compute,30.646099999999997,355.0,3.1834,17.3388,0.0,0.075105,9
org_5lxo6qji,2025-08-20,database,1.0432,0.0,0.0,19.297,0.0,0.003859,3
org_5lxo6qji,2025-08-20,networking,0.32899999999999996,0.0,2.9595,31.884500000000003,0.0,0.0069689999999999995,3
org_5lxo6qji,2025-08-21,compute,17.2711,132.0,4.8138,36.7742,0.0,0.034718,6
org_5lxo6qji,2025-08-21,database,4.9351,95.0,2.9042,3.2989,0.0,0.020241000000000002,3
org_5lxo6qji,2025-08-22,compute,46.4795,633.0,0.0,6.3278,0.0,0.127866,9
org_5lxo6qji,2025-08-22,database,7.5375,117.0,0.0,9.6093,0.0,0.025322,3
org_5lxo6qji,2025-08-23,compute,18.0465,224.0,0.0,0.0,0.0,0.0448,3
org_5lxo6qji,2025-08-23,networking,1.3678,114.0,0.0,13.4273,0.0,0.025485,3
org_5lxo6qji,2025-08-24,compute,21.4399,236.0,5.2253,36.796800000000005,0.0,0.055604,6
org_5lxo6qji,2025-08-24,database,13.5769,259.0,0.0,15.5345,0.0,0.054907,3
org_5lxo6qji,2025-08-25,compute,18.447799999999997,228.0,0.0,39.841699999999996,0.0,0.053568,6
org_5lxo6qji,2025-08-25,database,6.9989,134.0,3.3278,1.9408,0.0,0.027854,3
org_5lxo6qji,2025-08-26,compute,20.0118,258.0,0.0,17.2461,0.0,0.055049,6
org_5lxo6qji,2025-08-26,database,19.2876,388.0,0.0,0.0,0.0,0.0776,3
org_5lxo6qji,2025-08-26,networking,0.08860000000000001,0.0,5.898899999999999,4.3354,0.0,0.002047,3
org_5lxo6qji,2025-08-27,networking,0.0566,0.0,5.266500000000001,0.0,0.0,0.001054,3
org_5lxo6qji,2025-08-28,compute,11.1199,120.0,2.7223,0.0,0.0,0.024544,3
org_5lxo6qji,2025-08-28,database,0.7031999999999999,0.0,2.4511,13.1213,0.0,0.003114,2
org_5lxo6qji,2025-08-29,compute,17.974600000000002,144.0,0.0,43.32640000000001,0.0,0.037466,6
org_5lxo6qji,2025-08-29,database,8.9323,102.0,0.0,33.6152,0.0,0.027123,3
org_5lxo6qji,2025-08-30,compute,19.8019,228.0,0.0,0.0,0.0,0.0456,3
org_5lxo6qji,2025-08-30,networking,2.6132999999999997,247.0,1.3312,0.0,0.0,0.049666,3
org_5lxo6qji,2025-08-31,compute,59.242900000000006,766.0,0.0,0.0,0.0,0.1532,6
org_7e8g8jdp,2025-07-03,networking,3.5514,380.0,0.0,0.0,0.0,0.0,3
org_7e8g8jdp,2025-07-04,networking,2.8036000000000003,241.0,0.0,3.1983,0.0,0.0,3
org_7e8g8jdp,2025-07-05,networking,1.4303000000000001,125.0,5.867,0.0,0.0,0.0,3
org_7e8g8jdp,2025-07-07,networking,1.6506999999999998,121.0,0.0,31.1375,0.0,0.0,3
org_7e8g8jdp,2025-07-08,networking,2.7152000000000003,237.0,0.0,19.8306,0.0,0.0,3
org_7e8g8jdp,2025-07-14,networking,1.3036,124.0,0.0,21.8318,0.0,0.0,3
org_7e8g8jdp,2025-07-16,networking,1.0255,118.0,0.0333,7.9719,0.0,0.0,3
org_7e8g8jdp,2025-07-17,networking,4.17,362.0,0.0,0.0,0.0,0.0,3
org_7e8g8jdp,2025-07-18,networking,3.6204,365.0,0.0,0.0,0.0,0.07300000000000001,3
org_7e8g8jdp,2025-07-19,networking,2.6615,239.0,0.0,0.0,0.0,0.047799999999999995,3
org_7e8g8jdp,2025-07-20,networking,27.1867,125.0,0.0,6.6671,0.0,0.026333000000000002,3
org_7e8g8jdp,2025-07-21,networking,1.2604,127.0,0.8593999999999999,0.0,0.0,0.025571999999999998,3
org_7e8g8jdp,2025-07-22,networking,2.8399,273.0,5.5655,0.0,0.0,0.055713,3
org_7e8g8jdp,2025-07-23,networking,1.0041,101.0,0.0,8.3632,0.0,0.021873,3
org_7e8g8jdp,2025-07-27,networking,0.3543,0.0,0.0,37.6377,0.0,0.007528,3
org_7e8g8jdp,2025-07-28,networking,2.7600000000000002,248.0,5.2414,0.0,0.0,0.050648,3
org_7e8g8jdp,2025-07-29,networking,1.1874,111.0,2.2189,0.0,0.0,0.022644,3
org_7e8g8jdp,2025-07-30,networking,0.0657,0.0,6.2356,0.0,0.0,0.001247,3
org_7e8g8jdp,2025-07-31,networking,1.569,104.0,0.0,25.0167,0.0,0.025804,3
org_7e8g8jdp,2025-08-02,networking,1.6207,123.0,0.9363,7.2225,0.0,0.026232000000000002,3
org_7e8g8jdp,2025-08-04,networking,1.4571,126.0,2.0318,5.3827,0.0,0.026683,3
org_7e8g8jdp,2025-08-07,networking,0.2357,0.0,2.6309,19.3217,0.0,0.00439,3
org_7e8g8jdp,2025-08-08,networking,1.3017999999999998,129.0,1.3273,0.3134,0.0,0.026128000000000002,3
org_7e8g8jdp,2025-08-09,networking,1.2639999999999998,121.0,0.0,18.0249,0.0,0.027805,3
org_7e8g8jdp,2025-08-12,networking,0.1999,0.0,1.4632,17.8263,0.0,0.0038589999999999996,3
org_7e8g8jdp,2025-08-13,networking,2.5662,261.0,0.0,13.9089,0.0,0.054981999999999996,3
org_7e8g8jdp,2025-08-14,networking,2.8537999999999997,281.0,0.0,19.1841,0.0,0.060037,3
org_7e8g8jdp,2025-08-18,networking,1.2129,111.0,0.0,0.0,0.0,0.0222,3
org_7e8g8jdp,2025-08-19,networking,2.7,255.0,4.2815,0.0,0.0,0.051856,3
org_7e8g8jdp,2025-08-20,networking,1.1045,118.0,0.0,15.5732,0.0,0.026715,2
org_7e8g8jdp,2025-08-23,networking,0.9838,108.0,0.452,3.9343,0.0,0.022477,3
org_7e8g8jdp,2025-08-25,networking,0.127,0.0,4.7389,7.7208,0.0,0.0024920000000000003,3
org_7e8g8jdp,2025-08-26,networking,1.2892000000000001,119.0,0.4343,4.1004,0.0,0.024707000000000003,3
org_874frhoc,2025-07-03,compute,24.5757,277.0,1.9364,0.0,0.0,0.0,3
org_874frhoc,2025-07-03,networking,2.1788,217.0,0.0,0.0,0.0,0.0,3
org_874frhoc,2025-07-04,compute,18.947400000000002,240.0,0.0,6.2185,0.0,0.0,3
org_874frhoc,2025-07-04,networking,1.6313000000000002,130.0,3.1303,11.0999,0.0,0.0,3
org_874frhoc,2025-07-04,storage,5.2961,253.0,2.929,0.0,0.0,0.0,3
org_874frhoc,2025-07-05,storage,0.5152,0.0,3.0579,22.8996,0.0,0.0,3
org_874frhoc,2025-07-06,database,6.3222,122.0,2.1063,0.0,0.0,0.0,3
org_874frhoc,2025-07-06,networking,2.3145,244.0,0.0,7.2485,0.0,0.0,3
org_874frhoc,2025-07-07,compute,1.5724,0.0,2.6608,22.4082,0.0,0.0,3
org_874frhoc,2025-07-07,database,0.9414,0.0,0.6152,17.8276,0.0,0.0,3
org_874frhoc,2025-07-07,storage,4.2571,209.0,0.0,0.0,0.0,0.0,3
org_874frhoc,2025-07-08,compute,0.7186999999999999,0.0,8.6242,0.0,0.0,0.0,3
org_874frhoc,2025-07-08,database,1.1181,0.0,0.0,2.2052,0.0,0.0,3
org_874frhoc,2025-07-09,compute,21.8677,241.0,2.355,0.0,0.0,0.0,3
org_874frhoc,2025-07-09,database,6.019,118.0,3.4333,0.0,0.0,0.0,3
org_874frhoc,2025-07-10,compute,15.4193,231.0,0.0,11.7497,0.0,0.0,3
org_874frhoc,2025-07-10,database,14.3137,227.0,0.0,4.1101,0.0,0.0,3
org_874frhoc,2025-07-10,networking,1.1927,101.0,0.0,14.1959,0.0,0.0,2
org_874frhoc,2025-07-10,storage,3.1898,122.0,1.5624,10.5794,0.0,0.0,3
org_874frhoc,2025-07-11,database,10.835,264.0,0.0,10.8711,0.0,0.0,3
org_874frhoc,2025-07-11,storage,4.7231000000000005,259.0,2.5368,0.0,0.0,0.0,3
org_874frhoc,2025-07-12,compute,23.0394,253.0,0.0,2.7423,0.0,0.0,3
org_874frhoc,2025-07-12,database,17.103099999999998,346.0,0.0,0.0,0.0,0.0,3
org_874frhoc,2025-07-13,compute,8.1979,106.0,4.6968,0.0,0.0,0.0,3
org_874frhoc,2025-07-13,database,18.4901,382.0,0.0,0.0,0.0,0.0,3
org_874frhoc,2025-07-14,database,6.8109,132.0,3.3461,1.1847,0.0,0.0,3
org_874frhoc,2025-07-14,networking,4.0393,369.0,0.0,0.0,0.0,0.0,3
org_874frhoc,2025-07-14,storage,0.10959999999999999,0.0,5.046,0.0,0.0,0.0,3
org_874frhoc,2025-07-15,networking,0.323,0.0,1.6357,29.7771,0.0,0.0,3
org_874frhoc,2025-07-15,storage,3.0296000000000003,116.0,2.339,8.9617,0.0,0.0,3
org_874frhoc,2025-07-16,compute,29.5939,369.0,0.0,0.0,0.0,0.0,3
org_874frhoc,2025-07-16,database,7.4334,132.0,0.0,18.4444,0.0,0.0,3
org_874frhoc,2025-07-16,networking,0.052000000000000005,0.0,4.8171,0.0,0.0,0.0,3
org_874frhoc,2025-07-16,storage,4.066,245.0,0.0,5.0341,0.0,0.0,3
org_874frhoc,2025-07-17,compute,1.0548000000000002,0.0,0.5466,13.179499999999999,0.0,0.0,3
org_874frhoc,2025-07-17,networking,27.651,224.0,0.0,23.5418,0.0,0.0,3
org_874frhoc,2025-07-17,storage,4.1114,209.0,0.0,8.0655,0.0,0.0,3
org_874frhoc,2025-07-18,networking,1.517,125.0,2.5082,5.6876,0.0,0.02664,3
org_874frhoc,2025-07-19,database,1.5018,0.0,3.8998,22.91,0.0,0.0053620000000000004,3
org_874frhoc,2025-07-19,networking,1.756,130.0,6.0191,4.7739,0.0,0.028159,3
org_874frhoc,2025-07-19,storage,5.7591,230.0,1.4446,0.0,0.0,0.046289,3
org_874frhoc,2025-07-20,networking,2.9099,252.0,0.0,22.736,0.0,0.054946999999999996,3
org_874frhoc,2025-07-20,storage,0.43889999999999996,0.0,2.6501,15.582,0.0,0.003646,3
org_874frhoc,2025-07-21,compute,9.4179,121.0,1.9888,0.0,0.0,0.024598,3
org_874frhoc,2025-07-21,storage,3.2723,115.0,0.0,26.8838,0.0,0.028377,3
org_874frhoc,2025-07-22,compute,18.0986,335.0,0.0,0.0,0.0,0.067,3
org_874frhoc,2025-07-22,database,6.2863,137.0,2.0227,9.2672,0.0,0.029658,3
org_874frhoc,2025-07-22,storage,0.6963,0.0,0.0,40.9101,0.0,0.008182,3
org_874frhoc,2025-07-23,compute,0.6854,0.0,8.125,0.0,0.0,0.001625,3
org_874frhoc,2025-07-23,database,5.591400000000001,120.0,6.7708,0.3496,0.0,0.025424000000000002,3
org_874frhoc,2025-07-23,networking,1.2585000000000002,111.0,0.0,18.0605,0.0,0.025812,3
org_874frhoc,2025-07-24,compute,14.0017,143.0,0.0,29.001,0.0,0.0344,3
org_874frhoc,2025-07-25,database,12.8525,115.0,0.0,0.0,0.0,0.023,3
org_874frhoc,2025-07-25,storage,4.460100000000001,221.0,2.4264,0.0,0.0,0.044685,3
org_874frhoc,2025-07-26,database,7.0561,125.0,0.7008,0.0,0.0,0.025140000000000003,3
org_874frhoc,2025-07-26,networking,1.268,131.0,0.0,6.1603,0.0,0.027432,3
org_874frhoc,2025-07-26,storage,2.4520999999999997,115.0,0.0,18.9424,0.0,0.026788,3
org_874frhoc,2025-07-27,compute,14.792100000000001,137.0,4.3293,7.8053,0.0,0.029827,3
org_874frhoc,2025-07-27,database,12.3587,241.0,0.0,14.6263,0.0,0.051125,3
org_874frhoc,2025-07-27,storage,5.376,247.0,0.0,9.0451,0.0,0.051209000000000005,3
org_874frhoc,2025-07-28,compute,18.948500000000003,228.0,0.0,20.3969,0.0,0.049679,3
org_874frhoc,2025-07-28,database,7.3865,124.0,6.5596,0.0,0.0,0.026111999999999996,3
org_874frhoc,2025-07-28,networking,1.2777999999999998,126.0,3.6928,0.0,0.0,0.025939,3
org_874frhoc,2025-07-29,compute,21.7953,251.0,0.0,14.04,0.0,0.053008,3
org_874frhoc,2025-07-29,database,1.6191,0.0,0.979,31.427999999999997,0.0,0.006481000000000001,3
org_874frhoc,2025-07-29,networking,2.2008,228.0,2.0778,0.0,0.0,0.046016,3
org_874frhoc,2025-07-29,storage,50.18469999999999,231.0,0.0,15.4359,0.0,0.049287000000000004,3
org_874frhoc,2025-07-30,database,13.9755,239.0,0.6491,0.0,0.0,0.04793,3
org_874frhoc,2025-07-30,networking,2.8108999999999997,247.0,2.2872,0.0,0.0,0.049857,3
org_874frhoc,2025-07-30,storage,4.9535,233.0,2.2486,0.0,0.0,0.047049999999999995,3
org_874frhoc,2025-07-31,storage,5.3205,249.0,2.8769,0.0,0.0,0.050375,3
org_874frhoc,2025-08-01,database,7.7347,140.0,3.1847,1.5475,0.0,0.028947,3
org_874frhoc,2025-08-01,networking,1.2610000000000001,0.0,1.1068,13.2639,0.0,0.002874,3
org_874frhoc,2025-08-02,database,5.8236,0.0,2.1862,9.1549,0.0,0.002268,3
org_874frhoc,2025-08-02,networking,1.7374,120.0,0.0,28.8306,0.0,0.029766,3
org_874frhoc,2025-08-02,storage,4.2908,215.0,0.0,12.6423,0.0,0.045528,3
org_874frhoc,2025-08-03,database,6.8617,115.0,0.0,21.9132,0.0,0.027382999999999998,3
org_874frhoc,2025-08-03,storage,3.7939,226.0,0.3873,0.0,0.0,0.045277,3
org_874frhoc,2025-08-04,storage,8.518,372.0,0.0,0.0,0.0,0.0744,3
org_874frhoc,2025-08-05,compute,36.0381,362.0,0.0,0.0,0.0,0.0724,3
org_874frhoc,2025-08-05,database,11.9915,222.0,0.0,8.9959,0.0,0.046199000000000004,3
org_874frhoc,2025-08-05,networking,3.8272,400.0,0.0,0.0,0.0,0.08,3
org_874frhoc,2025-08-06,compute,17.0796,248.0,0.0,4.1063,0.0,0.050421,3
org_874frhoc,2025-08-06,database,7.1956999999999995,139.0,0.9956,0.0,0.0,0.027999,3
org_874frhoc,2025-08-06,networking,1.4525,121.0,0.0,26.241,0.0,0.029448,3
org_874frhoc,2025-08-07,database,8.3899,124.0,0.0,4.7607,0.0,0.025752,3
org_874frhoc,2025-08-07,networking,2.3432,261.0,2.8979,0.0,0.0,0.05278,3
org_874frhoc,2025-08-07,storage,7.7341,393.0,0.0,0.0,0.0,0.0786,3
org_874frhoc,2025-08-08,compute,0.5422,0.0,2.5111,4.7041,0.0,0.0014429999999999998,3
org_874frhoc,2025-08-08,database,21.8793,353.0,0.0,0.0,0.0,0.0706,3
org_874frhoc,2025-08-08,networking,1.708,115.0,0.0,15.7562,0.0,0.026151,3
org_874frhoc,2025-08-09,compute,10.6695,137.0,6.3028,0.0,0.0,0.02866,3
org_874frhoc,2025-08-09,storage,5.2785,232.0,0.0,19.6281,0.0,0.050325999999999996,3
org_874frhoc,2025-08-10,networking,1.129,107.0,1.6105,7.8594,0.0,0.023294,3
org_874frhoc,2025-08-10,storage,1.2018,0.0,0.0,61.1152,0.0,0.012223999999999999,3
org_874frhoc,2025-08-11,database,13.4693,234.0,1.1317,0.0,0.0,0.04702599999999999,3
org_874frhoc,2025-08-11,storage,2.4407,119.0,2.4864,0.0,0.0,0.024297000000000003,2
org_874frhoc,2025-08-12,database,1.9173,0.0,5.893800000000001,21.4655,0.0,0.005472,3
org_874frhoc,2025-08-12,storage,4.5317,229.0,5.3864,0.0,0.0,0.046877,3
org_874frhoc,2025-08-13,database,5.1327,132.0,4.1529,0.0,0.0,0.027231,3
org_874frhoc,2025-08-14,compute,0.1575,0.0,0.0,2.3361,0.0,4.67E-4,3
org_874frhoc,2025-08-14,database,17.441300000000002,347.0,0.0,0.0,0.0,0.0694,3
org_874frhoc,2025-08-14,networking,3.7093,342.0,0.0,0.0,0.0,0.0684,3
org_874frhoc,2025-08-14,storage,3.2858,130.0,0.0,32.2725,0.0,0.032455,3
org_874frhoc,2025-08-15,compute,8.2624,116.0,2.1876,0.0,0.0,0.023638,3
org_874frhoc,2025-08-15,database,12.0445,261.0,0.0,5.8097,0.0,0.053362,3
org_874frhoc,2025-08-15,networking,2.0444,112.0,2.6122,0.0,0.0,0.022922,3
org_874frhoc,2025-08-16,database,6.2492,117.0,0.0,18.2917,0.0,0.027058,3
org_874frhoc,2025-08-16,networking,0.9749,92.0,0.0,19.5657,0.0,0.022313,3
org_874frhoc,2025-08-16,storage,0.1636,0.0,0.5861,9.6853,0.0,0.002054,3
org_874frhoc,2025-08-17,compute,10.6449,124.0,0.0,27.369,0.0,0.030274,3
org_874frhoc,2025-08-17,database,7.6669,107.0,0.0,37.8163,0.0,0.028962999999999996,3
org_874frhoc,2025-08-17,networking,1.3441999999999998,116.0,1.9435,10.2799,0.0,0.025644999999999998,3
org_874frhoc,2025-08-17,storage,2.3015,121.0,0.8874,7.8112,0.0,0.025939,3
org_874frhoc,2025-08-18,database,13.7334,244.0,1.5303,0.0,0.0,0.049106,3
org_874frhoc,2025-08-18,storage,2.9250000000000003,128.0,4.4694,0.0,0.0,0.026494,3
org_874frhoc,2025-08-19,compute,11.887199999999998,134.0,2.7629,0.0,0.0,0.027353000000000002,3
org_874frhoc,2025-08-19,database,10.4418,217.0,0.0,8.816,0.0,0.045163,3
org_874frhoc,2025-08-19,networking,1.0640999999999998,96.0,0.9877,0.0,0.0,0.019398,3
org_874frhoc,2025-08-19,storage,1.8114999999999999,113.0,3.1906,5.781,0.0,0.024394,3
org_874frhoc,2025-08-20,compute,9.758799999999999,125.0,0.0,8.0938,0.0,0.026619,3
org_874frhoc,2025-08-20,database,11.128400000000001,241.0,0.0,12.7422,0.0,0.050748,3
org_874frhoc,2025-08-21,compute,10.1928,114.0,4.3464,0.0,0.0,0.023669000000000003,2
org_874frhoc,2025-08-21,database,5.2671,106.0,4.9224,0.0,0.0,0.022185,3
org_874frhoc,2025-08-22,compute,9.6766,111.0,0.0,9.2339,0.0,0.024047,3
org_874frhoc,2025-08-22,storage,2.6119,108.0,2.5958,6.9958,0.0,0.023518,3
org_874frhoc,2025-08-23,networking,2.5284,258.0,0.0,0.0,0.0,0.0516,3
org_874frhoc,2025-08-23,storage,0.2479,0.0,0.0,12.101099999999999,0.0,0.00242,3
org_874frhoc,2025-08-24,database,11.4217,250.0,0.0,0.0,0.0,0.05,3
org_874frhoc,2025-08-25,database,7.0454,123.0,0.287,3.2702,0.0,0.025311,3
org_874frhoc,2025-08-25,storage,2.5559999999999996,113.0,0.1546,4.1105,0.0,0.023452999999999998,3
org_874frhoc,2025-08-26,database,6.101600000000001,110.0,6.7767,0.0,0.0,0.023356,3
org_874frhoc,2025-08-26,storage,5.0104,210.0,0.0,16.7451,0.0,0.045349,3
org_874frhoc,2025-08-27,compute,21.087000000000003,240.0,1.1687,0.0,0.0,0.048234,3
org_874frhoc,2025-08-27,storage,6.2699,262.0,0.0,2.6519,0.0,0.05293,3
org_874frhoc,2025-08-28,compute,21.8752,262.0,0.0,7.3663,0.0,0.053873,3
org_874frhoc,2025-08-28,networking,2.8185000000000002,245.0,0.0,0.0,0.0,0.049,3
org_874frhoc,2025-08-28,storage,0.31429999999999997,0.0,5.158099999999999,12.1202,0.0,0.0034549999999999997,3
org_874frhoc,2025-08-29,database,5.6202000000000005,112.0,1.8163,4.7688,0.0,0.023717,3
org_874frhoc,2025-08-29,networking,0.1401,0.0,1.9931,13.0723,0.0,0.003014,3
org_874frhoc,2025-08-29,storage,0.12090000000000001,0.0,1.2068,1.8458,0.0,6.100000000000001E-4,3
org_874frhoc,2025-08-30,database,10.787500000000001,234.0,0.0,0.593,0.0,0.046919,3
org_874frhoc,2025-08-31,compute,24.4833,266.0,3.5372,0.0,0.0,0.053907,3
org_874frhoc,2025-08-31,database,6.9382,155.0,2.4447,3.0303,0.0,0.032095000000000005,3
org_874frhoc,2025-08-31,storage,4.3889,217.0,0.0,0.0,0.0,0.0434,3
org_8mdd4v30,2025-07-03,database,11.1105,225.0,2.8047,0.0,0.0,0.0,3
org_8mdd4v30,2025-07-03,networking,3.455,250.0,0.0,0.0,0.0,0.0,3
org_8mdd4v30,2025-07-03,storage,2.5242000000000004,116.0,4.7917000000000005,0.0,0.0,0.0,3
org_8mdd4v30,2025-07-04,database,23.2133,463.0,0.0,0.0,0.0,0.0,6
org_8mdd4v30,2025-07-04,storage,0.0016,0.0,0.0791,0.0,0.0,0.0,3
org_8mdd4v30,2025-07-05,database,6.0833,133.0,1.2907,3.8415,0.0,0.0,3
org_8mdd4v30,2025-07-05,networking,0.30269999999999997,0.0,2.5481,25.5351,0.0,0.0,3
org_8mdd4v30,2025-07-06,database,1.0343,0.0,2.4678,14.8335,0.0,0.0,3
org_8mdd4v30,2025-07-07,database,5.3435,109.0,2.4423,0.0,0.0,0.0,3
org_8mdd4v30,2025-07-08,database,19.6712,349.0,1.4942,18.2849,0.0,0.0,6
org_8mdd4v30,2025-07-08,networking,1.229,105.0,3.1979,28.0705,0.0,0.0,3
org_8mdd4v30,2025-07-09,database,13.6487,262.0,4.8785,24.048000000000002,0.0,0.0,6
org_8mdd4v30,2025-07-09,networking,1.1207,101.0,4.9017,12.2844,0.0,0.0,3
org_8mdd4v30,2025-07-09,storage,3.0921999999999996,123.0,0.0,43.038399999999996,0.0,0.0,3
org_8mdd4v30,2025-07-10,database,8.5002,137.0,0.4308,8.7723,0.0,0.0,3
org_8mdd4v30,2025-07-10,networking,2.6258,257.0,0.0,0.0,0.0,0.0,3
org_8mdd4v30,2025-07-10,storage,2.9341,121.0,0.0,2.5583,0.0,0.0,3
org_8mdd4v30,2025-07-11,database,6.2638,102.0,0.0,22.1124,0.0,0.0,3
org_8mdd4v30,2025-07-11,networking,2.158,220.0,0.0,0.0,0.0,0.0,3
org_8mdd4v30,2025-07-12,database,9.8858,240.0,0.0,2.2105,0.0,0.0,3
org_8mdd4v30,2025-07-12,networking,1.3486,130.0,0.0,0.0,0.0,0.0,3
org_8mdd4v30,2025-07-12,storage,7.6512,348.0,0.0,0.0,0.0,0.0,3
org_8mdd4v30,2025-07-13,database,15.0767,127.0,3.6327,16.5591,0.0,0.0,6
org_8mdd4v30,2025-07-13,networking,3.3594999999999997,351.0,0.0,0.0,0.0,0.0,3
org_8mdd4v30,2025-07-14,database,7.712200000000001,113.0,3.3556999999999997,18.1404,0.0,0.0,6
org_8mdd4v30,2025-07-14,networking,3.3247999999999998,330.0,0.0,0.0,0.0,0.0,3
org_8mdd4v30,2025-07-14,storage,3.0934000000000004,117.0,3.6665,15.3924,0.0,0.0,3
org_8mdd4v30,2025-07-15,database,8.7182,0.0,1.2146,8.0935,0.0,0.0,3
org_8mdd4v30,2025-07-15,networking,1.3817,118.0,0.0,20.7035,0.0,0.0,3
org_8mdd4v30,2025-07-16,database,0.9677,0.0,4.9084,13.2747,0.0,0.0,3
org_8mdd4v30,2025-07-17,database,7.636100000000001,131.0,3.6493,0.0,0.0,0.0,3
org_8mdd4v30,2025-07-17,networking,3.3117,341.0,0.0,0.0,0.0,0.0,3
org_8mdd4v30,2025-07-18,database,12.9908,244.0,0.0,11.5612,0.0,0.051112000000000005,3
org_8mdd4v30,2025-07-18,storage,3.0399000000000003,111.0,0.0,21.7492,0.0,0.02655,3
org_8mdd4v30,2025-07-19,database,1.0745,0.0,0.0,23.0369,0.0,0.004607999999999999,3
org_8mdd4v30,2025-07-19,networking,1.9177000000000002,141.0,1.8972,21.6726,0.0,0.032914,3
org_8mdd4v30,2025-07-19,storage,1.9698,98.0,3.7440999999999995,0.0,0.0,0.020349,3
org_8mdd4v30,2025-07-20,database,11.6948,216.0,0.0,11.1891,0.0,0.045438,3
org_8mdd4v30,2025-07-20,networking,2.8367000000000004,253.0,0.0,15.5683,0.0,0.053714,3
org_8mdd4v30,2025-07-20,storage,6.7338000000000005,358.0,0.0,0.0,0.0,0.0716,3
org_8mdd4v30,2025-07-21,database,28.167900000000003,608.0,2.7032,0.0,0.0,0.122141,6
org_8mdd4v30,2025-07-21,networking,2.6336000000000004,230.0,0.0,12.353,0.0,0.048471,3
org_8mdd4v30,2025-07-21,storage,0.3698,0.0,0.153,18.7785,0.0,0.0037860000000000003,3
org_8mdd4v30,2025-07-22,database,13.395800000000001,267.0,1.3173,0.0,0.0,0.053663,3
org_8mdd4v30,2025-07-22,networking,1.8884999999999998,135.0,0.0,37.6181,0.0,0.034524,3
org_8mdd4v30,2025-07-22,storage,2.6244,123.0,4.3224,0.0,0.0,0.025464,3
org_8mdd4v30,2025-07-23,database,1.7571999999999999,0.0,2.5686,38.2505,0.0,0.008164,3
org_8mdd4v30,2025-07-23,networking,1.3336,115.0,1.2183,6.1425,0.0,0.024472,3
org_8mdd4v30,2025-07-23,storage,5.2968,248.0,0.0,6.5943,0.0,0.050919,3
org_8mdd4v30,2025-07-24,database,0.0781,0.0,0.0,0.5839,0.0,1.17E-4,3
org_8mdd4v30,2025-07-25,database,11.6416,245.0,1.5786,0.0,0.0,0.049316,3
org_8mdd4v30,2025-07-25,storage,0.0843,0.0,4.5291999999999994,0.0,0.0,9.06E-4,3
org_8mdd4v30,2025-07-26,database,18.7237,362.0,1.496,22.6632,0.0,0.077232,6
org_8mdd4v30,2025-07-26,networking,1.6362,118.0,2.0938,7.6926,0.0,0.025557999999999997,3
org_8mdd4v30,2025-07-26,storage,2.4754,120.0,3.0733,16.7668,0.0,0.027968000000000003,3
org_8mdd4v30,2025-07-27,database,25.8265,451.0,0.0,12.1945,0.0,0.092639,6
org_8mdd4v30,2025-07-27,networking,1.5126,136.0,0.0,32.839,0.0,0.033768,3
org_8mdd4v30,2025-07-27,storage,2.7376,121.0,3.7048,0.0,0.0,0.024940999999999998,3
org_8mdd4v30,2025-07-28,database,12.686800000000002,250.0,0.0,3.3503,0.0,0.05067,3
org_8mdd4v30,2025-07-28,networking,1.4597,130.0,0.0,6.540900000000001,0.0,0.027308,3
org_8mdd4v30,2025-07-29,database,20.744200000000003,327.0,2.0128,1.6965,0.0,0.066142,6
org_8mdd4v30,2025-07-30,networking,2.097,237.0,0.9868,0.0,0.0,0.047597,3
org_8mdd4v30,2025-07-30,storage,2.7100000000000004,136.0,0.0,11.514899999999999,0.0,0.029502999999999998,3
org_8mdd4v30,2025-07-31,database,13.196299999999999,252.0,4.0234,0.0,0.0,0.051205,3
org_8mdd4v30,2025-07-31,networking,2.4049,262.0,0.0,17.3604,0.0,0.055872000000000005,3
org_8mdd4v30,2025-08-01,database,7.6913,117.0,0.0,21.6524,0.0,0.02773,3
org_8mdd4v30,2025-08-01,networking,1.2032,112.0,1.4562,6.0365,0.0,0.023898,3
org_8mdd4v30,2025-08-01,storage,3.1005000000000003,127.0,0.0,11.3384,0.0,0.027667999999999998,3
org_8mdd4v30,2025-08-02,database,12.4968,233.0,1.2208,19.6336,0.0,0.050772,6
org_8mdd4v30,2025-08-02,networking,3.028,263.0,0.0,3.4509,0.0,0.05329,3
org_8mdd4v30,2025-08-02,storage,0.49119999999999997,0.0,0.0,26.2609,0.0,0.005252,3
org_8mdd4v30,2025-08-03,database,16.7233,260.0,0.0,0.0,0.0,0.052000000000000005,3
org_8mdd4v30,2025-08-03,networking,0.0701,0.0,1.5787,6.6857,0.0,0.001653,3
org_8mdd4v30,2025-08-03,storage,2.1575,112.0,0.0,14.5081,0.0,0.025301999999999998,2
org_8mdd4v30,2025-08-04,database,20.3972,366.0,4.7512,5.8324,0.0,0.07531600000000001,6
org_8mdd4v30,2025-08-04,networking,1.0692,107.0,1.264,7.9001,0.0,0.023233,3
org_8mdd4v30,2025-08-04,storage,2.5622,132.0,3.0985,10.2475,0.0,0.02907,3
org_8mdd4v30,2025-08-05,database,19.5447,385.0,2.9139999999999997,7.2864,0.0,0.07904,6
org_8mdd4v30,2025-08-05,networking,0.17029999999999998,0.0,2.5976,13.0533,0.0,0.003131,3
org_8mdd4v30,2025-08-05,storage,2.5476,113.0,0.0,24.8233,0.0,0.027563999999999998,3
org_8mdd4v30,2025-08-06,database,17.8276,345.0,1.0394,35.1678,0.0,0.076242,6
org_8mdd4v30,2025-08-06,networking,2.5023,231.0,2.0786,0.0,0.0,0.046616000000000005,3
org_8mdd4v30,2025-08-07,database,27.310100000000002,597.0,0.0,0.0,0.0,0.11939999999999999,6
org_8mdd4v30,2025-08-07,networking,3.3430000000000004,383.0,0.0,0.0,0.0,0.0766,3
org_8mdd4v30,2025-08-08,database,12.6008,262.0,4.7862,0.0,0.0,0.053357,3
org_8mdd4v30,2025-08-08,networking,0.0807,0.0,1.8072,7.9089,0.0,0.001943,3
org_8mdd4v30,2025-08-08,storage,4.6983,224.0,0.0,1.5728,0.0,0.045115,3
org_8mdd4v30,2025-08-09,database,9.348099999999999,123.0,5.5948,36.2858,0.0,0.032976,6
org_8mdd4v30,2025-08-09,networking,2.3949,222.0,0.0,10.1593,0.0,0.046432,3
org_8mdd4v30,2025-08-09,storage,0.5187999999999999,0.0,2.1394,27.4437,0.0,0.005917,3
org_8mdd4v30,2025-08-10,database,6.794199999999999,114.0,6.1669,25.452099999999998,0.0,0.029124,6
org_8mdd4v30,2025-08-10,networking,4.0168,274.0,0.0,0.0,0.0,0.0548,3
org_8mdd4v30,2025-08-10,storage,2.4325,109.0,4.4133000000000004,0.0,0.0,0.022683,3
org_8mdd4v30,2025-08-11,database,24.5101,472.0,5.7636,0.0,0.0,0.095553,6
org_8mdd4v30,2025-08-11,networking,3.3511,355.0,0.0,0.0,0.0,0.07100000000000001,3
org_8mdd4v30,2025-08-11,storage,4.7538,231.0,3.2906,0.0,0.0,0.046858,3
org_8mdd4v30,2025-08-12,networking,1.7109,115.0,0.0,27.8673,0.0,0.028574,3
org_8mdd4v30,2025-08-12,storage,2.5669999999999997,120.0,0.3867,0.0,0.0,0.024078000000000002,3
org_8mdd4v30,2025-08-13,database,2.6196,0.0,1.6524999999999999,48.9005,0.0,0.010111,6
org_8mdd4v30,2025-08-13,networking,2.5571999999999995,242.0,0.0,10.3209,0.0,0.050463999999999995,3
org_8mdd4v30,2025-08-14,database,11.9918,224.0,0.0,10.151,0.0,0.04683,3
org_8mdd4v30,2025-08-14,storage,2.449,129.0,0.0,10.4979,0.0,0.0279,3
org_8mdd4v30,2025-08-15,networking,2.0574000000000003,259.0,0.1063,0.0,0.0,0.051821000000000006,3
org_8mdd4v30,2025-08-16,database,5.6994,104.0,3.3601,8.0852,0.0,0.023089,3
org_8mdd4v30,2025-08-16,networking,1.5041,119.0,0.0,2.0102,0.0,0.024202,3
org_8mdd4v30,2025-08-16,storage,5.0673,248.0,0.0,9.2388,0.0,0.051448,3
org_8mdd4v30,2025-08-17,database,1.2454999999999998,0.0,3.6394,21.0883,0.0,0.004945000000000001,3
org_8mdd4v30,2025-08-17,storage,2.1297,130.0,2.4101999999999997,0.0,0.0,0.026482,3
org_8mdd4v30,2025-08-18,database,12.471,229.0,6.467599999999999,5.9071,0.0,0.048275,6
org_8mdd4v30,2025-08-18,networking,0.1409,0.0,7.5243,4.6069,0.0,0.002426,3
org_8mdd4v30,2025-08-20,networking,2.8253,273.0,2.0104,0.0,0.0,0.055001999999999995,3
org_8mdd4v30,2025-08-20,storage,0.45599999999999996,0.0,2.4369,20.7419,0.0,0.004635,3
org_8mdd4v30,2025-08-21,database,5.6359,110.0,0.0,14.980699999999999,0.0,0.024995999999999997,3
org_8mdd4v30,2025-08-21,networking,1.2653999999999999,101.0,0.8681,16.2648,0.0,0.023627,3
org_8mdd4v30,2025-08-21,storage,4.9006,252.0,0.0,14.6698,0.0,0.053334,3
org_8mdd4v30,2025-08-22,database,35.4198,259.0,0.0,57.8462,0.0,0.06337,6
org_8mdd4v30,2025-08-22,networking,1.2889,125.0,0.0,18.0924,0.0,0.028618,3
org_8mdd4v30,2025-08-23,database,5.907900000000001,128.0,3.8454,0.0,0.0,0.026369,3
org_8mdd4v30,2025-08-23,storage,2.0096000000000003,108.0,2.6873,0.0,0.0,0.022137,3
org_8mdd4v30,2025-08-24,database,7.3823,111.0,1.3715,40.6121,0.0,0.030596,6
org_8mdd4v30,2025-08-24,networking,4.1109,355.0,0.0,0.0,0.0,0.07100000000000001,3
org_8mdd4v30,2025-08-24,storage,2.3183000000000002,121.0,0.0,3.1961,0.0,0.024839,3
org_8mdd4v30,2025-08-25,database,26.3099,469.0,0.0,26.0043,0.0,0.099001,6
org_8mdd4v30,2025-08-25,networking,1.0245,107.0,3.4888,0.0,0.0,0.022098,3
org_8mdd4v30,2025-08-25,storage,0.3588,0.0,5.7547999999999995,14.5171,0.0,0.004054,3
org_8mdd4v30,2025-08-26,database,7.5737000000000005,126.0,2.6937,19.8627,0.0,0.029712000000000002,3
org_8mdd4v30,2025-08-26,networking,1.5275,132.0,0.0,24.366300000000003,0.0,0.031273,3
org_8mdd4v30,2025-08-27,database,28.522199999999998,226.0,0.0,16.2893,0.0,0.048458,5
org_8mdd4v30,2025-08-27,storage,4.6641,247.0,0.0,13.7908,0.0,0.052157999999999996,3
org_8mdd4v30,2025-08-28,database,12.502399999999998,255.0,1.7664,0.0,0.0,0.051353,3
org_8mdd4v30,2025-08-28,storage,3.2169999999999996,148.0,0.0,26.332900000000002,0.0,0.034867,3
org_8mdd4v30,2025-08-29,networking,2.6262,254.0,0.0,10.5069,0.0,0.052901000000000004,3
org_8mdd4v30,2025-08-29,storage,4.0747,156.0,0.0,10.8681,0.0,0.033374,3
org_8mdd4v30,2025-08-30,database,4.6827000000000005,107.0,1.9443,4.398,0.0,0.022668999999999998,3
org_8mdd4v30,2025-08-31,database,12.532399999999999,221.0,2.5831,0.0,0.0,0.044717,3
org_8mdd4v30,2025-08-31,storage,2.4419999999999997,118.0,1.26,22.5871,0.0,0.028369,3
org_9mx2x18h,2025-07-03,database,6.1249,107.0,0.0,27.3626,0.0,0.0,3
org_9mx2x18h,2025-07-03,networking,1.4931999999999999,124.0,0.0,20.5367,0.0,0.0,3
org_9mx2x18h,2025-07-04,database,1.1914999999999998,0.0,5.232,15.2318,0.0,0.0,6
org_9mx2x18h,2025-07-04,networking,1.6261999999999999,131.0,0.614,13.8298,0.0,0.0,3
org_9mx2x18h,2025-07-05,compute,22.6697,242.0,0.0,22.2694,0.0,0.0,3
org_9mx2x18h,2025-07-05,database,30.567200000000003,575.0,0.0,9.9932,0.0,0.0,6
org_9mx2x18h,2025-07-06,compute,33.4696,364.0,0.0,0.0,0.0,0.0,3
org_9mx2x18h,2025-07-06,networking,0.15230000000000002,0.0,3.9715,12.3746,0.0,0.0,3
org_9mx2x18h,2025-07-07,database,6.359500000000001,122.0,1.6471,0.0,0.0,0.0,3
org_9mx2x18h,2025-07-08,database,15.697600000000001,363.0,0.0,0.0,0.0,0.0,3
org_9mx2x18h,2025-07-09,database,7.9705,136.0,6.819,23.1403,0.0,0.0,6
org_9mx2x18h,2025-07-10,database,13.4678,261.0,2.609,0.0,0.0,0.0,3
org_9mx2x18h,2025-07-10,networking,1.3246,116.0,0.0,15.1273,0.0,0.0,3
org_9mx2x18h,2025-07-11,database,13.381899999999998,243.0,5.4548,19.4812,0.0,0.0,6
org_9mx2x18h,2025-07-12,compute,9.0462,0.0,0.0,6.08,0.0,0.0,3
org_9mx2x18h,2025-07-12,database,13.467099999999999,222.0,0.0,39.2081,0.0,0.0,6
org_9mx2x18h,2025-07-12,networking,0.30369999999999997,0.0,7.1678,24.4201,0.0,0.0,3
org_9mx2x18h,2025-07-13,database,5.653499999999999,117.0,2.7999,0.0,0.0,0.0,3
org_9mx2x18h,2025-07-14,database,12.581399999999999,248.0,3.4405,10.191,0.0,0.0,6
org_9mx2x18h,2025-07-15,networking,0.9984000000000001,124.0,3.2596,12.771,0.0,0.0,3
org_9mx2x18h,2025-07-16,compute,19.717499999999998,251.0,0.0,11.4419,0.0,0.0,3
org_9mx2x18h,2025-07-16,database,10.269199999999998,0.0,0.0,31.956400000000002,0.0,0.0,3
org_9mx2x18h,2025-07-17,compute,29.035,356.0,0.0,0.0,0.0,0.0,3
org_9mx2x18h,2025-07-17,database,0.4867,0.0,2.128,6.842,0.0,0.0,3
org_9mx2x18h,2025-07-17,networking,1.7338,119.0,0.0,37.3384,0.0,0.0,3
org_9mx2x18h,2025-07-18,compute,0.8058,0.0,4.1681,4.4017,0.0,0.0017139999999999998,3
org_9mx2x18h,2025-07-19,compute,11.5217,126.0,3.9419,4.1939,0.0,0.026827,3
org_9mx2x18h,2025-07-19,networking,2.3106,259.0,0.0,4.4427,0.0,0.052689,3
org_9mx2x18h,2025-07-20,networking,4.2463,363.0,0.0,0.0,0.0,0.0726,3
org_9mx2x18h,2025-07-21,compute,18.4751,236.0,0.0,0.0,0.0,0.047200000000000006,3
org_9mx2x18h,2025-07-21,database,15.196700000000002,135.0,0.0,35.2923,0.0,0.034058,6
org_9mx2x18h,2025-07-22,compute,25.2332,255.0,0.0,0.0,0.0,0.051000000000000004,3
org_9mx2x18h,2025-07-22,database,6.1959,110.0,3.3308,13.4861,0.0,0.025363,3
org_9mx2x18h,2025-07-22,networking,1.4236,135.0,0.0,5.4118,0.0,0.028082,3
org_9mx2x18h,2025-07-23,database,30.249200000000002,581.0,0.0,0.0,0.0,0.1162,6
org_9mx2x18h,2025-07-23,networking,1.2979,123.0,2.5577,19.3092,0.0,0.028974,3
org_9mx2x18h,2025-07-24,compute,18.0361,244.0,0.0,11.6048,0.0,0.051121,3
org_9mx2x18h,2025-07-24,database,5.0497000000000005,101.0,0.4597,0.0,0.0,0.020291999999999998,3
org_9mx2x18h,2025-07-24,networking,2.6554,232.0,0.0,22.1093,0.0,0.050822,3
org_9mx2x18h,2025-07-25,compute,8.010299999999999,110.0,3.7269,0.0,0.0,0.022744999999999998,3
org_9mx2x18h,2025-07-25,database,25.9333,589.0,0.0,1.8702,0.0,0.118174,6
org_9mx2x18h,2025-07-25,networking,0.1649,0.0,1.8048,14.0868,0.0,0.0031780000000000003,3
org_9mx2x18h,2025-07-26,database,15.1249,269.0,2.6194,0.0,0.0,0.054324,3
org_9mx2x18h,2025-07-26,networking,1.4805,115.0,0.55,16.1791,0.0,0.026345999999999998,3
org_9mx2x18h,2025-07-27,compute,8.656099999999999,108.0,1.4466,7.0564,0.0,0.0233,3
org_9mx2x18h,2025-07-27,database,4.7094,113.0,2.6771,5.3024,0.0,0.024194999999999998,3
org_9mx2x18h,2025-07-28,compute,2.7085999999999997,0.0,1.9128,25.9569,0.0,0.005574,3
org_9mx2x18h,2025-07-29,compute,12.787799999999999,111.0,6.068099999999999,0.0,0.0,0.023414,3
org_9mx2x18h,2025-07-29,database,18.2774,350.0,0.7774,22.4935,0.0,0.07465400000000001,6
org_9mx2x18h,2025-07-30,compute,13.047899999999998,114.0,1.8369,18.1842,0.0,0.026804,3
org_9mx2x18h,2025-07-31,database,7.339099999999999,116.0,7.839099999999999,21.5327,0.0,0.029074999999999997,6
org_9mx2x18h,2025-08-01,compute,9.3866,126.0,0.0,27.0564,0.0,0.030612,3
org_9mx2x18h,2025-08-01,database,0.4798,0.0,0.0,6.5002,0.0,0.0013,3
org_9mx2x18h,2025-08-01,networking,0.0892,0.0,3.9136,4.5594,0.0,0.001695,3
org_9mx2x18h,2025-08-02,compute,0.4309,0.0,1.0467,4.1478,0.0,0.001039,3
org_9mx2x18h,2025-08-02,database,5.2517,108.0,1.5338,0.0,0.0,0.021906000000000002,3
org_9mx2x18h,2025-08-02,networking,0.1354,0.0,2.0809,10.1859,0.0,0.002453,3
org_9mx2x18h,2025-08-03,compute,18.7857,230.0,0.0,5.989,0.0,0.047198000000000004,3
org_9mx2x18h,2025-08-03,database,12.1669,238.0,4.2414,12.055399999999999,0.0,0.050859,6
org_9mx2x18h,2025-08-04,compute,2.3449,0.0,0.0,27.5304,0.0,0.005506,3
org_9mx2x18h,2025-08-04,database,22.4683,474.0,2.6793,1.0435,0.0,0.095545,6
org_9mx2x18h,2025-08-05,compute,11.0603,132.0,0.0,31.8933,0.0,0.032778,3
org_9mx2x18h,2025-08-05,database,8.1194,122.0,3.957,9.3127,0.0,0.027054,3
org_9mx2x18h,2025-08-06,database,13.3249,248.0,3.5461,3.7656,0.0,0.051063,6
org_9mx2x18h,2025-08-06,networking,2.5907,213.0,0.0,14.3596,0.0,0.045472,3
org_9mx2x18h,2025-08-07,database,19.476999999999997,359.0,4.138,27.7834,0.0,0.078184,6
org_9mx2x18h,2025-08-07,networking,4.1117,368.0,0.0,0.0,0.0,0.0736,3
org_9mx2x18h,2025-08-08,compute,29.961,353.0,0.0,0.0,0.0,0.0706,3
org_9mx2x18h,2025-08-08,networking,1.6186,122.0,0.0,26.229100000000003,0.0,0.029646,3
org_9mx2x18h,2025-08-09,database,7.468,130.0,0.0,30.596200000000003,0.0,0.032119,3
org_9mx2x18h,2025-08-09,networking,2.6281999999999996,247.0,0.0,20.259,0.0,0.053452,3
org_9mx2x18h,2025-08-10,compute,18.9447,235.0,0.0,10.4863,0.0,0.049097,3
org_9mx2x18h,2025-08-10,database,147.3464,221.0,1.2626,26.938899999999997,0.0,0.04984,6
org_9mx2x18h,2025-08-11,database,0.2583,0.0,0.593,4.430999999999999,0.0,0.001005,3
org_9mx2x18h,2025-08-12,database,20.355600000000003,237.0,0.0,0.0,0.0,0.0474,3
org_9mx2x18h,2025-08-12,networking,0.21660000000000001,0.0,3.3336,15.883,0.0,0.003844,3
org_9mx2x18h,2025-08-13,compute,20.4726,234.0,0.0,6.0734,0.0,0.048015,3
org_9mx2x18h,2025-08-13,database,10.318999999999999,216.0,0.0,0.0,0.0,0.0432,3
org_9mx2x18h,2025-08-14,compute,18.7544,248.0,0.0,5.6827,0.0,0.050737000000000004,3
org_9mx2x18h,2025-08-14,database,0.8098,0.0,0.0,1.6707,0.0,3.34E-4,3
org_9mx2x18h,2025-08-15,database,14.341800000000001,248.0,0.8897,0.0,0.0,0.049778,3
org_9mx2x18h,2025-08-15,networking,3.6834,363.0,0.0,0.0,0.0,0.0726,3
org_9mx2x18h,2025-08-16,networking,1.5133,123.0,2.5858,9.36,0.0,0.026989,3
org_9mx2x18h,2025-08-17,compute,10.0887,103.0,2.5023,0.0,0.0,0.0211,3
org_9mx2x18h,2025-08-17,database,13.445,255.0,3.2816,4.2335,0.0,0.052503,6
org_9mx2x18h,2025-08-17,networking,1.6388,123.0,3.2425,38.1652,0.0,0.032882,3
org_9mx2x18h,2025-08-18,networking,0.1176,0.0,3.2020999999999997,9.077,0.0,0.002455,3
org_9mx2x18h,2025-08-19,database,15.721,363.0,0.0,0.0,0.0,0.0726,3
org_9mx2x18h,2025-08-20,compute,15.988,230.0,1.8126,0.0,0.0,0.046363,3
org_9mx2x18h,2025-08-20,database,7.4422,128.0,3.866,21.5722,0.0,0.030687,3
org_9mx2x18h,2025-08-21,compute,22.7986,242.0,0.0,0.0,0.0,0.0484,2
org_9mx2x18h,2025-08-21,database,3.5734000000000004,118.0,1.065,2.2143,0.0,0.024256,3
org_9mx2x18h,2025-08-21,networking,2.2409999999999997,246.0,0.0,0.0,0.0,0.0492,3
org_9mx2x18h,2025-08-22,compute,20.6708,262.0,0.0,19.0535,0.0,0.056211000000000004,3
org_9mx2x18h,2025-08-22,database,11.2674,225.0,3.1798,15.4938,0.0,0.048735,6
org_9mx2x18h,2025-08-22,networking,3.0872,264.0,0.0,11.6233,0.0,0.055125,3
org_9mx2x18h,2025-08-23,compute,9.6931,111.0,2.3105,2.3528,0.0,0.023133,3
org_9mx2x18h,2025-08-23,database,10.1458,203.0,4.4158,24.394,0.0,0.046361999999999993,6
org_9mx2x18h,2025-08-23,networking,1.2396000000000003,122.0,3.0445,12.4736,0.0,0.027504,3
org_9mx2x18h,2025-08-24,compute,10.5398,128.0,6.431699999999999,0.0,0.0,0.026886,3
org_9mx2x18h,2025-08-24,database,11.5541,222.0,0.0,0.4095,0.0,0.044482,3
org_9mx2x18h,2025-08-24,networking,2.7353,249.0,0.0,12.7248,0.0,0.052344999999999996,3
org_9mx2x18h,2025-08-25,compute,9.2139,127.0,2.2988,4.9897,0.0,0.026858,3
org_9mx2x18h,2025-08-25,database,4.0735,121.0,7.4658,0.0,0.0,0.025693,6
org_9mx2x18h,2025-08-26,networking,2.2395,236.0,1.3872,0.0,0.0,0.047477000000000005,3
org_9mx2x18h,2025-08-27,compute,3.3979,0.0,1.7267,44.0051,0.0,0.009146,3
org_9mx2x18h,2025-08-27,database,8.3689,138.0,0.687,45.7954,0.0,0.036896,6
org_9mx2x18h,2025-08-27,networking,1.4675,123.0,0.0,0.0,0.0,0.0246,3
org_9mx2x18h,2025-08-28,compute,1.2195,0.0,0.0,13.2409,0.0,0.002648,3
org_9mx2x18h,2025-08-28,database,34.9136,636.0,1.7694,0.0,0.0,0.127554,6
org_9mx2x18h,2025-08-28,networking,0.1137,0.0,1.1754,6.9396,0.0,0.0016229999999999999,3
org_9mx2x18h,2025-08-29,compute,0.7871,0.0,8.9067,0.0,0.0,0.001781,3
org_9mx2x18h,2025-08-29,database,22.6415,443.0,0.0,22.8922,0.0,0.093178,6
org_9mx2x18h,2025-08-30,database,7.2438,128.0,3.247,17.9142,0.0,0.029832,3
org_9mx2x18h,2025-08-31,compute,10.5079,128.0,0.2034,15.1373,0.0,0.028668,3
org_9mx2x18h,2025-08-31,database,12.8471,226.0,12.097999999999999,0.0,0.0,0.047619,6
org_9t84azyt,2025-07-03,database,12.267100000000001,112.0,3.3786,99.5814,0.0,0.0,9
org_9t84azyt,2025-07-03,networking,2.2465,224.0,1.9876,0.0,0.0,0.0,3
org_9t84azyt,2025-07-03,storage,8.6674,388.0,0.0,0.0,0.0,0.0,3
org_9t84azyt,2025-07-04,database,11.9515,221.0,3.6722,33.8201,0.0,0.0,6
org_9t84azyt,2025-07-04,networking,1.9598999999999998,231.0,0.0,0.0,0.0,0.0,3
org_9t84azyt,2025-07-04,storage,4.7896,268.0,0.0,0.2601,0.0,0.0,3
org_9t84azyt,2025-07-05,database,24.773999999999997,351.0,1.6458,17.3908,0.0,0.0,6
org_9t84azyt,2025-07-05,storage,0.6326,0.0,3.2106,27.9502,0.0,0.0,3
org_9t84azyt,2025-07-06,database,13.421999999999999,229.0,0.0,6.3718,0.0,0.0,3
org_9t84azyt,2025-07-06,networking,2.5748,226.0,0.0,0.8424,0.0,0.0,3
org_9t84azyt,2025-07-07,database,12.6635,123.0,4.345,39.5691,0.0,0.0,9
org_9t84azyt,2025-07-07,networking,1.3381,118.0,1.5946,5.4868,0.0,0.0,3
org_9t84azyt,2025-07-08,database,6.0607,115.0,4.8536,23.405299999999997,0.0,0.0,6
org_9t84azyt,2025-07-08,networking,1.0933000000000002,111.0,0.1597,17.4839,0.0,0.0,3
org_9t84azyt,2025-07-08,storage,4.9886,237.0,0.0,3.4301,0.0,0.0,3
org_9t84azyt,2025-07-09,networking,2.6067,253.0,0.0,0.0,0.0,0.0,3
org_9t84azyt,2025-07-10,database,18.8392,391.0,4.6229,28.1527,0.0,0.0,9
org_9t84azyt,2025-07-10,networking,2.7978,247.0,0.0,1.7563,0.0,0.0,3
org_9t84azyt,2025-07-10,storage,3.0682,138.0,2.7944,2.9959,0.0,0.0,3
org_9t84azyt,2025-07-11,database,25.672199999999997,486.0,2.2469,29.0045,0.0,0.0,9
org_9t84azyt,2025-07-11,networking,1.6436,128.0,0.0,26.0343,0.0,0.0,3
org_9t84azyt,2025-07-12,database,11.444299999999998,229.0,2.8038999999999996,22.3632,0.0,0.0,6
org_9t84azyt,2025-07-12,networking,2.2381,230.0,0.0,0.0,0.0,0.0,3
org_9t84azyt,2025-07-12,storage,2.8009999999999997,115.0,4.109,4.3595,0.0,0.0,3
org_9t84azyt,2025-07-13,database,23.4497,454.0,0.0,28.4723,0.0,0.0,6
org_9t84azyt,2025-07-13,networking,2.7825,254.0,0.0,22.8269,0.0,0.0,3
org_9t84azyt,2025-07-15,database,7.2627,127.0,0.9689,37.1751,0.0,0.0,6
org_9t84azyt,2025-07-15,networking,1.9406999999999999,209.0,0.0,2.6249,0.0,0.0,3
org_9t84azyt,2025-07-15,storage,3.7851999999999997,130.0,0.0,19.1662,0.0,0.0,3
org_9t84azyt,2025-07-16,database,6.715000000000001,119.0,2.9474,16.8141,0.0,0.0,3
org_9t84azyt,2025-07-16,storage,0.6255999999999999,0.0,3.3333,27.263099999999998,0.0,0.0,3
org_9t84azyt,2025-07-17,database,22.252000000000002,448.0,2.2748,0.0,0.0,0.0,6
org_9t84azyt,2025-07-17,storage,0.4945,0.0,1.9758,23.7214,0.0,0.0,3
org_9t84azyt,2025-07-18,database,13.5028,243.0,0.0,3.576,0.0,0.049315,3
org_9t84azyt,2025-07-19,database,0.2158,0.0,4.5056,0.0,0.0,9.01E-4,3
org_9t84azyt,2025-07-19,networking,1.2815999999999999,112.0,3.4591,14.0052,0.0,0.025893,3
org_9t84azyt,2025-07-20,database,19.6327,256.0,0.0,0.0,0.0,0.051199999999999996,3
org_9t84azyt,2025-07-20,storage,0.4996,0.0,1.8252,22.7457,0.0,0.004914,3
org_9t84azyt,2025-07-21,database,6.7354,117.0,0.7446,1.982,0.0,0.023945,3
org_9t84azyt,2025-07-21,networking,2.0011,244.0,0.6652,0.0,0.0,0.048933000000000004,3
org_9t84azyt,2025-07-21,storage,1.9398,106.0,4.6773,0.0,0.0,0.022136,3
org_9t84azyt,2025-07-22,database,33.2158,612.0,1.8344,0.0,0.0,0.122767,6
org_9t84azyt,2025-07-22,networking,1.9447,217.0,1.0028,0.0,0.0,0.043601,3
org_9t84azyt,2025-07-22,storage,2.1203000000000003,108.0,0.5799,18.375,0.0,0.025391000000000004,3
org_9t84azyt,2025-07-23,database,8.228200000000001,131.0,6.4346,0.0,0.0,0.027487,3
org_9t84azyt,2025-07-23,networking,0.0211,0.0,1.7414,0.0,0.0,3.48E-4,3
org_9t84azyt,2025-07-24,database,28.4295,603.0,4.6954,0.0,0.0,0.121539,6
org_9t84azyt,2025-07-24,storage,4.493,241.0,0.0,4.6647,0.0,0.049133,3
org_9t84azyt,2025-07-25,database,18.546499999999998,343.0,0.0,0.0,0.0,0.0686,3
org_9t84azyt,2025-07-25,storage,2.4159,124.0,1.7437,0.0,0.0,0.025149,3
org_9t84azyt,2025-07-26,database,7.001099999999999,124.0,4.5571,4.4859,0.0,0.026607999999999996,3
org_9t84azyt,2025-07-26,storage,4.0796,234.0,3.243,0.0,0.0,0.047449,3
org_9t84azyt,2025-07-27,database,12.107299999999999,207.0,1.3344,47.727000000000004,0.0,0.05121200000000001,6
org_9t84azyt,2025-07-27,networking,0.2279,0.0,3.014,17.9191,0.0,0.004187,3
org_9t84azyt,2025-07-28,database,9.881,144.0,0.0,22.9047,0.0,0.033381,3
org_9t84azyt,2025-07-28,networking,1.3689999999999998,118.0,4.0954,19.1947,0.0,0.028258,3
org_9t84azyt,2025-07-29,networking,1.2999,112.0,1.6754,12.4678,0.0,0.025229,3
org_9t84azyt,2025-07-29,storage,5.049200000000001,241.0,0.0,0.0,0.0,0.0482,3
org_9t84azyt,2025-07-30,database,13.8062,256.0,4.8855,12.8854,0.0,0.054755,6
org_9t84azyt,2025-07-30,networking,1.574,119.0,0.0,17.7855,0.0,0.027357000000000003,3
org_9t84azyt,2025-07-30,storage,5.1362000000000005,230.0,0.0,11.2057,0.0,0.048241,3
org_9t84azyt,2025-07-31,database,12.5029,224.0,0.0,0.0,0.0,0.0448,3
org_9t84azyt,2025-07-31,networking,1.3906,124.0,0.018,4.1226,0.0,0.025629,3
org_9t84azyt,2025-08-01,database,34.5691,461.0,2.0645000000000002,32.4889,0.0,0.099111,9
org_9t84azyt,2025-08-01,networking,2.3848,237.0,0.0,24.1743,0.0,0.052235,3
org_9t84azyt,2025-08-02,database,5.1776,117.0,4.9634,0.0,0.0,0.024393,3
org_9t84azyt,2025-08-02,networking,3.6018,364.0,0.0,0.0,0.0,0.0728,3
org_9t84azyt,2025-08-02,storage,3.7343,225.0,0.0,0.0,0.0,0.045,3
org_9t84azyt,2025-08-03,database,20.1871,355.0,1.313,22.3155,0.0,0.07572599999999999,6
org_9t84azyt,2025-08-03,networking,2.1651,209.0,0.0,14.0943,0.0,0.044619000000000006,3
org_9t84azyt,2025-08-04,database,7.6763,138.0,0.0,3.3662,0.0,0.028273,3
org_9t84azyt,2025-08-05,database,16.3078,310.0,6.9902,11.0191,0.0,0.06560200000000001,6
org_9t84azyt,2025-08-05,networking,2.324,220.0,0.0,15.7894,0.0,0.047158000000000005,3
org_9t84azyt,2025-08-05,storage,3.4306,127.0,0.0,15.8253,0.0,0.028565,3
org_9t84azyt,2025-08-06,database,12.313600000000001,255.0,3.8855,24.6727,0.0,0.056712,6
org_9t84azyt,2025-08-06,networking,0.9079999999999999,112.0,1.3646,0.0,0.0,0.022673,3
org_9t84azyt,2025-08-06,storage,6.764799999999999,332.0,0.0,0.0,0.0,0.0664,3
org_9t84azyt,2025-08-07,database,10.765999999999998,266.0,0.0,0.0,0.0,0.0532,3
org_9t84azyt,2025-08-07,networking,3.8556999999999997,410.0,0.0,0.0,0.0,0.082,3
org_9t84azyt,2025-08-07,storage,6.0968,251.0,0.0,18.7112,0.0,0.053942000000000004,3
org_9t84azyt,2025-08-08,database,13.5833,233.0,3.6825,37.149100000000004,0.0,0.054766999999999996,6
org_9t84azyt,2025-08-09,storage,6.0142999999999995,348.0,0.0,0.0,0.0,0.0696,3
org_9t84azyt,2025-08-10,database,28.8304,521.0,0.2719,12.6548,0.0,0.10678499999999999,6
org_9t84azyt,2025-08-10,storage,2.617,126.0,1.9259,0.0,0.0,0.025585,3
org_9t84azyt,2025-08-11,database,16.4576,325.0,0.1234,20.6218,0.0,0.06914899999999999,6
org_9t84azyt,2025-08-12,database,14.2479,273.0,1.5338,19.7767,0.0,0.058862,6
org_9t84azyt,2025-08-12,networking,1.4748,112.0,5.9876000000000005,0.0,0.0,0.023597999999999997,3
org_9t84azyt,2025-08-12,storage,1.922,116.0,0.3943,0.0,0.0,0.023278999999999998,3
org_9t84azyt,2025-08-13,database,0.1047,0.0,1.4287,0.6107,0.0,4.08E-4,3
org_9t84azyt,2025-08-13,networking,3.7066,354.0,0.0,0.0,0.0,0.0708,3
org_9t84azyt,2025-08-14,database,5.8391,108.0,2.1016,0.0,0.0,0.02202,3
org_9t84azyt,2025-08-15,database,13.366,231.0,0.0,5.9576,0.0,0.047392000000000004,3
org_9t84azyt,2025-08-15,networking,2.6826,233.0,0.0,4.1421,0.0,0.047428,3
org_9t84azyt,2025-08-16,database,9.763,112.0,1.6171,55.483399999999996,0.0,0.03382,6
org_9t84azyt,2025-08-16,storage,2.3187,119.0,0.0,3.8338,0.0,0.024567000000000002,3
org_9t84azyt,2025-08-17,database,5.2023,113.0,1.3423,10.2676,0.0,0.024922,3
org_9t84azyt,2025-08-17,storage,0.11529999999999999,0.0,4.8774999999999995,0.0,0.0,9.75E-4,3
org_9t84azyt,2025-08-18,database,18.5221,392.0,0.0,0.0,0.0,0.0784,3
org_9t84azyt,2025-08-18,networking,2.3714000000000004,245.0,0.0,0.6056,0.0,0.049121,3
org_9t84azyt,2025-08-18,storage,2.8088,120.0,0.0,28.1793,0.0,0.029636000000000003,3
org_9t84azyt,2025-08-19,database,18.162999999999997,383.0,11.5487,2.1924,0.0,0.079348,9
org_9t84azyt,2025-08-19,storage,3.5329,126.0,0.0,27.3352,0.0,0.030667,3
org_9t84azyt,2025-08-20,database,13.9754,228.0,3.7758000000000003,48.1243,0.0,0.055981,9
org_9t84azyt,2025-08-20,storage,4.9078,255.0,2.4755,0.0,0.0,0.051495,3
org_9t84azyt,2025-08-21,database,6.9335,118.0,2.4784,10.7547,0.0,0.026247,3
org_9t84azyt,2025-08-21,networking,2.0359,214.0,0.0,13.3015,0.0,0.04546000000000001,3
org_9t84azyt,2025-08-22,database,11.185899999999998,222.0,3.2461,11.615699999999999,0.0,0.047372,6
org_9t84azyt,2025-08-22,networking,1.6326,122.0,0.4187,24.4312,0.0,0.02937,3
org_9t84azyt,2025-08-22,storage,0.7306,0.0,1.9763,30.514000000000003,0.0,0.006498,3
org_9t84azyt,2025-08-23,database,147.5435,234.0,2.1692,28.6811,0.0,0.052971000000000004,6
org_9t84azyt,2025-08-23,networking,1.4257,122.0,0.0,36.3113,0.0,0.031663000000000004,3
org_9t84azyt,2025-08-24,database,23.137,466.0,1.6469,9.4745,0.0,0.095424,6
org_9t84azyt,2025-08-24,networking,0.2172,0.0,3.323,22.473599999999998,0.0,0.0051589999999999995,3
org_9t84azyt,2025-08-25,database,20.2503,326.0,0.0,25.5079,0.0,0.070301,6
org_9t84azyt,2025-08-25,networking,2.6067,245.0,0.0,0.0,0.0,0.049,3
org_9t84azyt,2025-08-25,storage,6.8266,350.0,0.0,0.0,0.0,0.07,3
org_9t84azyt,2025-08-26,database,22.5485,444.0,0.5993,24.1832,0.0,0.093756,9
org_9t84azyt,2025-08-26,networking,1.2357999999999998,114.0,0.5013,9.6063,0.0,0.024821,3
org_9t84azyt,2025-08-26,storage,8.6942,366.0,0.0,0.0,0.0,0.0732,3
org_9t84azyt,2025-08-27,database,4.8221,100.0,0.0,14.623099999999999,0.0,0.022925,3
org_9t84azyt,2025-08-28,database,37.6552,681.0,0.0,21.7087,0.0,0.140542,9
org_9t84azyt,2025-08-28,storage,5.830299999999999,348.0,0.0,0.0,0.0,0.0696,3
org_9t84azyt,2025-08-29,storage,2.2525,109.0,2.2125,4.1867,0.0,0.02308,3
org_9t84azyt,2025-08-30,database,19.963299999999997,366.0,0.0,0.0,0.0,0.0732,3
org_9t84azyt,2025-08-30,networking,0.3419,0.0,0.0,31.2126,0.0,0.006241999999999999,3
org_9t84azyt,2025-08-30,storage,4.8751,251.0,0.0,13.055,0.0,0.052811000000000004,3
org_9t84azyt,2025-08-31,database,24.236299999999996,500.0,0.0,20.7188,0.0,0.10414399999999999,6
org_9t84azyt,2025-08-31,networking,1.7117,128.0,1.2354,12.9018,0.0,0.028427,3
org_a7tz0ync,2025-07-03,analytics,17.439999999999998,141.0,2.9481,0.0,0.0,0.0,3
org_a7tz0ync,2025-07-03,genai,18.1015,121.0,0.0,31.2748,0.0,0.0,3
org_a7tz0ync,2025-07-03,storage,2.7411,130.0,1.5989,0.4918,0.0,0.0,3
org_a7tz0ync,2025-07-04,analytics,9.057,107.0,0.0,14.6199,0.0,0.0,3
org_a7tz0ync,2025-07-04,genai,32.9388,230.0,0.0,7.8791,0.0,0.0,3
org_a7tz0ync,2025-07-05,genai,13.2201,0.0,0.0,15.4224,0.0,0.0,3
org_a7tz0ync,2025-07-06,analytics,9.2067,132.0,1.1579,0.0,0.0,0.0,3
org_a7tz0ync,2025-07-06,genai,26.513599999999997,213.0,0.0,8.3666,0.0,0.0,3
org_a7tz0ync,2025-07-07,genai,30.742600000000003,251.0,0.3929,0.0,0.0,0.0,3
org_a7tz0ync,2025-07-08,genai,52.92,450.0,4.2663,0.0,0.0,0.0,6
org_a7tz0ync,2025-07-09,analytics,12.475700000000002,127.0,6.5423,0.0,0.0,0.0,3
org_a7tz0ync,2025-07-09,compute,10.4989,115.0,0.0,34.4111,0.0,0.0,3
org_a7tz0ync,2025-07-09,genai,15.020800000000001,124.0,0.0,26.4787,0.0,0.0,3
org_a7tz0ync,2025-07-09,storage,0.18339999999999998,0.0,0.9492,8.0079,0.0,0.0,3
org_a7tz0ync,2025-07-10,compute,10.9258,121.0,0.0,12.3726,0.0,0.0,3
org_a7tz0ync,2025-07-10,genai,16.512800000000002,127.0,3.702,0.0,0.0,0.0,3
org_a7tz0ync,2025-07-10,storage,0.3289,0.0,3.104,14.4322,0.0,0.0,3
org_a7tz0ync,2025-07-11,compute,22.3159,265.0,3.9883,0.0,0.0,0.0,3
org_a7tz0ync,2025-07-11,genai,76.81479999999999,636.0,0.0,0.0,0.0,0.0,6
org_a7tz0ync,2025-07-11,storage,2.6861,119.0,0.0,12.9193,0.0,0.0,3
org_a7tz0ync,2025-07-12,analytics,15.3899,232.0,0.0,19.5508,0.0,0.0,3
org_a7tz0ync,2025-07-12,genai,42.4504,366.0,0.0,32.0848,0.0,0.0,6
org_a7tz0ync,2025-07-13,analytics,9.8426,118.0,1.0965,0.0,0.0,0.0,3
org_a7tz0ync,2025-07-13,genai,1.3873,0.0,3.4893,10.6705,0.0,0.0,3
org_a7tz0ync,2025-07-14,compute,23.4571,239.0,1.3939,0.0,0.0,0.0,3
org_a7tz0ync,2025-07-14,genai,16.9267,110.0,0.0,18.6325,0.0,0.0,3
org_a7tz0ync,2025-07-14,storage,1.7568000000000001,99.0,5.3423,0.0,0.0,0.0,3
org_a7tz0ync,2025-07-15,analytics,2.5129,0.0,1.842,32.8003,0.0,0.0,3
org_a7tz0ync,2025-07-15,genai,26.1098,228.0,3.3445,5.5293,0.0,0.0,6
org_a7tz0ync,2025-07-15,storage,5.5377,263.0,0.0,14.8622,0.0,0.0,3
org_a7tz0ync,2025-07-16,compute,9.6184,111.0,0.671,1.9097,0.0,0.0,3
org_a7tz0ync,2025-07-16,genai,1.6387999999999998,0.0,4.8414,8.3362,0.0,0.0,3
org_a7tz0ync,2025-07-16,storage,0.1628,0.0,3.951,3.2283,0.0,0.0,3
org_a7tz0ync,2025-07-17,analytics,15.917300000000001,233.0,0.0,12.5718,0.0,0.0,3
org_a7tz0ync,2025-07-17,compute,1.6279,0.0,0.1132,21.8394,0.0,0.0,3
org_a7tz0ync,2025-07-17,genai,0.2779,0.0,1.9148999999999998,0.0,0.0,0.0,3
org_a7tz0ync,2025-07-18,compute,15.124300000000002,244.0,0.0,1.9824,0.0,0.049196000000000004,3
org_a7tz0ync,2025-07-18,genai,59.4962,467.0,2.718,0.0,6379.0,0.093944,6
org_a7tz0ync,2025-07-19,analytics,14.700299999999999,242.0,0.0,0.0,0.0,0.0484,3
org_a7tz0ync,2025-07-19,compute,11.7304,115.0,0.0,39.426100000000005,0.0,0.030885,3
org_a7tz0ync,2025-07-19,genai,30.3299,240.0,4.2727,0.0,2668.0,0.048855,3
org_a7tz0ync,2025-07-19,storage,3.6994,130.0,0.0,31.501599999999996,0.0,0.032300999999999996,3
org_a7tz0ync,2025-07-20,compute,19.6675,241.0,0.0,0.0,0.0,0.0482,3
org_a7tz0ync,2025-07-20,genai,16.6137,119.0,0.0,0.0,2733.0,0.0238,3
org_a7tz0ync,2025-07-21,genai,24.0502,232.0,0.0,10.9265,2039.0,0.048584999999999996,3
org_a7tz0ync,2025-07-22,storage,3.1820999999999997,108.0,0.0,18.4307,0.0,0.025286000000000003,3
org_a7tz0ync,2025-07-23,compute,17.3928,226.0,0.0,0.0,0.0,0.0452,3
org_a7tz0ync,2025-07-23,genai,19.8412,131.0,2.2121,0.0,1899.0,0.026642000000000002,3
org_a7tz0ync,2025-07-23,storage,2.4525,116.0,3.0302,0.0,0.0,0.023805999999999997,3
org_a7tz0ync,2025-07-24,genai,14.3145,110.0,2.1686,0.0,2914.0,0.022434,3
org_a7tz0ync,2025-07-24,storage,1.6084999999999998,0.0,0.0,9.8982,0.0,0.00198,3
org_a7tz0ync,2025-07-25,compute,26.8926,357.0,0.0,0.0,0.0,0.07139999999999999,3
org_a7tz0ync,2025-07-25,genai,17.4919,119.0,0.0,28.545499999999997,3482.0,0.029509,3
org_a7tz0ync,2025-07-26,genai,22.8503,139.0,7.0474000000000006,29.5051,5735.0,0.035110999999999996,6
org_a7tz0ync,2025-07-26,storage,2.6441999999999997,123.0,0.0,39.0547,0.0,0.032411,3
org_a7tz0ync,2025-07-27,analytics,10.0582,113.0,0.0,31.0963,0.0,0.028819,3
org_a7tz0ync,2025-07-27,genai,15.526600000000002,109.0,0.0,32.1167,2488.0,0.028222999999999998,3
org_a7tz0ync,2025-07-27,storage,8.1439,350.0,0.0,0.0,0.0,0.06999999999999999,3
org_a7tz0ync,2025-07-28,analytics,2.1935000000000002,0.0,4.1267,28.0631,0.0,0.006437,3
org_a7tz0ync,2025-07-28,compute,25.7622,355.0,0.0,0.0,0.0,0.071,3
org_a7tz0ync,2025-07-28,genai,17.7383,109.0,0.0,14.593,1522.0,0.024719,3
org_a7tz0ync,2025-07-28,storage,0.11939999999999999,0.0,5.2416,0.0,0.0,0.001049,3
org_a7tz0ync,2025-07-29,analytics,10.4433,104.0,0.0,37.3295,0.0,0.028266,3
org_a7tz0ync,2025-07-29,compute,32.5128,257.0,0.0,0.0,0.0,0.0514,3
org_a7tz0ync,2025-07-29,genai,57.3059,501.0,1.1361,6.8873,4152.0,0.101804,6
org_a7tz0ync,2025-07-29,storage,5.067,234.0,2.2724,0.0,0.0,0.047254,3
org_a7tz0ync,2025-07-30,analytics,10.555799999999998,147.0,2.065,10.7025,0.0,0.031953999999999996,3
org_a7tz0ync,2025-07-30,compute,2.7506999999999997,0.0,1.1324,28.7308,0.0,0.005972,3
org_a7tz0ync,2025-07-30,genai,44.215599999999995,382.0,0.0,0.0,1867.0,0.0764,3
org_a7tz0ync,2025-07-30,storage,5.044499999999999,233.0,2.3201,0.0,0.0,0.047064,3
org_a7tz0ync,2025-07-31,analytics,18.2016,229.0,0.0,23.9261,0.0,0.050585000000000005,3
org_a7tz0ync,2025-07-31,genai,17.8352,107.0,2.7746,14.729400000000002,5278.0,0.024900999999999996,6
org_a7tz0ync,2025-07-31,storage,2.1940999999999997,109.0,2.1474,7.2665,0.0,0.023681999999999998,3
org_a7tz0ync,2025-08-01,compute,9.1905,110.0,1.4331,2.2805,0.0,0.022743,3
org_a7tz0ync,2025-08-01,storage,2.6635000000000004,123.0,1.2439,21.6126,0.0,0.029172,3
org_a7tz0ync,2025-08-02,analytics,17.766399999999997,254.0,1.3969,0.0,0.0,0.051079,3
org_a7tz0ync,2025-08-02,compute,17.0336,190.0,0.0,0.0,0.0,0.038,3
org_a7tz0ync,2025-08-02,genai,34.0627,240.0,2.472,32.880700000000004,4541.0,0.055069999999999994,6
org_a7tz0ync,2025-08-02,storage,4.9463,253.0,0.0,14.3437,0.0,0.053469,3
org_a7tz0ync,2025-08-03,analytics,18.0961,234.0,0.0,17.9389,0.0,0.050387999999999995,3
org_a7tz0ync,2025-08-03,compute,11.170699999999998,117.0,6.2203,0.0,0.0,0.024644,3
org_a7tz0ync,2025-08-03,genai,46.4105,328.0,0.0,0.0,3556.0,0.06559999999999999,3
org_a7tz0ync,2025-08-04,analytics,23.8675,354.0,0.0,0.0,0.0,0.0708,3
org_a7tz0ync,2025-08-04,compute,9.621099999999998,121.0,2.3642,20.7797,0.0,0.028829,3
org_a7tz0ync,2025-08-04,genai,47.4606,210.0,4.5268,26.3502,3152.0,0.048174999999999996,6
org_a7tz0ync,2025-08-04,storage,7.2897,348.0,0.0,0.0,0.0,0.0696,3
org_a7tz0ync,2025-08-05,analytics,16.4692,232.0,0.0,0.0,0.0,0.0464,3
org_a7tz0ync,2025-08-05,genai,24.985,241.0,0.0,4.1655,2831.0,0.049033,3
org_a7tz0ync,2025-08-05,storage,2.3244,108.0,3.8406,0.0,0.0,0.022368000000000002,3
org_a7tz0ync,2025-08-06,analytics,9.5395,117.0,0.0,20.3936,0.0,0.027478000000000002,3
org_a7tz0ync,2025-08-06,compute,9.6972,117.0,2.8437,0.0,0.0,0.023969,3
org_a7tz0ync,2025-08-06,genai,29.6796,246.0,3.5153999999999996,10.953199999999999,4302.0,0.052093,6
org_a7tz0ync,2025-08-07,analytics,8.2265,116.0,0.0,18.488500000000002,0.0,0.026898,3
org_a7tz0ync,2025-08-07,compute,20.1777,253.0,0.0,0.0,0.0,0.0506,3
org_a7tz0ync,2025-08-07,genai,15.2593,98.0,6.7257,10.6241,4443.0,0.023069999999999997,6
org_a7tz0ync,2025-08-08,compute,10.1393,135.0,0.0,15.6049,0.0,0.030121,3
org_a7tz0ync,2025-08-08,genai,34.6821,246.0,1.2772,52.0943,5145.0,0.059874000000000004,6
org_a7tz0ync,2025-08-08,storage,5.6576,250.0,0.0,0.0,0.0,0.05,3
org_a7tz0ync,2025-08-09,compute,7.2126,128.0,2.6529,0.0,0.0,0.026131,3
org_a7tz0ync,2025-08-09,genai,40.6753,355.0,0.0,0.0,2622.0,0.07100000000000001,3
org_a7tz0ync,2025-08-10,compute,26.668600000000005,349.0,0.0,0.0,0.0,0.0698,3
org_a7tz0ync,2025-08-10,genai,4.3665,0.0,0.0,34.438900000000004,2659.0,0.006888,3
org_a7tz0ync,2025-08-10,storage,4.164,225.0,0.0,1.0366,0.0,0.045207,3
org_a7tz0ync,2025-08-11,analytics,30.613,372.0,0.0,0.0,0.0,0.0744,3
org_a7tz0ync,2025-08-11,compute,11.2891,120.0,1.821,0.0,0.0,0.024364,3
org_a7tz0ync,2025-08-11,genai,0.7597,0.0,6.4346,0.0,2612.0,0.001288,3
org_a7tz0ync,2025-08-11,storage,2.2952,100.0,6.1005,0.0,0.0,0.02122,3
org_a7tz0ync,2025-08-12,analytics,12.157399999999999,138.0,0.0,3.3156,0.0,0.028263,3
org_a7tz0ync,2025-08-12,compute,18.1844,222.0,0.0,1.3739,0.0,0.044675000000000006,3
org_a7tz0ync,2025-08-12,genai,51.001000000000005,449.0,0.0,17.4055,1974.0,0.093281,6
org_a7tz0ync,2025-08-13,compute,2.6312999999999995,0.0,5.4224,34.4892,0.0,0.007982,3
org_a7tz0ync,2025-08-13,genai,36.3374,121.0,1.694,0.0,3832.0,0.024539,3
org_a7tz0ync,2025-08-14,analytics,9.968300000000001,126.0,3.6818,0.0,0.0,0.025936,3
org_a7tz0ync,2025-08-14,compute,26.1826,353.0,0.0,0.0,0.0,0.0706,3
org_a7tz0ync,2025-08-14,genai,28.1544,252.0,0.0,7.3473,2415.0,0.051869,3
org_a7tz0ync,2025-08-14,storage,5.2174,259.0,1.6615,0.0,0.0,0.052132,3
org_a7tz0ync,2025-08-15,analytics,7.0696,119.0,0.1248,0.0,0.0,0.023825000000000002,3
org_a7tz0ync,2025-08-15,genai,48.50160000000001,358.0,0.0,34.0896,5509.0,0.078418,6
org_a7tz0ync,2025-08-16,analytics,24.9613,350.0,0.0,0.0,0.0,0.06999999999999999,3
org_a7tz0ync,2025-08-16,genai,30.7645,220.0,0.0,27.2085,3387.0,0.049442,3
org_a7tz0ync,2025-08-17,genai,21.169700000000006,126.0,1.6397,55.4769,5133.0,0.036624,6
org_a7tz0ync,2025-08-18,analytics,1.7281,0.0,0.0,28.0612,0.0,0.005613,3
org_a7tz0ync,2025-08-18,compute,11.898200000000001,119.0,0.0,24.3204,0.0,0.028664000000000002,3
org_a7tz0ync,2025-08-18,genai,27.267699999999998,233.0,0.0,16.2002,1962.0,0.04984,3
org_a7tz0ync,2025-08-18,storage,6.830399999999999,358.0,0.0,0.0,0.0,0.0716,3
org_a7tz0ync,2025-08-19,analytics,10.225000000000001,112.0,0.0,29.835800000000003,0.0,0.028367,3
org_a7tz0ync,2025-08-19,compute,9.0521,111.0,0.9974,1.3104,0.0,0.022661,3
org_a7tz0ync,2025-08-19,genai,58.907799999999995,493.0,0.0,5.0267,4601.0,0.09960500000000001,6
org_a7tz0ync,2025-08-19,storage,4.214300000000001,241.0,0.8658,0.0,0.0,0.048373,3
org_a7tz0ync,2025-08-20,compute,21.829600000000003,243.0,4.0001,0.0,0.0,0.049400000000000006,3
org_a7tz0ync,2025-08-20,genai,45.385999999999996,380.0,0.0,22.5319,5173.0,0.080506,6
org_a7tz0ync,2025-08-21,genai,18.156399999999998,120.0,0.0,1.9981,4073.0,0.0244,3
org_a7tz0ync,2025-08-21,storage,5.145099999999999,273.0,0.0,14.924,0.0,0.057585000000000004,3
org_a7tz0ync,2025-08-22,compute,10.6842,123.0,0.0,32.5219,0.0,0.031104,3
org_a7tz0ync,2025-08-22,genai,0.2755,0.0,1.994,0.0,3011.0,3.99E-4,3
org_a7tz0ync,2025-08-23,analytics,10.3002,120.0,6.5625,0.0,0.0,0.025313,3
org_a7tz0ync,2025-08-23,compute,9.3321,130.0,0.0,11.1606,0.0,0.028232,3
org_a7tz0ync,2025-08-23,genai,26.9957,125.0,0.4514,5.1487,2592.0,0.02612,3
org_a7tz0ync,2025-08-23,storage,4.0034,227.0,0.2749,0.0,0.0,0.045455,3
org_a7tz0ync,2025-08-24,analytics,17.605600000000003,265.0,0.0,10.0813,0.0,0.055016,3
org_a7tz0ync,2025-08-24,genai,41.140699999999995,377.0,0.0,0.0,4001.0,0.0754,6
org_a7tz0ync,2025-08-24,storage,3.4472,142.0,0.0,9.2014,0.0,0.030240000000000003,3
org_a7tz0ync,2025-08-25,analytics,2.1502,0.0,4.2634,29.122600000000002,0.0,0.006678,3
org_a7tz0ync,2025-08-25,compute,12.686900000000001,142.0,0.0,20.327,0.0,0.032465,3
org_a7tz0ync,2025-08-25,genai,16.2121,134.0,0.1976,0.0,2795.0,0.02684,3
org_a7tz0ync,2025-08-25,storage,4.076499999999999,129.0,0.0,0.0,0.0,0.0258,3
org_a7tz0ync,2025-08-26,analytics,21.4494,352.0,0.0,0.0,0.0,0.0704,3
org_a7tz0ync,2025-08-26,compute,0.994,0.0,4.8357,8.5786,0.0,0.002683,3
org_a7tz0ync,2025-08-26,genai,19.5122,123.0,1.1911,9.2101,2904.0,0.02668,3
org_a7tz0ync,2025-08-27,compute,21.0718,255.0,0.0,5.6892,0.0,0.052138000000000004,3
org_a7tz0ync,2025-08-27,genai,23.3199,123.0,4.9213,16.324,2389.0,0.028849,3
org_a7tz0ync,2025-08-28,compute,10.962700000000002,106.0,0.0,25.372500000000002,0.0,0.026274,3
org_a7tz0ync,2025-08-29,analytics,0.8437,0.0,2.4237,8.9584,0.0,0.0022760000000000002,3
org_a7tz0ync,2025-08-29,compute,17.587500000000002,249.0,0.0,9.4049,0.0,0.051681,3
org_a7tz0ync,2025-08-29,genai,32.1028,252.0,0.0,12.0456,2224.0,0.052809,3
org_a7tz0ync,2025-08-30,compute,8.9633,108.0,0.0,14.4324,0.0,0.024486,3
org_a7tz0ync,2025-08-30,storage,5.1267000000000005,233.0,0.0,0.0,0.0,0.0466,3
org_a7tz0ync,2025-08-31,compute,18.3697,232.0,1.2713,0.0,0.0,0.046654,3
org_a7tz0ync,2025-08-31,storage,2.2696,125.0,0.0,10.6112,0.0,0.027123,3
org_afeyuhz1,2025-07-03,compute,19.546599999999998,229.0,2.8933,0.0,0.0,0.0,3
org_afeyuhz1,2025-07-03,storage,2.0157999999999996,130.0,1.907,0.0,0.0,0.0,3
org_afeyuhz1,2025-07-04,compute,1.4631,0.0,4.5114,12.4776,0.0,0.0,3
org_afeyuhz1,2025-07-04,database,14.4864,249.0,0.0,14.6602,0.0,0.0,3
org_afeyuhz1,2025-07-05,compute,39.807500000000005,472.0,0.0,12.3301,0.0,0.0,6
org_afeyuhz1,2025-07-05,storage,2.5954,119.0,0.0,9.5292,0.0,0.0,3
org_afeyuhz1,2025-07-06,compute,26.8887,357.0,0.0,0.0,0.0,0.0,3
org_afeyuhz1,2025-07-06,database,7.5047,127.0,2.6208,12.657,0.0,0.0,3
org_afeyuhz1,2025-07-07,compute,227.09400000000002,593.0,3.1803,0.0,0.0,0.0,6
org_afeyuhz1,2025-07-07,database,0.2893,0.0,6.2843,0.0,0.0,0.0,3
org_afeyuhz1,2025-07-07,storage,0.3972,0.0,2.6786,16.5641,0.0,0.0,3
org_afeyuhz1,2025-07-08,compute,7.672,104.0,1.2358,15.1469,0.0,0.0,3
org_afeyuhz1,2025-07-08,database,0.3873,0.0,2.5048000000000004,6.766,0.0,0.0,3
org_afeyuhz1,2025-07-09,compute,23.9317,243.0,3.446,0.0,0.0,0.0,3
org_afeyuhz1,2025-07-09,database,6.5042,120.0,1.2187999999999999,0.0,0.0,0.0,3
org_afeyuhz1,2025-07-09,storage,6.030799999999999,251.0,0.0,0.0,0.0,0.0,3
org_afeyuhz1,2025-07-10,storage,6.8389,366.0,0.0,0.0,0.0,0.0,3
org_afeyuhz1,2025-07-11,compute,29.798000000000002,365.0,2.4401,15.7146,0.0,0.0,6
org_afeyuhz1,2025-07-11,storage,6.8919999999999995,367.0,0.0,0.0,0.0,0.0,3
org_afeyuhz1,2025-07-12,compute,14.206199999999999,143.0,4.2451,17.836,0.0,0.0,3
org_afeyuhz1,2025-07-13,compute,1.3953,0.0,3.4577999999999998,14.7177,0.0,0.0,3
org_afeyuhz1,2025-07-13,database,13.7425,241.0,0.0,13.4486,0.0,0.0,3
org_afeyuhz1,2025-07-14,compute,3.3244999999999996,0.0,0.0,37.412099999999995,0.0,0.0,3
org_afeyuhz1,2025-07-14,database,6.6972000000000005,110.0,0.0,31.0848,0.0,0.0,3
org_afeyuhz1,2025-07-14,storage,4.5149,240.0,0.0,0.0,0.0,0.0,3
org_afeyuhz1,2025-07-15,compute,18.0307,237.0,0.0,5.7302,0.0,0.0,3
org_afeyuhz1,2025-07-15,database,6.4683,114.0,0.5204,11.5751,0.0,0.0,3
org_afeyuhz1,2025-07-16,compute,18.018299999999996,224.0,0.0,13.4269,0.0,0.0,3
org_afeyuhz1,2025-07-16,database,16.5618,375.0,0.0,0.0,0.0,0.0,3
org_afeyuhz1,2025-07-16,storage,4.9016,263.0,2.2466,0.0,0.0,0.0,3
org_afeyuhz1,2025-07-17,compute,19.960900000000002,228.0,0.0,11.3928,0.0,0.0,3
org_afeyuhz1,2025-07-17,storage,5.5569,244.0,0.0,13.6174,0.0,0.0,3
org_afeyuhz1,2025-07-18,database,18.753899999999998,360.0,0.0,0.0,0.0,0.07200000000000001,3
org_afeyuhz1,2025-07-19,compute,33.6798,364.0,3.3188,7.29,0.0,0.074922,6
org_afeyuhz1,2025-07-19,database,7.138199999999999,108.0,4.8661,0.0,0.0,0.022573000000000003,3
org_afeyuhz1,2025-07-19,storage,5.1267,213.0,0.0,13.1095,0.0,0.045222,3
org_afeyuhz1,2025-07-20,compute,2.8659,0.0,7.703100000000001,31.757799999999996,0.0,0.007892,6
org_afeyuhz1,2025-07-20,database,0.15639999999999998,0.0,3.1615,0.0,0.0,6.33E-4,3
org_afeyuhz1,2025-07-21,compute,10.7038,121.0,12.268699999999999,13.0301,0.0,0.029258999999999997,6
org_afeyuhz1,2025-07-21,database,13.131900000000002,240.0,0.0,10.7757,0.0,0.050155,3
org_afeyuhz1,2025-07-21,storage,0.1719,0.0,2.6335,7.5465,0.0,0.002037,3
org_afeyuhz1,2025-07-22,compute,22.991300000000003,251.0,1.0485,17.0261,0.0,0.053815,6
org_afeyuhz1,2025-07-22,storage,4.7961,241.0,0.0,0.0,0.0,0.0482,3
org_afeyuhz1,2025-07-23,compute,34.547799999999995,356.0,4.0889,23.1804,0.0,0.076654,6
org_afeyuhz1,2025-07-23,database,6.987299999999999,111.0,1.6504,0.0,0.0,0.02253,3
org_afeyuhz1,2025-07-23,storage,4.7072,241.0,3.2871,0.0,0.0,0.048857,3
org_afeyuhz1,2025-07-24,compute,31.4234,376.0,0.0,16.765900000000002,0.0,0.078553,6
org_afeyuhz1,2025-07-24,database,10.5598,217.0,0.0,0.0,0.0,0.0434,3
org_afeyuhz1,2025-07-26,compute,0.24760000000000001,0.0,3.3982,0.0,0.0,6.8E-4,3
org_afeyuhz1,2025-07-26,database,10.5922,234.0,0.0,0.0,0.0,0.0468,3
org_afeyuhz1,2025-07-27,compute,35.6614,372.0,0.0,15.5487,0.0,0.07751000000000001,6
org_afeyuhz1,2025-07-27,storage,2.1628999999999996,120.0,2.8373,0.0,0.0,0.024568,3
org_afeyuhz1,2025-07-28,compute,12.9763,126.0,8.2896,18.6738,0.0,0.030593000000000002,6
org_afeyuhz1,2025-07-28,storage,2.2699,108.0,2.4712,4.1932,0.0,0.022933000000000002,3
org_afeyuhz1,2025-07-29,compute,7.952,135.0,1.1382,0.0,0.0,0.027228,2
org_afeyuhz1,2025-07-29,storage,5.1646,260.0,0.7222,0.0,0.0,0.052143999999999996,3
org_afeyuhz1,2025-07-30,compute,18.5659,239.0,0.0,0.0,0.0,0.047799999999999995,3
org_afeyuhz1,2025-07-30,database,7.5269,133.0,0.0,21.0491,0.0,0.030809999999999997,3
org_afeyuhz1,2025-07-30,storage,7.7948,358.0,0.0,0.0,0.0,0.0716,3
org_afeyuhz1,2025-07-31,compute,48.2725,591.0,0.0,11.5213,0.0,0.12050399999999999,6
org_afeyuhz1,2025-07-31,database,7.7578,0.0,3.6584,22.1598,0.0,0.005164,3
org_afeyuhz1,2025-07-31,storage,0.485,0.0,2.8607,18.9517,0.0,0.004362,3
org_afeyuhz1,2025-08-01,compute,25.810999999999996,253.0,5.737399999999999,0.0,0.0,0.051748,6
org_afeyuhz1,2025-08-01,storage,0.30820000000000003,0.0,5.3186,7.6398,0.0,0.002592,3
org_afeyuhz1,2025-08-02,compute,22.3264,262.0,0.0,8.9266,0.0,0.054185,3
org_afeyuhz1,2025-08-02,database,1.1500000000000001,0.0,0.0,19.66,0.0,0.003932,3
org_afeyuhz1,2025-08-02,storage,1.9912,111.0,3.7812,1.3578,0.0,0.023228000000000002,3
org_afeyuhz1,2025-08-03,compute,43.4178,451.0,1.128,7.6265,0.0,0.09195099999999999,6
org_afeyuhz1,2025-08-03,database,6.9025,137.0,2.2979,7.7954,0.0,0.029419,3
org_afeyuhz1,2025-08-03,storage,4.0622,210.0,0.0,2.4546,0.0,0.042491,3
org_afeyuhz1,2025-08-04,compute,31.2606,360.0,2.7794,11.5283,0.0,0.074862,6
org_afeyuhz1,2025-08-04,database,0.6577,0.0,1.6296,12.288599999999999,0.0,0.002784,3
org_afeyuhz1,2025-08-04,storage,5.4853000000000005,252.0,0.0,14.8547,0.0,0.053371,3
org_afeyuhz1,2025-08-05,compute,21.3873,252.0,4.7537,25.17,0.0,0.056384000000000004,6
org_afeyuhz1,2025-08-05,database,6.612100000000001,114.0,4.3223,0.6968,0.0,0.023803,3
org_afeyuhz1,2025-08-05,storage,0.3806,0.0,1.6085,17.5671,0.0,0.003836,3
org_afeyuhz1,2025-08-06,compute,9.918,120.0,2.1149,10.9533,0.0,0.026614,3
org_afeyuhz1,2025-08-06,database,13.2821,247.0,0.0,0.0,0.0,0.0494,3
org_afeyuhz1,2025-08-07,compute,243.2824,563.0,4.6836,0.0,0.0,0.113537,6
org_afeyuhz1,2025-08-07,storage,0.2808,0.0,0.0,11.9903,0.0,0.002398,3
org_afeyuhz1,2025-08-08,compute,16.407600000000002,236.0,0.0,1.8656,0.0,0.047573,3
org_afeyuhz1,2025-08-08,storage,4.118600000000001,248.0,2.55,0.0,0.0,0.05011,3
org_afeyuhz1,2025-08-09,compute,36.5218,508.0,0.0,5.851,0.0,0.10277,6
org_afeyuhz1,2025-08-09,database,13.5789,238.0,0.0,17.8399,0.0,0.051168000000000005,3
org_afeyuhz1,2025-08-09,storage,2.633,0.0,0.0,17.3104,0.0,0.003462,3
org_afeyuhz1,2025-08-10,compute,10.462000000000002,115.0,2.9938,3.7611,0.0,0.024350999999999998,3
org_afeyuhz1,2025-08-10,storage,2.173,127.0,0.0,4.0618,0.0,0.026212,3
org_afeyuhz1,2025-08-11,compute,9.306899999999999,121.0,5.9664,26.8958,0.0,0.030771,6
org_afeyuhz1,2025-08-11,storage,7.877800000000001,366.0,0.0,0.0,0.0,0.0732,3
org_afeyuhz1,2025-08-12,compute,20.688000000000002,247.0,0.0,0.0,0.0,0.0494,3
org_afeyuhz1,2025-08-13,compute,2.652,0.0,4.8441,26.4472,0.0,0.006258,5
org_afeyuhz1,2025-08-13,database,9.3454,136.0,0.0,27.7951,0.0,0.032758999999999996,3
org_afeyuhz1,2025-08-13,storage,7.5001,338.0,0.0,0.0,0.0,0.06760000000000001,3
org_afeyuhz1,2025-08-14,compute,11.116600000000002,101.0,0.6824,37.7878,0.0,0.027894,6
org_afeyuhz1,2025-08-14,database,0.8963000000000001,0.0,4.0759,13.5704,0.0,0.003529,3
org_afeyuhz1,2025-08-15,compute,28.708000000000002,342.0,10.1687,0.0,0.0,0.07043400000000001,6
org_afeyuhz1,2025-08-16,compute,18.3712,229.0,2.6586,0.0,0.0,0.046332,3
org_afeyuhz1,2025-08-16,database,4.2934,103.0,7.7934,0.0,0.0,0.022158999999999998,3
org_afeyuhz1,2025-08-17,database,11.52,118.0,1.3981,0.0,0.0,0.02388,3
org_afeyuhz1,2025-08-18,compute,9.8653,117.0,4.5128,0.0,0.0,0.024303,3
org_afeyuhz1,2025-08-18,database,5.3065999999999995,122.0,7.5221,0.0,0.0,0.025905,3
org_afeyuhz1,2025-08-18,storage,2.2299,113.0,1.8191,11.0913,0.0,0.025182,3
org_afeyuhz1,2025-08-19,storage,2.4804,118.0,0.8935,10.7804,0.0,0.025935,3
org_afeyuhz1,2025-08-20,compute,12.200499999999998,132.0,9.116,20.79,0.0,0.032381,6
org_afeyuhz1,2025-08-20,storage,0.3202,0.0,1.5631,16.8479,0.0,0.003683,3
org_afeyuhz1,2025-08-21,compute,19.854300000000002,210.0,3.1518,15.7284,0.0,0.045776,6
org_afeyuhz1,2025-08-21,database,0.7087,0.0,2.4076,10.6071,0.0,0.0026030000000000003,3
org_afeyuhz1,2025-08-21,storage,0.48,0.0,0.0,23.535,0.0,0.004707,3
org_afeyuhz1,2025-08-22,compute,11.574200000000001,116.0,0.0,28.2411,0.0,0.028848,3
org_afeyuhz1,2025-08-22,database,12.9252,245.0,0.0,8.7401,0.0,0.050748,3
org_afeyuhz1,2025-08-23,compute,9.544799999999999,109.0,0.0,24.2828,0.0,0.026657,3
org_afeyuhz1,2025-08-23,database,1.4993999999999998,0.0,3.8986,23.1174,0.0,0.005403000000000001,3
org_afeyuhz1,2025-08-24,compute,26.816,332.0,1.2374,37.7724,0.0,0.074201,6
org_afeyuhz1,2025-08-24,database,5.8983,123.0,1.7278,0.0,0.0,0.024946,3
org_afeyuhz1,2025-08-24,storage,2.799,135.0,0.0,3.5012,0.0,0.0277,3
org_afeyuhz1,2025-08-25,compute,16.2169,207.0,5.627800000000001,7.8036,0.0,0.044086,6
org_afeyuhz1,2025-08-25,storage,7.6461,250.0,0.0,0.0,0.0,0.05,3
org_afeyuhz1,2025-08-26,storage,2.9341,128.0,2.6673,0.0,0.0,0.026133,3
org_afeyuhz1,2025-08-27,compute,41.54129999999999,487.0,0.0,27.682299999999998,0.0,0.102936,6
org_afeyuhz1,2025-08-27,database,5.1528,120.0,0.0,24.3784,0.0,0.028876,3
org_afeyuhz1,2025-08-27,storage,2.4842,107.0,0.0,5.7402,0.0,0.022548,3
org_afeyuhz1,2025-08-28,compute,19.4197,245.0,1.9825,0.0,0.0,0.049396,3
org_afeyuhz1,2025-08-28,database,11.8438,220.0,0.0,6.7751,0.0,0.045355,3
org_afeyuhz1,2025-08-29,compute,17.446399999999997,260.0,1.3529,0.0,0.0,0.052271000000000005,3
org_afeyuhz1,2025-08-29,storage,5.5418,244.0,0.0,6.3841,0.0,0.050076999999999997,3
org_afeyuhz1,2025-08-30,compute,23.541200000000003,228.0,0.0,8.4692,0.0,0.047294,3
org_afeyuhz1,2025-08-30,database,17.8478,379.0,0.0,0.0,0.0,0.07579999999999999,3
org_afeyuhz1,2025-08-30,storage,5.8148,260.0,0.0,22.4113,0.0,0.056482000000000004,3
org_afeyuhz1,2025-08-31,compute,23.9212,252.0,3.4474,12.6625,0.0,0.053623000000000004,6
org_afeyuhz1,2025-08-31,database,7.248600000000001,124.0,1.6224,0.0,0.0,0.025124,3
org_afeyuhz1,2025-08-31,storage,2.918,113.0,1.3043,0.0,0.0,0.022861,3
org_axeqbnhl,2025-07-03,analytics,7.102,0.0,0.2305,4.6481,0.0,0.0,3
org_axeqbnhl,2025-07-03,compute,19.9534,267.0,2.5413,0.0,0.0,0.0,3
org_axeqbnhl,2025-07-03,networking,3.0273000000000003,254.0,2.2602,0.0,0.0,0.0,3
org_axeqbnhl,2025-07-03,storage,2.4899,108.0,1.1229,0.0,0.0,0.0,2
org_axeqbnhl,2025-07-04,networking,2.085,101.0,0.0,4.7138,0.0,0.0,3
org_axeqbnhl,2025-07-04,storage,0.40540000000000004,0.0,3.884,15.9739,0.0,0.0,3
org_axeqbnhl,2025-07-05,compute,11.802399999999999,133.0,0.4731,1.3349,0.0,0.0,3
org_axeqbnhl,2025-07-05,networking,3.9272,388.0,1.5447,5.6443,0.0,0.0,6
org_axeqbnhl,2025-07-05,storage,2.2594,111.0,0.0,21.8155,0.0,0.0,3
org_axeqbnhl,2025-07-06,analytics,14.788499999999999,231.0,4.4843,0.0,0.0,0.0,3
org_axeqbnhl,2025-07-06,networking,2.5913000000000004,302.0,0.0,0.0,0.0,0.0,3
org_axeqbnhl,2025-07-06,storage,2.2085,119.0,4.2963,12.3146,0.0,0.0,3
org_axeqbnhl,2025-07-07,analytics,1.7123,0.0,17.344,7.8495,0.0,0.0,6
org_axeqbnhl,2025-07-08,analytics,18.2618,245.0,0.0,11.592,0.0,0.0,3
org_axeqbnhl,2025-07-08,networking,6.0387,554.0,0.0,6.5262,0.0,0.0,6
org_axeqbnhl,2025-07-08,storage,2.6454999999999997,141.0,0.0,0.7062,0.0,0.0,3
org_axeqbnhl,2025-07-09,analytics,7.1227,103.0,1.4979,5.61,0.0,0.0,3
org_axeqbnhl,2025-07-09,compute,18.728299999999997,254.0,0.0,16.4242,0.0,0.0,3
org_axeqbnhl,2025-07-09,networking,2.5704,229.0,1.8908,22.022199999999998,0.0,0.0,6
org_axeqbnhl,2025-07-09,storage,5.8784,284.0,0.0,3.0374,0.0,0.0,3
org_axeqbnhl,2025-07-10,analytics,11.363,131.0,6.7897,0.0,0.0,0.0,6
org_axeqbnhl,2025-07-10,compute,10.4601,131.0,1.8458,2.3842,0.0,0.0,3
org_axeqbnhl,2025-07-10,networking,4.5016,384.0,0.0,20.238999999999997,0.0,0.0,6
org_axeqbnhl,2025-07-10,storage,0.38380000000000003,0.0,1.0473,0.0,0.0,0.0,3
org_axeqbnhl,2025-07-11,analytics,12.377600000000001,116.0,0.0,28.214,0.0,0.0,3
org_axeqbnhl,2025-07-11,networking,1.9832,108.0,0.0,5.3037,0.0,0.0,3
org_axeqbnhl,2025-07-12,analytics,8.2033,120.0,1.1796,0.2901,0.0,0.0,3
org_axeqbnhl,2025-07-12,networking,2.3764000000000003,227.0,0.0,0.0,0.0,0.0,3
org_axeqbnhl,2025-07-13,compute,8.6709,110.0,2.6782,1.9228,0.0,0.0,3
org_axeqbnhl,2025-07-13,networking,1.6831999999999998,125.0,3.8563,31.6963,0.0,0.0,6
org_axeqbnhl,2025-07-14,analytics,14.793600000000001,229.0,1.1716,35.3844,0.0,0.0,6
org_axeqbnhl,2025-07-14,networking,1.1967999999999999,111.0,4.2881,0.0,0.0,0.0,3
org_axeqbnhl,2025-07-15,analytics,19.2301,236.0,0.0,23.0818,0.0,0.0,6
org_axeqbnhl,2025-07-15,networking,1.3645,114.0,4.5949,0.0,0.0,0.0,3
org_axeqbnhl,2025-07-15,storage,5.2294,241.0,0.0,21.6715,0.0,0.0,3
org_axeqbnhl,2025-07-16,analytics,10.1336,108.0,1.8753,18.901,0.0,0.0,3
org_axeqbnhl,2025-07-16,compute,11.360999999999999,126.0,0.0,29.044800000000002,0.0,0.0,3
org_axeqbnhl,2025-07-16,storage,4.4992,256.0,0.0,0.0,0.0,0.0,3
org_axeqbnhl,2025-07-17,compute,8.699599999999998,104.0,4.8426,3.782,0.0,0.0,3
org_axeqbnhl,2025-07-17,networking,2.634,245.0,1.4627,0.0,0.0,0.0,3
org_axeqbnhl,2025-07-17,storage,2.2552,116.0,3.4614,0.0,0.0,0.0,3
org_axeqbnhl,2025-07-18,analytics,9.7421,108.0,3.5531,22.6846,0.0,0.026848,6
org_axeqbnhl,2025-07-18,networking,1.2872000000000001,117.0,0.0,14.4641,0.0,0.026293,2
org_axeqbnhl,2025-07-19,networking,6.2616,603.0,0.0,13.8649,0.0,0.12337300000000001,6
org_axeqbnhl,2025-07-19,storage,2.6527,145.0,2.3408,0.0,0.0,0.029468,3
org_axeqbnhl,2025-07-20,analytics,20.8033,269.0,0.0,2.8894,0.0,0.054377999999999996,3
org_axeqbnhl,2025-07-20,networking,4.6508,372.0,0.0,27.31,0.0,0.079863,6
org_axeqbnhl,2025-07-20,storage,5.3604,226.0,0.0,16.9702,0.0,0.048594,3
org_axeqbnhl,2025-07-21,analytics,3.0501,0.0,0.0,40.810500000000005,0.0,0.008161999999999999,3
org_axeqbnhl,2025-07-21,compute,22.5715,256.0,0.0,3.2029,0.0,0.051841,3
org_axeqbnhl,2025-07-21,networking,0.17479999999999998,0.0,0.6044,19.9809,0.0,0.004117,3
org_axeqbnhl,2025-07-21,storage,0.7058,0.0,3.2196,33.3619,0.0,0.007317000000000001,3
org_axeqbnhl,2025-07-22,analytics,9.9336,119.0,3.3855,0.0,0.0,0.024477000000000002,3
org_axeqbnhl,2025-07-22,networking,5.2038,475.0,0.0,23.1334,0.0,0.09962599999999999,6
org_axeqbnhl,2025-07-22,storage,1.9831999999999999,99.0,0.0,10.6475,0.0,0.021929,3
org_axeqbnhl,2025-07-23,analytics,15.8749,241.0,0.0,1.6854,0.0,0.048537,3
org_axeqbnhl,2025-07-23,networking,2.4608999999999996,241.0,0.0,7.1499,0.0,0.04963,3
org_axeqbnhl,2025-07-23,storage,2.1052,105.0,4.0263,0.0,0.0,0.021805,3
org_axeqbnhl,2025-07-24,networking,4.844099999999999,473.0,3.0479,8.7337,0.0,0.09695699999999999,6
org_axeqbnhl,2025-07-25,analytics,16.4401,243.0,0.0,7.4108,0.0,0.050082,3
org_axeqbnhl,2025-07-25,networking,4.0691,334.0,0.0,0.0,0.0,0.0668,3
org_axeqbnhl,2025-07-26,analytics,10.2447,113.0,2.7472,17.5638,0.0,0.026661999999999998,3
org_axeqbnhl,2025-07-26,networking,1.4151000000000002,120.0,3.4664,12.8352,0.0,0.02726,3
org_axeqbnhl,2025-07-26,storage,0.6883,0.0,0.0,38.613,0.0,0.007722,3
org_axeqbnhl,2025-07-27,analytics,30.904499999999995,371.0,2.1078,13.6598,0.0,0.07735399999999999,6
org_axeqbnhl,2025-07-27,networking,2.4233000000000002,235.0,0.0,3.381,0.0,0.047675999999999996,3
org_axeqbnhl,2025-07-27,storage,2.3167999999999997,105.0,2.3015,0.0,0.0,0.02146,3
org_axeqbnhl,2025-07-28,analytics,30.976100000000002,356.0,1.0368,6.9805,0.0,0.07280299999999999,6
org_axeqbnhl,2025-07-28,compute,27.298099999999998,379.0,0.0,0.0,0.0,0.0758,3
org_axeqbnhl,2025-07-28,networking,2.4991000000000003,244.0,1.5086,0.0,0.0,0.04910200000000001,3
org_axeqbnhl,2025-07-28,storage,0.8949,0.0,1.1253,44.0255,0.0,0.00903,3
org_axeqbnhl,2025-07-29,analytics,1.4696,0.0,1.5043,15.4581,0.0,0.003392,3
org_axeqbnhl,2025-07-29,compute,11.8498,109.0,1.5542,25.7941,0.0,0.02727,3
org_axeqbnhl,2025-07-29,networking,3.4996,361.0,2.166,16.8809,0.0,0.076009,6
org_axeqbnhl,2025-07-29,storage,4.2956,223.0,2.1545,0.0,0.0,0.045031,3
org_axeqbnhl,2025-07-30,analytics,20.1411,247.0,0.0,16.856,0.0,0.052771,3
org_axeqbnhl,2025-07-30,networking,0.1819,0.0,3.0315,14.7947,0.0,0.0035649999999999996,3
org_axeqbnhl,2025-07-30,storage,2.9297,108.0,0.0,22.2389,0.0,0.026048,3
org_axeqbnhl,2025-07-31,analytics,17.2412,247.0,0.0,1.2366,0.0,0.049647,3
org_axeqbnhl,2025-07-31,compute,9.018699999999999,111.0,0.9977,8.0653,0.0,0.024013,3
org_axeqbnhl,2025-07-31,networking,1.6961000000000002,125.0,1.1935,1.048,0.0,0.025449,3
org_axeqbnhl,2025-08-01,analytics,10.3112,122.0,0.0,20.2059,0.0,0.028441,6
org_axeqbnhl,2025-08-01,compute,0.9738,0.0,2.6872,11.985,0.0,0.002934,3
org_axeqbnhl,2025-08-01,networking,1.2724,125.0,2.559,0.0,0.0,0.025512,3
org_axeqbnhl,2025-08-02,analytics,7.9197999999999995,111.0,2.9071,6.4957,0.0,0.02408,3
org_axeqbnhl,2025-08-02,compute,2.3678,0.0,0.0,24.191,0.0,0.004838,3
org_axeqbnhl,2025-08-02,networking,2.0987999999999998,236.0,1.1864,0.0,0.0,0.04743700000000001,3
org_axeqbnhl,2025-08-03,networking,3.8291000000000004,371.0,3.0206999999999997,0.0,0.0,0.074805,6
org_axeqbnhl,2025-08-04,analytics,30.6034,407.0,2.1782999999999997,1.3777,0.0,0.082111,6
org_axeqbnhl,2025-08-05,analytics,11.1821,124.0,3.691,15.9815,0.0,0.028735,6
org_axeqbnhl,2025-08-05,compute,19.814500000000002,262.0,4.6091,0.0,0.0,0.053321999999999994,3
org_axeqbnhl,2025-08-05,networking,1.5382,102.0,0.8017,15.4799,0.0,0.023656000000000003,3
org_axeqbnhl,2025-08-06,networking,0.8027,117.0,5.0352,0.0,0.0,0.024407,3
org_axeqbnhl,2025-08-07,analytics,25.4767,391.0,7.1135,17.1042,0.0,0.083043,6
org_axeqbnhl,2025-08-07,compute,9.929300000000001,120.0,4.1718,24.0384,0.0,0.029642,3
org_axeqbnhl,2025-08-08,analytics,18.7536,225.0,5.719,37.8341,0.0,0.053710999999999995,6
org_axeqbnhl,2025-08-08,compute,1.6279000000000001,0.0,2.1492999999999998,18.7158,0.0,0.004173,3
org_axeqbnhl,2025-08-08,networking,2.8449,240.0,0.0,11.2145,0.0,0.050243,3
org_axeqbnhl,2025-08-08,storage,5.0275,232.0,3.01,0.0,0.0,0.047002,3
org_axeqbnhl,2025-08-09,analytics,11.6522,145.0,0.1584,9.5423,0.0,0.030940000000000002,3
org_axeqbnhl,2025-08-09,networking,2.2672,252.0,0.0,0.0,0.0,0.0504,3
org_axeqbnhl,2025-08-09,storage,2.6734999999999998,128.0,0.9295,8.8122,0.0,0.027548,3
org_axeqbnhl,2025-08-10,analytics,13.429400000000001,231.0,1.4265,0.0,0.0,0.046485,3
org_axeqbnhl,2025-08-10,networking,0.0928,0.0,2.5129,8.0714,0.0,0.002117,3
org_axeqbnhl,2025-08-11,analytics,10.3759,103.0,0.0,43.0414,0.0,0.029207999999999998,3
org_axeqbnhl,2025-08-11,compute,25.4881,252.0,0.0,8.0204,0.0,0.052004,3
org_axeqbnhl,2025-08-11,networking,3.6704000000000003,360.0,2.2198,14.8928,0.0,0.075423,6
org_axeqbnhl,2025-08-11,storage,4.0188,233.0,0.0,0.0,0.0,0.0466,3
org_axeqbnhl,2025-08-12,analytics,15.6408,243.0,0.0,0.0,0.0,0.048600000000000004,3
org_axeqbnhl,2025-08-12,networking,3.971,349.0,3.2968,9.1613,0.0,0.072292,6
org_axeqbnhl,2025-08-12,storage,4.6959,236.0,0.0,8.6239,0.0,0.048924999999999996,3
org_axeqbnhl,2025-08-13,analytics,15.0232,222.0,2.2412,0.0,0.0,0.044848,3
org_axeqbnhl,2025-08-13,networking,2.0829,233.0,2.5341,0.0,0.0,0.047107,3
org_axeqbnhl,2025-08-14,analytics,31.826699999999995,476.0,0.0,2.7724,0.0,0.095754,6
org_axeqbnhl,2025-08-14,compute,24.1152,262.0,0.6524,0.0,0.0,0.05253000000000001,3
org_axeqbnhl,2025-08-14,networking,1.2566000000000002,119.0,2.0093,0.0,0.0,0.024202,3
org_axeqbnhl,2025-08-15,analytics,49.826100000000004,609.0,2.085,0.0,0.0,0.12221699999999999,6
org_axeqbnhl,2025-08-15,networking,0.2902,0.0,1.4499,26.9826,0.0,0.005686,3
org_axeqbnhl,2025-08-16,analytics,1.7262,0.0,2.3576,19.6677,0.0,0.004406,3
org_axeqbnhl,2025-08-16,networking,0.2364,0.0,1.7195,26.4896,0.0,0.005642,3
org_axeqbnhl,2025-08-16,storage,0.5898999999999999,0.0,3.2616,0.0,0.0,6.52E-4,3
org_axeqbnhl,2025-08-17,analytics,10.768899999999999,134.0,2.5455,8.4774,0.0,0.029004,3
org_axeqbnhl,2025-08-17,compute,1.6137,0.0,0.6795,20.6718,0.0,0.0042699999999999995,3
org_axeqbnhl,2025-08-17,networking,3.1390000000000002,254.0,2.3361,22.904600000000002,0.0,0.055848,6
org_axeqbnhl,2025-08-17,storage,9.040899999999999,395.0,0.0,0.0,0.0,0.079,3
org_axeqbnhl,2025-08-18,analytics,9.6182,117.0,0.0,25.8674,0.0,0.028574000000000002,3
org_axeqbnhl,2025-08-18,compute,8.0581,131.0,0.0,5.5511,0.0,0.02731,3
org_axeqbnhl,2025-08-18,networking,0.1764,0.0,2.8249,15.6629,0.0,0.003698,6
org_axeqbnhl,2025-08-18,storage,0.532,0.0,0.0,24.2688,0.0,0.004854,3
org_axeqbnhl,2025-08-19,analytics,24.378,349.0,0.0,16.7107,0.0,0.073143,6
org_axeqbnhl,2025-08-19,compute,27.5422,256.0,1.4698,0.0,0.0,0.051494,3
org_axeqbnhl,2025-08-19,networking,0.9318000000000001,115.0,0.6178,0.0,0.0,0.023124,3
org_axeqbnhl,2025-08-20,analytics,17.6378,256.0,0.0,13.5984,0.0,0.053919999999999996,3
org_axeqbnhl,2025-08-20,networking,1.5234,126.0,6.228,11.6798,0.0,0.028782000000000002,3
org_axeqbnhl,2025-08-20,storage,2.6506,124.0,5.4206,11.5569,0.0,0.028194999999999998,3
org_axeqbnhl,2025-08-21,analytics,20.185299999999998,234.0,5.5573,14.6943,0.0,0.050850000000000006,6
org_axeqbnhl,2025-08-21,compute,19.3922,276.0,0.0,0.0,0.0,0.0552,3
org_axeqbnhl,2025-08-21,networking,3.0873,265.0,0.0,52.6332,0.0,0.063527,6
org_axeqbnhl,2025-08-22,analytics,13.9565,228.0,3.3022,0.0,0.0,0.04626,3
org_axeqbnhl,2025-08-22,compute,18.991899999999998,237.0,0.0,25.1548,0.0,0.052431,3
org_axeqbnhl,2025-08-22,storage,5.3069,223.0,0.0,9.0119,0.0,0.046402,3
org_axeqbnhl,2025-08-23,analytics,35.717,454.0,1.4802,7.4541,0.0,0.092587,6
org_axeqbnhl,2025-08-23,compute,17.802799999999998,118.0,0.0,0.0,0.0,0.0236,3
org_axeqbnhl,2025-08-23,networking,2.3922999999999996,241.0,1.5488,0.0,0.0,0.048510000000000005,3
org_axeqbnhl,2025-08-24,analytics,1.6309,0.0,0.0,26.4637,0.0,0.005292,3
org_axeqbnhl,2025-08-24,compute,0.44389999999999996,0.0,5.5085999999999995,0.0,0.0,0.0011020000000000001,3
org_axeqbnhl,2025-08-24,networking,1.3412000000000002,111.0,1.2303,7.4696,0.0,0.023940000000000003,3
org_axeqbnhl,2025-08-25,analytics,33.2663,474.0,2.5079000000000002,0.0,0.0,0.095302,6
org_axeqbnhl,2025-08-25,compute,22.788800000000002,248.0,0.0,16.6944,0.0,0.052939,3
org_axeqbnhl,2025-08-25,networking,1.5321,143.0,1.0196,9.595,0.0,0.030723,3
org_axeqbnhl,2025-08-25,storage,1.9174,109.0,1.2759,4.9022,0.0,0.023035,3
org_axeqbnhl,2025-08-26,analytics,11.3743,123.0,5.821199999999999,0.8847,0.0,0.025942,6
org_axeqbnhl,2025-08-26,compute,8.8794,107.0,0.0,19.450499999999998,0.0,0.02529,3
org_axeqbnhl,2025-08-26,networking,5.3809,472.0,3.6776,0.0,0.0,0.095136,6
org_axeqbnhl,2025-08-26,storage,3.5967000000000002,116.0,0.0,38.8078,0.0,0.030961,3
org_axeqbnhl,2025-08-27,analytics,26.0755,364.0,3.175,10.9981,0.0,0.07563500000000001,6
org_axeqbnhl,2025-08-27,compute,22.377699999999997,224.0,0.0,25.3024,0.0,0.04986,3
org_axeqbnhl,2025-08-27,networking,2.097,237.0,0.0,0.0,0.0,0.0474,3
org_axeqbnhl,2025-08-27,storage,4.935099999999999,227.0,0.5462,0.0,0.0,0.045509,3
org_axeqbnhl,2025-08-28,analytics,2.27,0.0,1.9898,28.4824,0.0,0.006095,3
org_axeqbnhl,2025-08-28,compute,10.3241,142.0,0.0,3.0738,0.0,0.029015000000000003,3
org_axeqbnhl,2025-08-28,networking,0.2121,0.0,3.7557,19.293,0.0,0.004609,6
org_axeqbnhl,2025-08-28,storage,0.6066,0.0,0.0,27.1299,0.0,0.005426,3
org_axeqbnhl,2025-08-29,analytics,24.551699999999997,348.0,3.0244,25.3438,0.0,0.07527400000000001,6
org_axeqbnhl,2025-08-29,compute,18.0669,274.0,3.9115,0.0,0.0,0.055582,3
org_axeqbnhl,2025-08-30,analytics,14.5764,248.0,0.0,13.2297,0.0,0.052246,3
org_axeqbnhl,2025-08-30,compute,26.5119,366.0,0.0,0.0,0.0,0.0732,3
org_axeqbnhl,2025-08-30,networking,5.3373,470.0,1.4899,5.0676,0.0,0.09531200000000001,6
org_axeqbnhl,2025-08-31,analytics,20.521700000000003,253.0,2.4344,27.9908,0.0,0.056686,6
org_axeqbnhl,2025-08-31,compute,11.5025,117.0,1.054,19.0668,0.0,0.027424,3
org_axeqbnhl,2025-08-31,networking,1.1696,132.0,12.2177,0.0,0.0,0.028843,6
org_axeqbnhl,2025-08-31,storage,7.8091,361.0,0.0,0.0,0.0,0.0722,3
org_c11ertj5,2025-07-03,compute,1.1522000000000001,0.0,0.0,15.308900000000001,0.0,0.0,3
org_c11ertj5,2025-07-03,database,15.584499999999998,234.0,0.0,0.0,0.0,0.0,3
org_c11ertj5,2025-07-03,storage,5.6681,262.0,0.0,15.8747,0.0,0.0,3
org_c11ertj5,2025-07-04,compute,10.2979,136.0,2.6383,0.0,0.0,0.0,3
org_c11ertj5,2025-07-04,genai,30.3341,233.0,1.5865,0.0,0.0,0.0,3
org_c11ertj5,2025-07-04,storage,5.2286,242.0,0.0,0.0,0.0,0.0,2
org_c11ertj5,2025-07-05,database,17.8187,336.0,0.0,0.0,0.0,0.0,3
org_c11ertj5,2025-07-05,genai,13.5851,107.0,0.0,13.9323,0.0,0.0,2
org_c11ertj5,2025-07-06,database,16.6602,347.0,0.0,14.781600000000001,0.0,0.0,6
org_c11ertj5,2025-07-06,genai,29.3921,243.0,0.0,16.5613,0.0,0.0,3
org_c11ertj5,2025-07-06,storage,5.1309000000000005,281.0,1.8001,0.0,0.0,0.0,3
org_c11ertj5,2025-07-07,compute,28.999399999999998,345.0,0.0,0.0,0.0,0.0,3
org_c11ertj5,2025-07-08,database,12.855599999999999,229.0,3.0067,0.0,0.0,0.0,3
org_c11ertj5,2025-07-09,compute,22.851000000000003,246.0,2.7371,26.6467,0.0,0.0,6
org_c11ertj5,2025-07-09,database,13.9316,258.0,0.0,0.0,0.0,0.0,3
org_c11ertj5,2025-07-09,genai,16.6906,124.0,0.0,11.449,0.0,0.0,3
org_c11ertj5,2025-07-10,compute,12.5352,123.0,0.0,11.6848,0.0,0.0,3
org_c11ertj5,2025-07-10,database,13.210799999999999,239.0,0.0,20.147,0.0,0.0,3
org_c11ertj5,2025-07-10,genai,12.8549,124.0,1.8071,10.5664,0.0,0.0,3
org_c11ertj5,2025-07-10,storage,0.5956999999999999,0.0,5.113300000000001,19.6667,0.0,0.0,3
org_c11ertj5,2025-07-11,compute,3.2508999999999997,0.0,1.3836,41.1616,0.0,0.0,3
org_c11ertj5,2025-07-11,database,118.81269999999999,409.0,0.0,43.596199999999996,0.0,0.0,6
org_c11ertj5,2025-07-11,genai,334.6767,237.0,0.0,12.9349,0.0,0.0,3
org_c11ertj5,2025-07-12,compute,9.5795,115.0,0.3848,7.9137,0.0,0.0,3
org_c11ertj5,2025-07-12,database,9.939599999999999,245.0,0.0,0.0,0.0,0.0,3
org_c11ertj5,2025-07-12,storage,3.2626,134.0,1.9225,0.0,0.0,0.0,3
org_c11ertj5,2025-07-13,compute,26.191499999999998,356.0,3.5093,9.7457,0.0,0.0,6
org_c11ertj5,2025-07-13,database,19.4038,385.0,2.8587,30.2839,0.0,0.0,6
org_c11ertj5,2025-07-13,genai,35.55,273.0,0.0,2.3006,0.0,0.0,3
org_c11ertj5,2025-07-14,compute,16.8401,116.0,1.8909,73.10770000000001,0.0,0.0,6
org_c11ertj5,2025-07-14,database,14.573699999999999,250.0,3.2911,28.0011,0.0,0.0,6
org_c11ertj5,2025-07-14,storage,0.1085,0.0,4.6216,0.0,0.0,0.0,3
org_c11ertj5,2025-07-15,compute,12.624500000000001,108.0,6.0131,28.5958,0.0,0.0,6
org_c11ertj5,2025-07-15,database,27.278599999999997,506.0,1.9695,14.0222,0.0,0.0,6
org_c11ertj5,2025-07-15,genai,18.578200000000002,110.0,1.5996,21.8148,0.0,0.0,3
org_c11ertj5,2025-07-15,storage,0.7314,0.0,0.0,38.4195,0.0,0.0,3
org_c11ertj5,2025-07-16,database,1.02,0.0,1.251,20.350700000000003,0.0,0.0,3
org_c11ertj5,2025-07-16,storage,5.0376,250.0,0.0,0.0,0.0,0.0,3
org_c11ertj5,2025-07-17,compute,1.2391,0.0,1.1783,16.9719,0.0,0.0,3
org_c11ertj5,2025-07-17,database,24.296100000000003,475.0,5.7221,6.5014,0.0,0.0,6
org_c11ertj5,2025-07-17,genai,18.3349,119.0,0.0,28.9794,0.0,0.0,3
org_c11ertj5,2025-07-17,storage,2.9633000000000003,104.0,0.0,17.9649,0.0,0.0,3
org_c11ertj5,2025-07-18,database,12.8601,253.0,2.2372,0.0,0.0,0.051047,3
org_c11ertj5,2025-07-18,genai,3.7544,0.0,0.0,31.3335,2806.0,0.006267,3
org_c11ertj5,2025-07-18,storage,6.214700000000001,338.0,0.0,0.0,0.0,0.0676,3
org_c11ertj5,2025-07-19,compute,8.8212,118.0,3.9109,0.0,0.0,0.024382,3
org_c11ertj5,2025-07-19,database,13.1688,228.0,0.0,69.5535,0.0,0.059510999999999994,6
org_c11ertj5,2025-07-20,compute,0.6138,0.0,5.2857,1.2544,0.0,0.001308,3
org_c11ertj5,2025-07-20,database,17.9578,363.0,0.9865,12.3826,0.0,0.07527400000000001,6
org_c11ertj5,2025-07-20,storage,5.1061,262.0,0.0,0.7743,0.0,0.052555,3
org_c11ertj5,2025-07-21,compute,20.794,242.0,0.0,47.192,0.0,0.057839,6
org_c11ertj5,2025-07-21,database,5.5426,121.0,9.712599999999998,0.0,0.0,0.026142,3
org_c11ertj5,2025-07-21,genai,14.62,110.0,0.0,16.216900000000003,950.0,0.025242999999999998,3
org_c11ertj5,2025-07-21,storage,5.76,270.0,0.0,7.4619,0.0,0.055492,3
org_c11ertj5,2025-07-22,compute,13.0409,128.0,2.5366,11.4848,0.0,0.028404000000000002,3
org_c11ertj5,2025-07-22,storage,4.1467,123.0,0.0,12.7485,0.0,0.02715,3
org_c11ertj5,2025-07-23,compute,12.3472,124.0,0.0,19.3895,0.0,0.028678,3
org_c11ertj5,2025-07-24,compute,21.439799999999998,223.0,4.8945,8.7747,0.0,0.047334,6
org_c11ertj5,2025-07-24,database,6.1294,105.0,2.105,16.5109,0.0,0.024723000000000002,3
org_c11ertj5,2025-07-24,genai,33.6992,267.0,0.0,11.7558,3425.0,0.055751,3
org_c11ertj5,2025-07-24,storage,7.870800000000001,368.0,0.0,0.0,0.0,0.0736,3
org_c11ertj5,2025-07-25,compute,21.4392,226.0,6.3984000000000005,17.8848,0.0,0.050057,6
org_c11ertj5,2025-07-25,database,0.9088999999999999,0.0,0.0,16.099600000000002,0.0,0.0032189999999999996,3
org_c11ertj5,2025-07-25,genai,4.7561,0.0,0.0,43.3756,2942.0,0.008675,3
org_c11ertj5,2025-07-25,storage,8.2465,409.0,0.0,0.0,0.0,0.0818,3
org_c11ertj5,2025-07-26,compute,26.5205,231.0,0.0,0.0,0.0,0.0462,3
org_c11ertj5,2025-07-26,database,0.6801,0.0,0.0,14.0665,0.0,0.002813,2
org_c11ertj5,2025-07-26,genai,1.0221,0.0,7.5458,0.0,2099.0,0.001509,3
org_c11ertj5,2025-07-27,database,8.335600000000001,137.0,0.2621,18.4272,0.0,0.031137,3
org_c11ertj5,2025-07-27,genai,36.0304,257.0,0.0,19.5078,1860.0,0.055302,3
org_c11ertj5,2025-07-27,storage,3.0515999999999996,133.0,0.4606,14.9122,0.0,0.029674,3
org_c11ertj5,2025-07-28,compute,13.2003,129.0,0.0,34.261,0.0,0.032652,6
org_c11ertj5,2025-07-28,genai,29.7699,234.0,0.0,5.0809,2354.0,0.047816,3
org_c11ertj5,2025-07-28,storage,4.2226,193.0,0.0,1.6941,0.0,0.038939,3
org_c11ertj5,2025-07-29,compute,13.1334,129.0,9.5822,4.2679,0.0,0.028569999999999998,6
org_c11ertj5,2025-07-29,database,6.148499999999999,102.0,0.0,25.446,0.0,0.025489,3
org_c11ertj5,2025-07-29,genai,15.1533,131.0,1.024,0.0,1693.0,0.026405,3
org_c11ertj5,2025-07-29,storage,2.7116000000000002,129.0,1.4583,0.0,0.0,0.026091,3
org_c11ertj5,2025-07-30,compute,16.2669,218.0,1.5607000000000002,23.5176,0.0,0.048615,6
org_c11ertj5,2025-07-30,database,1.4043,0.0,0.0,24.624499999999998,0.0,0.0049239999999999996,3
org_c11ertj5,2025-07-30,genai,31.8098,256.0,0.0,8.1216,1529.0,0.052823999999999996,3
org_c11ertj5,2025-07-30,storage,2.9091,145.0,3.7977,9.4144,0.0,0.031643000000000004,3
org_c11ertj5,2025-07-31,compute,0.461,0.0,6.271699999999999,0.0,0.0,0.001255,3
org_c11ertj5,2025-07-31,database,12.5907,234.0,5.186,25.3308,0.0,0.052903000000000006,6
org_c11ertj5,2025-08-01,compute,10.5725,124.0,3.5579,3.5298,0.0,0.026217999999999998,3
org_c11ertj5,2025-08-01,database,15.428899999999999,261.0,0.0,46.800399999999996,0.0,0.061560000000000004,6
org_c11ertj5,2025-08-01,genai,13.591800000000001,109.0,2.3469,0.0,2074.0,0.022269,3
org_c11ertj5,2025-08-01,storage,2.4368,114.0,1.6017,23.1122,0.0,0.027742000000000003,3
org_c11ertj5,2025-08-02,compute,21.4746,233.0,3.2172,30.7909,0.0,0.053401000000000004,6
org_c11ertj5,2025-08-02,database,22.7346,458.0,2.0657,12.8739,0.0,0.094588,6
org_c11ertj5,2025-08-02,genai,2.1291,0.0,3.7439999999999998,12.2603,2407.0,0.003201,3
org_c11ertj5,2025-08-02,storage,0.2507,0.0,2.01,13.0416,0.0,0.00301,2
org_c11ertj5,2025-08-03,compute,9.338899999999999,100.0,0.0,23.5865,0.0,0.024717000000000003,3
org_c11ertj5,2025-08-03,database,12.8279,246.0,0.0,0.0,0.0,0.049199999999999994,3
org_c11ertj5,2025-08-04,compute,18.971,236.0,0.0,8.6072,0.0,0.048921000000000006,3
org_c11ertj5,2025-08-04,genai,38.3397,259.0,0.0,3.3512,2815.0,0.05247,3
org_c11ertj5,2025-08-04,storage,0.17049999999999998,0.0,4.567,3.176,0.0,0.001548,3
org_c11ertj5,2025-08-05,database,15.4518,250.0,1.8724,15.3211,0.0,0.05343899999999999,6
org_c11ertj5,2025-08-05,genai,265.2402,235.0,0.7329,0.0,2522.0,0.047147,3
org_c11ertj5,2025-08-06,compute,0.8145,0.0,1.622,0.0,0.0,3.24E-4,3
org_c11ertj5,2025-08-06,database,1.1924,0.0,0.0,22.7949,0.0,0.004559,3
org_c11ertj5,2025-08-06,genai,21.1676,224.0,0.0,1.3758,2925.0,0.045075000000000004,3
org_c11ertj5,2025-08-06,storage,1.9032,110.0,2.3757,0.0,0.0,0.022475,3
org_c11ertj5,2025-08-07,compute,23.212500000000002,257.0,0.0,5.8859,0.0,0.052577,3
org_c11ertj5,2025-08-07,database,0.4628,0.0,8.9566,0.0,0.0,0.001791,3
org_c11ertj5,2025-08-07,genai,1.0581,0.0,0.4514,8.0805,1311.0,0.001706,3
org_c11ertj5,2025-08-07,storage,3.5941,226.0,0.0,11.0015,0.0,0.047400000000000005,3
org_c11ertj5,2025-08-08,compute,33.0402,376.0,0.0,51.176,0.0,0.085435,6
org_c11ertj5,2025-08-09,compute,10.7754,113.0,2.1075,10.4545,0.0,0.025112,3
org_c11ertj5,2025-08-09,database,11.9455,245.0,3.8225,4.4751,0.0,0.05066,6
org_c11ertj5,2025-08-09,genai,13.427,128.0,1.9711,0.0,2271.0,0.025994,3
org_c11ertj5,2025-08-09,storage,7.79,394.0,0.0,0.0,0.0,0.07880000000000001,3
org_c11ertj5,2025-08-10,database,12.677800000000001,258.0,8.5439,14.3828,0.0,0.056186,6
org_c11ertj5,2025-08-10,storage,8.3021,392.0,0.0,0.0,0.0,0.0784,3
org_c11ertj5,2025-08-11,compute,12.6116,125.0,0.0,16.0609,0.0,0.028212,3
org_c11ertj5,2025-08-11,database,8.4237,115.0,4.4459,0.0,0.0,0.023889,3
org_c11ertj5,2025-08-11,genai,1.2453,0.0,0.0,11.2023,3591.0,0.00224,3
org_c11ertj5,2025-08-11,storage,0.384,0.0,0.0,22.2812,0.0,0.004456,3
org_c11ertj5,2025-08-12,compute,8.729700000000001,104.0,4.8877,15.2806,0.0,0.024834,3
org_c11ertj5,2025-08-12,database,18.8247,358.0,0.0,0.0,0.0,0.0716,3
org_c11ertj5,2025-08-12,genai,16.5182,107.0,2.4431,16.4327,2287.0,0.025176,3
org_c11ertj5,2025-08-12,storage,2.7715,130.0,0.0,15.5714,0.0,0.029114,3
org_c11ertj5,2025-08-13,compute,32.4801,362.0,0.105,6.2205,0.0,0.073665,6
org_c11ertj5,2025-08-13,database,17.7104,367.0,2.2323,25.4931,0.0,0.078944,6
org_c11ertj5,2025-08-14,compute,18.6485,223.0,3.592,0.0,0.0,0.045318,3
org_c11ertj5,2025-08-14,database,7.252700000000001,123.0,2.6372,12.4848,0.0,0.027624,3
org_c11ertj5,2025-08-14,storage,3.7350000000000003,213.0,1.435,0.0,0.0,0.042887,3
org_c11ertj5,2025-08-15,compute,32.0869,375.0,1.4512,2.0097,0.0,0.075692,6
org_c11ertj5,2025-08-15,database,20.840000000000003,453.0,0.0,21.667099999999998,0.0,0.09493299999999999,6
org_c11ertj5,2025-08-15,storage,0.4318,0.0,2.5399,18.4714,0.0,0.004202,3
org_c11ertj5,2025-08-16,compute,12.5975,122.0,2.6377,11.3432,0.0,0.027197000000000002,3
org_c11ertj5,2025-08-16,database,11.3965,228.0,1.7876,0.0,0.0,0.045958,3
org_c11ertj5,2025-08-16,genai,25.3517,235.0,0.0,0.0,1527.0,0.047,3
org_c11ertj5,2025-08-16,storage,4.634,228.0,0.0,11.2911,0.0,0.047858000000000005,3
org_c11ertj5,2025-08-17,database,0.3331,0.0,6.9593,0.0,0.0,0.001392,3
org_c11ertj5,2025-08-18,compute,15.742600000000001,147.0,2.3678,47.1041,0.0,0.039295000000000004,6
org_c11ertj5,2025-08-18,database,7.2601,106.0,2.8522,8.4266,0.0,0.023455,3
org_c11ertj5,2025-08-18,storage,5.0918,243.0,3.4462,0.0,0.0,0.049289000000000006,3
org_c11ertj5,2025-08-19,compute,16.111,231.0,0.0,17.0723,0.0,0.049614000000000005,3
org_c11ertj5,2025-08-19,database,12.3872,250.0,2.4915,0.0,0.0,0.050498,3
org_c11ertj5,2025-08-19,genai,30.0024,229.0,2.5496,0.0,1368.0,0.046310000000000004,3
org_c11ertj5,2025-08-20,compute,7.1298,119.0,0.0818,8.1156,0.0,0.025439,3
org_c11ertj5,2025-08-20,database,10.107800000000001,221.0,0.0,0.0,0.0,0.0442,3
org_c11ertj5,2025-08-20,genai,0.3635,0.0,2.3327,0.9492,910.0,6.57E-4,3
org_c11ertj5,2025-08-20,storage,5.2127,109.0,0.0,11.234,0.0,0.024047,3
org_c11ertj5,2025-08-21,compute,9.8994,116.0,2.9802,12.528,0.0,0.026302,3
org_c11ertj5,2025-08-21,storage,6.3056,360.0,0.0,0.0,0.0,0.07200000000000001,3
org_c11ertj5,2025-08-22,compute,10.6184,113.0,3.8848000000000003,17.8876,0.0,0.026955,6
org_c11ertj5,2025-08-22,database,0.4715,0.0,8.727,0.0,0.0,0.0017460000000000002,3
org_c11ertj5,2025-08-22,storage,4.9482,236.0,0.1972,0.0,0.0,0.047239,3
org_c11ertj5,2025-08-23,compute,24.855700000000002,247.0,0.0,31.6562,0.0,0.055730999999999996,5
org_c11ertj5,2025-08-23,database,7.7481,110.0,4.9801,45.1318,0.0,0.032022999999999996,6
org_c11ertj5,2025-08-23,genai,2.1128,0.0,2.2277,16.8273,3292.0,0.0038119999999999994,3
org_c11ertj5,2025-08-23,storage,3.4216,126.0,4.4435,0.0,0.0,0.026088999999999998,3
org_c11ertj5,2025-08-24,genai,34.2647,268.0,5.2109,0.0,2655.0,0.054642,3
org_c11ertj5,2025-08-24,storage,2.6174,132.0,1.5399,20.3274,0.0,0.030773,3
org_c11ertj5,2025-08-25,compute,1.1015000000000001,0.0,6.86,5.5445,0.0,0.0024809999999999997,3
org_c11ertj5,2025-08-25,database,5.6817,121.0,4.5888,0.0,0.0,0.025118,3
org_c11ertj5,2025-08-25,genai,14.4609,114.0,2.3986,0.0,1678.0,0.023280000000000002,3
org_c11ertj5,2025-08-25,storage,5.4269,230.0,2.4784,0.0,0.0,0.046495999999999996,3
org_c11ertj5,2025-08-26,compute,24.467100000000002,266.0,0.0,9.6524,0.0,0.05513,3
org_c11ertj5,2025-08-26,genai,17.7948,131.0,1.9591,0.0,2483.0,0.026592,3
org_c11ertj5,2025-08-26,storage,2.6067,111.0,3.6713,9.0696,0.0,0.024748,3
org_c11ertj5,2025-08-27,compute,20.9625,261.0,0.0,25.1885,0.0,0.057238,3
org_c11ertj5,2025-08-27,database,11.190499999999998,123.0,4.5831,13.290000000000001,0.0,0.028175000000000002,6
org_c11ertj5,2025-08-27,storage,50.5291,222.0,2.184,0.0,0.0,0.044837,3
org_c11ertj5,2025-08-28,compute,12.8165,121.0,0.0,27.9638,0.0,0.029793,3
org_c11ertj5,2025-08-28,database,13.7101,229.0,0.0,15.9987,0.0,0.049,3
org_c11ertj5,2025-08-28,storage,5.2010000000000005,134.0,0.0,0.0,0.0,0.0268,3
org_c11ertj5,2025-08-29,compute,10.9435,134.0,2.7302,0.0,0.0,0.027346000000000002,3
org_c11ertj5,2025-08-29,database,10.6901,232.0,0.0,19.8282,0.0,0.050365999999999994,3
org_c11ertj5,2025-08-29,storage,2.1967000000000003,113.0,3.2542,3.8188,0.0,0.024014999999999998,3
org_c11ertj5,2025-08-30,compute,1.8098,0.0,2.7849,17.7575,0.0,0.004109,3
org_c11ertj5,2025-08-30,database,8.395000000000001,127.0,0.7201,4.3655,0.0,0.026416999999999996,3
org_c11ertj5,2025-08-30,storage,2.7459000000000002,132.0,0.0,7.192,0.0,0.027838,3
org_c11ertj5,2025-08-31,compute,170.7746,470.0,0.0,5.2164,0.0,0.095043,5
org_c11ertj5,2025-08-31,database,5.9996,119.0,5.0003,0.0,0.0,0.0248,3
org_c11ertj5,2025-08-31,genai,31.1266,245.0,0.3578,0.0,3392.0,0.049072000000000005,3
org_chj755nf,2025-07-03,genai,16.936999999999998,113.0,0.0,20.1318,0.0,0.0,3
org_chj755nf,2025-07-03,networking,1.6652,131.0,0.0,32.0919,0.0,0.0,3
org_chj755nf,2025-07-04,analytics,15.251999999999999,210.0,0.0,0.0,0.0,0.0,3
org_chj755nf,2025-07-04,compute,32.7273,385.0,0.0,9.8402,0.0,0.0,6
org_chj755nf,2025-07-04,genai,14.906799999999999,120.0,0.0,16.3173,0.0,0.0,3
org_chj755nf,2025-07-05,compute,17.0456,215.0,0.0,15.1036,0.0,0.0,3
org_chj755nf,2025-07-05,genai,19.9929,120.0,0.0,58.3578,0.0,0.0,6
org_chj755nf,2025-07-05,networking,0.0926,0.0,8.7646,0.0,0.0,0.0,3
org_chj755nf,2025-07-05,storage,2.8405,132.0,1.7693,10.9717,0.0,0.0,3
org_chj755nf,2025-07-06,analytics,22.697,329.0,0.0,0.0,0.0,0.0,3
org_chj755nf,2025-07-06,compute,15.2841,243.0,3.2757,0.0,0.0,0.0,3
org_chj755nf,2025-07-06,genai,16.4919,125.0,1.2555,4.4742,0.0,0.0,6
org_chj755nf,2025-07-06,storage,7.282,365.0,0.0,0.0,0.0,0.0,3
org_chj755nf,2025-07-07,analytics,21.534,245.0,5.2825,15.0992,0.0,0.0,6
org_chj755nf,2025-07-07,compute,27.694999999999997,377.0,0.7961,0.0,0.0,0.0,5
org_chj755nf,2025-07-07,genai,32.0298,245.0,3.2328,0.0,0.0,0.0,3
org_chj755nf,2025-07-07,networking,0.46399999999999997,0.0,0.0,42.2495,0.0,0.0,3
org_chj755nf,2025-07-07,storage,5.191000000000001,260.0,0.0,15.9582,0.0,0.0,3
org_chj755nf,2025-07-08,analytics,16.9197,264.0,0.0,6.5213,0.0,0.0,3
org_chj755nf,2025-07-08,compute,8.2304,126.0,0.0,25.0618,0.0,0.0,3
org_chj755nf,2025-07-08,genai,31.561899999999998,234.0,0.0,18.5667,0.0,0.0,3
org_chj755nf,2025-07-08,storage,4.8525,254.0,3.0275,0.0,0.0,0.0,3
org_chj755nf,2025-07-09,analytics,15.574200000000001,221.0,0.0,11.2725,0.0,0.0,3
org_chj755nf,2025-07-09,compute,34.9734,454.0,0.0,8.2065,0.0,0.0,5
org_chj755nf,2025-07-09,genai,18.3869,114.0,0.0,42.6859,0.0,0.0,6
org_chj755nf,2025-07-09,storage,0.1683,0.0,1.6508,7.266,0.0,0.0,3
org_chj755nf,2025-07-10,analytics,17.1827,236.0,0.0,4.8769,0.0,0.0,3
org_chj755nf,2025-07-10,compute,14.4329,203.0,4.7976,0.0,0.0,0.0,3
org_chj755nf,2025-07-10,networking,1.0094,113.0,2.6038,3.3778,0.0,0.0,3
org_chj755nf,2025-07-11,analytics,8.762400000000001,115.0,6.2848,0.0,0.0,0.0,3
org_chj755nf,2025-07-11,compute,36.8609,443.0,1.701,18.2355,0.0,0.0,6
org_chj755nf,2025-07-11,genai,17.6027,121.0,2.2922,10.011,0.0,0.0,3
org_chj755nf,2025-07-11,networking,2.7426,260.0,0.0,16.7766,0.0,0.0,3
org_chj755nf,2025-07-11,storage,4.231,240.0,0.0,6.904,0.0,0.0,3
org_chj755nf,2025-07-12,analytics,10.1182,110.0,3.1076,35.267799999999994,0.0,0.0,6
org_chj755nf,2025-07-12,compute,52.115,588.0,5.6328,13.9043,0.0,0.0,9
org_chj755nf,2025-07-12,genai,15.5168,113.0,0.0,16.037300000000002,0.0,0.0,3
org_chj755nf,2025-07-12,networking,1.276,113.0,0.0,14.8964,0.0,0.0,3
org_chj755nf,2025-07-13,analytics,18.4595,251.0,0.0,0.0,0.0,0.0,3
org_chj755nf,2025-07-13,compute,2.2378000000000005,0.0,2.3126,24.9818,0.0,0.0,3
org_chj755nf,2025-07-13,genai,21.4815,136.0,3.0238,15.8234,0.0,0.0,3
org_chj755nf,2025-07-13,networking,3.3331999999999997,386.0,0.0,0.0,0.0,0.0,3
org_chj755nf,2025-07-13,storage,6.0718,239.0,0.0,10.2009,0.0,0.0,3
org_chj755nf,2025-07-14,compute,28.821800000000003,238.0,1.098,25.455,0.0,0.0,6
org_chj755nf,2025-07-14,genai,17.236700000000003,127.0,1.773,4.9676,0.0,0.0,3
org_chj755nf,2025-07-14,networking,0.05,0.0,2.9373,2.8367,0.0,0.0,3
org_chj755nf,2025-07-15,analytics,9.8222,130.0,3.2042,0.0,0.0,0.0,3
org_chj755nf,2025-07-15,compute,39.4548,534.0,0.0,9.272,0.0,0.0,6
org_chj755nf,2025-07-15,genai,22.3869,125.0,3.4952,28.883699999999997,0.0,0.0,6
org_chj755nf,2025-07-16,analytics,2.4038000000000004,0.0,1.41,28.2864,0.0,0.0,3
org_chj755nf,2025-07-16,storage,4.798,247.0,0.0,0.0,0.0,0.0,3
org_chj755nf,2025-07-17,analytics,20.6039,236.0,1.6186,40.2232,0.0,0.0,6
org_chj755nf,2025-07-17,compute,12.476799999999999,119.0,3.1132,25.0163,0.0,0.0,3
org_chj755nf,2025-07-17,genai,33.8476,216.0,0.0,8.0108,0.0,0.0,3
org_chj755nf,2025-07-17,networking,2.2836,229.0,1.8368,0.0,0.0,0.0,3
org_chj755nf,2025-07-18,compute,24.516199999999998,259.0,2.8794,11.3672,0.0,0.054648999999999996,6
org_chj755nf,2025-07-18,genai,13.4643,106.0,9.7746,0.0,2523.0,0.023155000000000002,3
org_chj755nf,2025-07-18,networking,1.2536,113.0,1.8829,0.0,0.0,0.022976999999999997,3
org_chj755nf,2025-07-19,analytics,3.5023,0.0,0.0,54.40089999999999,0.0,0.01088,3
org_chj755nf,2025-07-19,compute,0.5314,0.0,2.7060999999999997,3.7128,0.0,0.001284,3
org_chj755nf,2025-07-19,genai,21.4047,132.0,2.1125,26.3619,2212.0,0.032094,3
org_chj755nf,2025-07-20,analytics,29.7763,374.0,3.0058,0.0,0.0,0.075401,6
org_chj755nf,2025-07-20,compute,22.456999999999997,116.0,4.7007,20.3734,0.0,0.028215,6
org_chj755nf,2025-07-20,genai,52.9798,491.0,6.7225,0.0,3769.0,0.09954500000000001,6
org_chj755nf,2025-07-21,analytics,25.2121,351.0,0.1544,20.7265,0.0,0.074376,6
org_chj755nf,2025-07-21,compute,13.945300000000001,123.0,0.0472,33.3355,0.0,0.031276000000000005,3
org_chj755nf,2025-07-21,genai,40.8965,263.0,1.42,36.9005,2927.0,0.060264,6
org_chj755nf,2025-07-21,storage,5.0583,223.0,0.0893,0.0,0.0,0.044618,3
org_chj755nf,2025-07-22,compute,24.5154,223.0,6.9475999999999996,9.1449,0.0,0.047819,6
org_chj755nf,2025-07-22,genai,32.2717,283.0,1.1777,0.0,552.0,0.056836,3
org_chj755nf,2025-07-22,storage,2.8735,118.0,0.32,11.8907,0.0,0.026042,3
org_chj755nf,2025-07-23,analytics,32.150099999999995,236.0,3.51,0.0,0.0,0.047902,6
org_chj755nf,2025-07-23,compute,10.6962,111.0,2.1317,2.9267,0.0,0.023211,3
org_chj755nf,2025-07-23,genai,13.522599999999999,113.0,4.0421,0.0,3239.0,0.023409,3
org_chj755nf,2025-07-23,networking,23.9456,222.0,2.2095,0.0,0.0,0.044842,3
org_chj755nf,2025-07-23,storage,1.9927,112.0,1.5579,9.3947,0.0,0.024591,3
org_chj755nf,2025-07-24,analytics,30.620599999999996,368.0,3.1922,0.4647,0.0,0.074332,6
org_chj755nf,2025-07-24,compute,9.5314,125.0,1.0998,17.2481,0.0,0.02867,3
org_chj755nf,2025-07-24,genai,41.4435,364.0,0.0,14.7462,2826.0,0.07574900000000001,6
org_chj755nf,2025-07-24,networking,0.0584,0.0,0.0,5.8652,0.0,0.001173,3
org_chj755nf,2025-07-24,storage,2.994,104.0,0.0,20.8857,0.0,0.024977,3
org_chj755nf,2025-07-25,analytics,8.7579,130.0,6.7679,0.0,0.0,0.027353,3
org_chj755nf,2025-07-25,compute,16.8552,233.0,0.0,14.3897,0.0,0.049477999999999994,3
org_chj755nf,2025-07-25,genai,29.329899999999995,228.0,2.7698,29.0595,4115.0,0.051966,5
org_chj755nf,2025-07-26,analytics,7.0709,111.0,2.9868,0.0,0.0,0.022797,3
org_chj755nf,2025-07-26,compute,18.548299999999998,227.0,5.2457,24.3878,0.0,0.051327,6
org_chj755nf,2025-07-26,genai,21.1417,222.0,0.098,0.0,2160.0,0.04442,3
org_chj755nf,2025-07-26,storage,4.6036,230.0,0.0,7.952,0.0,0.04759,3
org_chj755nf,2025-07-27,analytics,26.152700000000003,369.0,0.0,0.0,0.0,0.0738,3
org_chj755nf,2025-07-27,compute,8.6483,123.0,2.7206,0.0,0.0,0.025144,3
org_chj755nf,2025-07-27,genai,17.1102,121.0,2.6544,21.0189,2910.0,0.028935,3
org_chj755nf,2025-07-27,networking,1.2093999999999998,108.0,3.8156,0.6044,0.0,0.022484,3
org_chj755nf,2025-07-28,analytics,15.6602,235.0,1.0076,0.0,0.0,0.047202,3
org_chj755nf,2025-07-28,compute,0.8745,0.0,0.0,9.8796,0.0,0.001976,2
org_chj755nf,2025-07-28,genai,28.0792,226.0,1.9848,0.0,3512.0,0.045597000000000006,3
org_chj755nf,2025-07-28,storage,5.5378,256.0,0.0,24.5006,0.0,0.0561,3
org_chj755nf,2025-07-29,analytics,9.0103,111.0,2.4502,23.441200000000002,0.0,0.027379,6
org_chj755nf,2025-07-29,compute,21.3092,244.0,2.243,0.0,0.0,0.049248999999999994,3
org_chj755nf,2025-07-29,genai,36.123799999999996,339.0,0.0,0.0,2981.0,0.0678,3
org_chj755nf,2025-07-29,networking,1.6949,119.0,0.0,45.2186,0.0,0.032844,3
org_chj755nf,2025-07-30,analytics,26.6504,356.0,1.5225,4.3722,0.0,0.072379,6
org_chj755nf,2025-07-30,compute,39.7832,473.0,3.0484,8.2468,0.0,0.096859,6
org_chj755nf,2025-07-30,genai,31.145899999999997,252.0,0.0,0.0,2916.0,0.0504,3
org_chj755nf,2025-07-30,storage,4.9337,268.0,0.0,0.0,0.0,0.053599999999999995,3
org_chj755nf,2025-07-31,analytics,10.325800000000001,103.0,4.2548,40.0912,0.0,0.029469000000000002,6
org_chj755nf,2025-07-31,compute,21.221300000000003,260.0,5.434699999999999,5.591,0.0,0.054205,6
org_chj755nf,2025-07-31,genai,25.104300000000002,231.0,1.2165,0.0,1353.0,0.046443,3
org_chj755nf,2025-08-01,analytics,14.0382,126.0,0.0,28.500700000000002,0.0,0.0309,3
org_chj755nf,2025-08-01,genai,31.2937,241.0,0.0,9.016,1426.0,0.050003,3
org_chj755nf,2025-08-01,storage,2.9366,125.0,1.4256,7.8139,0.0,0.026848,3
org_chj755nf,2025-08-02,analytics,0.5799,0.0,4.0702,3.8314,0.0,0.0015799999999999998,3
org_chj755nf,2025-08-02,compute,48.779,473.0,0.0,43.0435,0.0,0.103209,9
org_chj755nf,2025-08-02,genai,79.2576,625.0,0.0,6.4842,4694.0,0.126297,6
org_chj755nf,2025-08-02,networking,2.514,262.0,4.1805,0.0,0.0,0.053236000000000006,3
org_chj755nf,2025-08-02,storage,5.1205,261.0,1.4334,0.0,0.0,0.052487,3
org_chj755nf,2025-08-03,analytics,15.2415,235.0,3.3785,0.0,0.0,0.047675999999999996,3
org_chj755nf,2025-08-03,compute,44.339299999999994,483.0,6.4963,13.1576,0.0,0.100531,6
org_chj755nf,2025-08-03,genai,16.896,125.0,2.4434,5.7246,1765.0,0.026634,3
org_chj755nf,2025-08-03,networking,0.1585,0.0,0.8381,14.39,0.0,0.003046,3
org_chj755nf,2025-08-03,storage,5.8355999999999995,252.0,2.2918,0.0,0.0,0.050858,3
org_chj755nf,2025-08-04,compute,48.956599999999995,598.0,4.3266,0.0,0.0,0.12046499999999999,6
org_chj755nf,2025-08-04,genai,23.138199999999998,236.0,0.0,12.7124,4446.0,0.049741999999999995,6
org_chj755nf,2025-08-05,analytics,22.5009,342.0,4.8965,0.0,0.0,0.06937900000000001,6
org_chj755nf,2025-08-05,compute,12.136099999999999,126.0,11.880700000000001,4.7478,0.0,0.028526,6
org_chj755nf,2025-08-05,genai,34.4689,253.0,0.0,11.7335,3834.0,0.052946999999999994,3
org_chj755nf,2025-08-05,networking,1.4294,0.0,0.0,6.5233,0.0,0.001305,3
org_chj755nf,2025-08-05,storage,3.1499,127.0,0.0,23.259,0.0,0.030052,3
org_chj755nf,2025-08-06,analytics,29.726100000000002,387.0,3.0433,5.0747,0.0,0.079024,6
org_chj755nf,2025-08-06,compute,60.6202,737.0,2.0934,33.1929,0.0,0.15445799999999998,9
org_chj755nf,2025-08-06,genai,15.751400000000002,114.0,0.0,27.3017,675.0,0.02826,3
org_chj755nf,2025-08-06,storage,4.7196,239.0,0.0,13.5308,0.0,0.050506,3
org_chj755nf,2025-08-07,analytics,33.7679,478.0,2.2911,0.0,0.0,0.096058,6
org_chj755nf,2025-08-07,compute,30.549099999999996,394.0,4.4566,1.2629,0.0,0.079945,6
org_chj755nf,2025-08-07,genai,34.1314,219.0,3.2524,34.1674,2301.0,0.051283,6
org_chj755nf,2025-08-07,networking,1.8348,234.0,2.4553,0.0,0.0,0.047291,3
org_chj755nf,2025-08-08,analytics,27.716700000000003,361.0,0.0,25.6895,0.0,0.07733799999999999,6
org_chj755nf,2025-08-08,compute,14.0049,126.0,1.8348,43.0088,0.0,0.034168000000000004,9
org_chj755nf,2025-08-08,networking,0.3101,0.0,5.8875,27.8323,0.0,0.006744,3
org_chj755nf,2025-08-08,storage,0.3962,0.0,0.0,19.005300000000002,0.0,0.003801,3
org_chj755nf,2025-08-09,analytics,15.763200000000001,231.0,3.9581999999999997,0.0,0.0,0.046991,6
org_chj755nf,2025-08-09,compute,204.7546,475.0,3.1587,31.246499999999997,0.0,0.101881,9
org_chj755nf,2025-08-09,genai,28.0992,244.0,1.0366,0.0,960.0,0.049006999999999995,3
org_chj755nf,2025-08-09,networking,2.8731,239.0,0.0,16.8162,0.0,0.051163,3
org_chj755nf,2025-08-10,analytics,48.3053,726.0,0.0,0.0,0.0,0.1452,6
org_chj755nf,2025-08-10,genai,30.277499999999996,240.0,5.2374,19.127299999999998,4234.0,0.052873,6
org_chj755nf,2025-08-10,networking,1.5191,123.0,5.1981,15.7687,0.0,0.028794,3
org_chj755nf,2025-08-10,storage,4.8187999999999995,255.0,0.0,10.7058,0.0,0.053141,3
org_chj755nf,2025-08-11,analytics,7.904,104.0,2.0917,0.0,0.0,0.021218,3
org_chj755nf,2025-08-11,compute,19.4482,244.0,3.9855,9.7109,0.0,0.05154,6
org_chj755nf,2025-08-11,networking,4.1319,366.0,0.0,0.0,0.0,0.0732,3
org_chj755nf,2025-08-11,storage,5.0145,227.0,0.0,0.0,0.0,0.045399999999999996,3
org_chj755nf,2025-08-12,analytics,10.1917,137.0,0.8127,14.6126,0.0,0.030486,3
org_chj755nf,2025-08-12,compute,21.2062,263.0,0.0,0.0,0.0,0.0526,3
org_chj755nf,2025-08-12,networking,2.4205,229.0,0.0,0.0,0.0,0.0458,3
org_chj755nf,2025-08-12,storage,7.7254,359.0,0.0,0.0,0.0,0.0718,3
org_chj755nf,2025-08-13,analytics,8.4155,125.0,2.1913,0.0,0.0,0.025439,3
org_chj755nf,2025-08-13,compute,20.2765,235.0,4.5963,0.0,0.0,0.047919,3
org_chj755nf,2025-08-13,genai,15.4659,120.0,4.0516,16.6042,4710.0,0.028131,6
org_chj755nf,2025-08-13,networking,1.0875,113.0,2.7023,6.4653,0.0,0.024432999999999996,3
org_chj755nf,2025-08-13,storage,8.4518,371.0,0.0,0.0,0.0,0.0742,3
org_chj755nf,2025-08-14,compute,1.3343999999999998,0.0,0.9969,13.0513,0.0,0.00281,3
org_chj755nf,2025-08-14,genai,46.1867,407.0,2.2925,20.8104,5608.0,0.086021,6
org_chj755nf,2025-08-14,networking,1.6034000000000002,109.0,1.3008,26.8406,0.0,0.027428,3
org_chj755nf,2025-08-15,analytics,27.535199999999996,372.0,0.409,27.6145,0.0,0.080005,6
org_chj755nf,2025-08-15,compute,26.3356,245.0,0.0,46.5451,0.0,0.058309,6
org_chj755nf,2025-08-15,genai,14.9282,118.0,1.0151,19.0619,3606.0,0.027614999999999997,3
org_chj755nf,2025-08-15,networking,0.8146000000000001,107.0,1.8357,0.0,0.0,0.021766999999999998,3
org_chj755nf,2025-08-15,storage,4.5954999999999995,203.0,0.0,0.0,0.0,0.0406,3
org_chj755nf,2025-08-16,analytics,14.749500000000001,236.0,2.6174999999999997,9.4387,0.0,0.049611,6
org_chj755nf,2025-08-16,compute,2.6651,0.0,0.0,34.755300000000005,0.0,0.006951,3
org_chj755nf,2025-08-16,genai,18.0506,116.0,3.1873,0.0,2744.0,0.023837,3
org_chj755nf,2025-08-16,networking,1.3953,117.0,0.5495,17.2746,0.0,0.026965,3
org_chj755nf,2025-08-16,storage,5.0403,233.0,0.0,0.0,0.0,0.0466,3
org_chj755nf,2025-08-17,analytics,18.048499999999997,134.0,0.0,8.4646,0.0,0.028493,3
org_chj755nf,2025-08-17,compute,237.47209999999998,730.0,0.0,27.4033,0.0,0.15148,9
org_chj755nf,2025-08-17,genai,24.2324,211.0,0.0,0.0,1932.0,0.0422,3
org_chj755nf,2025-08-17,networking,1.2351,116.0,0.0,28.6383,0.0,0.028928,3
org_chj755nf,2025-08-18,analytics,19.1737,237.0,5.8011,20.3791,0.0,0.052636,6
org_chj755nf,2025-08-18,compute,0.7464999999999999,0.0,4.1377,4.3142,0.0,0.001691,3
org_chj755nf,2025-08-18,genai,20.4062,126.0,3.69,30.966099999999997,2740.0,0.03213,6
org_chj755nf,2025-08-18,networking,4.1029,360.0,0.0,0.0,0.0,0.072,3
org_chj755nf,2025-08-19,analytics,21.184199999999997,250.0,1.6026,0.0,0.0,0.050321000000000005,3
org_chj755nf,2025-08-19,compute,2.5623,0.0,0.0,32.8981,0.0,0.006580000000000001,3
org_chj755nf,2025-08-19,genai,2.7799,0.0,2.4048,22.250500000000002,1909.0,0.004931,3
org_chj755nf,2025-08-19,storage,2.6345,118.0,0.0,0.0,0.0,0.0236,3
org_chj755nf,2025-08-20,compute,16.5168,129.0,0.0,88.5874,0.0,0.043517,6
org_chj755nf,2025-08-20,genai,1.3197,0.0,2.0519,9.6984,2724.0,0.002349,3
org_chj755nf,2025-08-20,networking,0.0429,0.0,4.0463,0.0,0.0,8.09E-4,3
org_chj755nf,2025-08-20,storage,3.2511,136.0,2.2952,0.0,0.0,0.027659,3
org_chj755nf,2025-08-21,analytics,20.4562,247.0,0.0,0.0,0.0,0.0494,3
org_chj755nf,2025-08-21,compute,45.745400000000004,563.0,5.9224,16.031200000000002,0.0,0.11699,9
org_chj755nf,2025-08-21,genai,66.0005,468.0,4.2426,0.0,4676.0,0.094449,6
org_chj755nf,2025-08-21,networking,0.3506,0.0,0.0,35.6744,0.0,0.007136,3
org_chj755nf,2025-08-22,analytics,22.8405,237.0,0.0,37.1378,0.0,0.054827,6
org_chj755nf,2025-08-22,compute,21.9602,248.0,4.2557,0.0,0.0,0.050451,3
org_chj755nf,2025-08-22,genai,40.5274,358.0,1.8702,25.6205,4141.0,0.077098,6
org_chj755nf,2025-08-22,networking,2.4344,262.0,0.0,0.0,0.0,0.0524,3
org_chj755nf,2025-08-22,storage,2.8625,122.0,2.9844,0.0,0.0,0.024997000000000002,3
org_chj755nf,2025-08-23,analytics,7.5996999999999995,134.0,0.0,18.418,0.0,0.030484,3
org_chj755nf,2025-08-23,compute,33.258900000000004,366.0,0.0,41.7277,0.0,0.081545,6
org_chj755nf,2025-08-23,genai,45.5535,382.0,5.0457,0.0,4517.0,0.07740899999999999,6
org_chj755nf,2025-08-23,networking,2.5286999999999997,249.0,0.0,16.2884,0.0,0.053058,3
org_chj755nf,2025-08-24,analytics,1.8405,0.0,0.0,33.0669,0.0,0.006614,3
org_chj755nf,2025-08-24,compute,32.445,403.0,11.8256,43.2666,0.0,0.09162000000000001,9
org_chj755nf,2025-08-24,genai,31.0379,241.0,0.0,21.6642,2416.0,0.052532999999999996,3
org_chj755nf,2025-08-24,networking,3.7789,376.0,0.0,0.0,0.0,0.0752,3
org_chj755nf,2025-08-25,analytics,0.8676999999999999,0.0,5.5187,8.1414,0.0,0.002732,3
org_chj755nf,2025-08-25,compute,27.5974,239.0,0.0,0.0,0.0,0.047799999999999995,3
org_chj755nf,2025-08-25,networking,2.511,228.0,4.5095,0.0,0.0,0.046502,3
org_chj755nf,2025-08-25,storage,3.2068000000000003,138.0,0.0,9.5651,0.0,0.029513,3
org_chj755nf,2025-08-26,analytics,12.375399999999999,112.0,2.8501,31.652,0.0,0.0293,3
org_chj755nf,2025-08-26,compute,34.927499999999995,397.0,0.0,0.0,0.0,0.0794,3
org_chj755nf,2025-08-26,genai,77.7546,617.0,2.5807,0.0,3192.0,0.12391600000000001,6
org_chj755nf,2025-08-26,networking,0.3405,0.0,2.6342,32.4827,0.0,0.007023,3
org_chj755nf,2025-08-26,storage,3.323,128.0,2.5244999999999997,0.0,0.0,0.026105,3
org_chj755nf,2025-08-27,analytics,8.255400000000002,121.0,7.3155,19.4427,0.0,0.029552000000000002,6
org_chj755nf,2025-08-27,compute,32.212,373.0,4.5253,14.167,0.0,0.078338,5
org_chj755nf,2025-08-27,genai,62.810599999999994,486.0,0.6135,1.1788,5731.0,0.09755899999999999,6
org_chj755nf,2025-08-27,networking,1.3016,0.0,2.0477,22.4377,0.0,0.004898,3
org_chj755nf,2025-08-27,storage,2.7178,132.0,2.8146,7.6255,0.0,0.028488,3
org_chj755nf,2025-08-28,analytics,18.8315,255.0,2.8768,41.6609,0.0,0.059907,6
org_chj755nf,2025-08-28,compute,4.4334,0.0,4.2512,51.677499999999995,0.0,0.011185,5
org_chj755nf,2025-08-28,genai,22.6144,122.0,1.2213,14.4585,2994.0,0.027536,3
org_chj755nf,2025-08-28,networking,1.1135,0.0,0.0,11.8356,0.0,0.002367,3
org_chj755nf,2025-08-28,storage,2.3687,96.0,0.0,20.627200000000002,0.0,0.023326,3
org_chj755nf,2025-08-29,analytics,7.949400000000001,122.0,1.435,18.7118,0.0,0.02843,6
org_chj755nf,2025-08-29,compute,34.5825,490.0,0.0,13.8825,0.0,0.100777,6
org_chj755nf,2025-08-30,analytics,34.8002,466.0,0.0,0.0,0.0,0.09319999999999999,6
org_chj755nf,2025-08-30,compute,28.231700000000004,360.0,0.0,0.0,0.0,0.07200000000000001,3
org_chj755nf,2025-08-30,genai,51.846000000000004,438.0,4.5218,0.0,4812.0,0.088504,6
org_chj755nf,2025-08-30,networking,0.0485,0.0,4.530200000000001,0.0,0.0,9.06E-4,3
org_chj755nf,2025-08-30,storage,0.39580000000000004,0.0,5.3078,13.6811,0.0,0.003797,3
org_chj755nf,2025-08-31,analytics,32.226800000000004,387.0,0.2938,15.9744,0.0,0.080654,6
org_chj755nf,2025-08-31,compute,26.7009,367.0,0.0,0.0,0.0,0.0734,3
org_chj755nf,2025-08-31,genai,24.748900000000003,217.0,0.0,4.3034,3349.0,0.044261,3
org_chj755nf,2025-08-31,storage,2.9484000000000004,127.0,0.3999,8.7095,0.0,0.027222,3
org_cvs4f8cg,2025-07-03,database,6.2699,99.0,0.0,11.6555,0.0,0.0,3
org_cvs4f8cg,2025-07-03,genai,0.6747,0.0,5.9245,0.0,0.0,0.0,3
org_cvs4f8cg,2025-07-03,networking,1.9358,251.0,0.0,0.7288,0.0,0.0,5
org_cvs4f8cg,2025-07-03,storage,3.5133,101.0,3.8331,32.9744,0.0,0.0,6
org_cvs4f8cg,2025-07-04,analytics,9.577100000000002,119.0,1.7035,19.3785,0.0,0.0,3
org_cvs4f8cg,2025-07-04,compute,9.155999999999999,117.0,0.0,26.1226,0.0,0.0,3
org_cvs4f8cg,2025-07-04,database,15.782699999999998,226.0,0.0,22.8027,0.0,0.0,3
org_cvs4f8cg,2025-07-04,genai,19.2933,133.0,1.4835,12.8135,0.0,0.0,3
org_cvs4f8cg,2025-07-04,networking,1.9862000000000002,243.0,2.1,0.0,0.0,0.0,3
org_cvs4f8cg,2025-07-04,storage,5.043900000000001,201.0,0.7652,0.0,0.0,0.0,3
org_cvs4f8cg,2025-07-05,compute,0.5344,0.0,4.0221,3.9747,0.0,0.0,3
org_cvs4f8cg,2025-07-05,genai,30.6978,245.0,0.0,15.8515,0.0,0.0,3
org_cvs4f8cg,2025-07-05,networking,4.7022,455.0,4.7071000000000005,0.0,0.0,0.0,6
org_cvs4f8cg,2025-07-06,compute,7.951,106.0,8.4777,0.0,0.0,0.0,3
org_cvs4f8cg,2025-07-06,database,12.396,251.0,0.0,9.8844,0.0,0.0,3
org_cvs4f8cg,2025-07-06,genai,15.9038,136.0,5.6782,0.0,0.0,0.0,3
org_cvs4f8cg,2025-07-06,storage,3.6975000000000002,136.0,4.6494,29.8341,0.0,0.0,6
org_cvs4f8cg,2025-07-07,analytics,7.5971,137.0,0.248,0.0,0.0,0.0,3
org_cvs4f8cg,2025-07-07,genai,34.0595,254.0,0.0,24.0121,0.0,0.0,3
org_cvs4f8cg,2025-07-07,networking,2.0774,108.0,0.0,11.5396,0.0,0.0,3
org_cvs4f8cg,2025-07-07,storage,0.5199999999999999,0.0,0.9238,26.750300000000003,0.0,0.0,3
org_cvs4f8cg,2025-07-08,compute,12.612700000000002,125.0,0.0,2.6132,0.0,0.0,3
org_cvs4f8cg,2025-07-08,database,0.33820000000000006,0.0,1.6333,4.9752,0.0,0.0,3
org_cvs4f8cg,2025-07-08,networking,4.9834000000000005,503.0,0.164,1.0202,0.0,0.0,6
org_cvs4f8cg,2025-07-08,storage,8.2049,392.0,2.1444,19.1253,0.0,0.0,6
org_cvs4f8cg,2025-07-09,analytics,9.3906,116.0,0.0,25.922,0.0,0.0,3
org_cvs4f8cg,2025-07-09,database,7.3029,106.0,5.0389,8.8192,0.0,0.0,3
org_cvs4f8cg,2025-07-09,genai,15.5027,133.0,0.2466,0.0,0.0,0.0,3
org_cvs4f8cg,2025-07-09,networking,2.8494,255.0,0.0,46.2205,0.0,0.0,6
org_cvs4f8cg,2025-07-09,storage,6.1042000000000005,349.0,0.0,0.0,0.0,0.0,3
org_cvs4f8cg,2025-07-10,analytics,19.605700000000002,263.0,2.5472,0.0,0.0,0.0,3
org_cvs4f8cg,2025-07-10,compute,9.0642,111.0,1.1976,13.4451,0.0,0.0,3
org_cvs4f8cg,2025-07-10,database,12.1377,241.0,1.1516,0.0,0.0,0.0,3
org_cvs4f8cg,2025-07-10,genai,2.9926000000000004,0.0,6.2415,20.5938,0.0,0.0,3
org_cvs4f8cg,2025-07-10,networking,0.0113,0.0,0.0,1.0668,0.0,0.0,3
org_cvs4f8cg,2025-07-10,storage,5.8025,242.0,7.215,0.093,0.0,0.0,6
org_cvs4f8cg,2025-07-11,compute,11.5928,128.0,4.0052,0.0,0.0,0.0,3
org_cvs4f8cg,2025-07-11,database,8.746400000000001,123.0,2.0431,0.0,0.0,0.0,3
org_cvs4f8cg,2025-07-11,networking,1.6229,132.0,0.0,23.3707,0.0,0.0,3
org_cvs4f8cg,2025-07-11,storage,0.5989,0.0,8.5245,19.8369,0.0,0.0,6
org_cvs4f8cg,2025-07-12,analytics,20.3459,245.0,0.0,6.1975,0.0,0.0,3
org_cvs4f8cg,2025-07-12,database,6.612,108.0,0.9888,15.3016,0.0,0.0,3
org_cvs4f8cg,2025-07-12,genai,13.6817,95.0,1.3464,33.9064,0.0,0.0,3
org_cvs4f8cg,2025-07-13,analytics,19.182199999999998,242.0,0.0,11.3809,0.0,0.0,3
org_cvs4f8cg,2025-07-13,compute,9.5065,121.0,3.9188,13.0639,0.0,0.0,3
org_cvs4f8cg,2025-07-13,database,0.1074,0.0,2.1578,0.0,0.0,0.0,2
org_cvs4f8cg,2025-07-14,analytics,17.1628,221.0,2.3114,0.0,0.0,0.0,3
org_cvs4f8cg,2025-07-14,database,1.0533,0.0,5.2898,12.1316,0.0,0.0,3
org_cvs4f8cg,2025-07-14,networking,0.49860000000000004,0.0,9.571299999999999,18.1251,0.0,0.0,6
org_cvs4f8cg,2025-07-14,storage,4.3724,212.0,1.2182,0.0,0.0,0.0,3
org_cvs4f8cg,2025-07-15,compute,10.543,113.0,2.6039,8.9698,0.0,0.0,3
org_cvs4f8cg,2025-07-15,genai,18.289700000000003,125.0,0.0,14.2695,0.0,0.0,2
org_cvs4f8cg,2025-07-15,storage,3.4625000000000004,139.0,5.0816,13.3376,0.0,0.0,6
org_cvs4f8cg,2025-07-16,compute,11.5714,121.0,0.0,24.808999999999997,0.0,0.0,3
org_cvs4f8cg,2025-07-16,database,10.939499999999999,226.0,1.4571,0.0,0.0,0.0,3
org_cvs4f8cg,2025-07-16,genai,14.9792,146.0,3.2488,0.0,0.0,0.0,3
org_cvs4f8cg,2025-07-16,networking,2.0322,216.0,3.2179,0.0,0.0,0.0,3
org_cvs4f8cg,2025-07-16,storage,5.192900000000001,239.0,11.325099999999999,0.0,0.0,0.0,6
org_cvs4f8cg,2025-07-17,compute,19.705,221.0,0.0,0.0,0.0,0.0,3
org_cvs4f8cg,2025-07-17,networking,4.5929,365.0,3.6101,3.5918,0.0,0.0,6
org_cvs4f8cg,2025-07-17,storage,4.5434,224.0,0.0,12.0567,0.0,0.0,3
org_cvs4f8cg,2025-07-18,compute,10.4668,127.0,2.0008999999999997,0.0,0.0,0.0258,3
org_cvs4f8cg,2025-07-18,database,14.6481,236.0,0.0,33.439,0.0,0.053888000000000005,3
org_cvs4f8cg,2025-07-18,genai,40.338499999999996,360.0,0.0,0.0,2032.0,0.07200000000000001,3
org_cvs4f8cg,2025-07-18,networking,4.9157,485.0,3.433,3.4373,0.0,0.09837399999999998,6
org_cvs4f8cg,2025-07-19,compute,1.7023,0.0,4.2481,17.558,0.0,0.0043619999999999996,3
org_cvs4f8cg,2025-07-19,database,15.6243,360.0,0.0,0.0,0.0,0.072,3
org_cvs4f8cg,2025-07-19,networking,3.6835999999999998,360.0,0.0,0.0,0.0,0.07200000000000001,3
org_cvs4f8cg,2025-07-19,storage,2.163,94.0,2.2395,0.0,0.0,0.019248,3
org_cvs4f8cg,2025-07-20,analytics,15.654300000000001,241.0,3.9551,0.0,0.0,0.048991,3
org_cvs4f8cg,2025-07-20,compute,3.9989,0.0,0.0,55.0993,0.0,0.01102,3
org_cvs4f8cg,2025-07-20,genai,27.5719,245.0,2.5474,0.0,2438.0,0.049509000000000004,3
org_cvs4f8cg,2025-07-20,networking,3.6101,332.0,0.0464,20.2232,0.0,0.070454,6
org_cvs4f8cg,2025-07-20,storage,2.4779,118.0,0.0,1.0645,0.0,0.023813,3
org_cvs4f8cg,2025-07-21,analytics,15.500399999999999,215.0,0.0,11.58,0.0,0.045315999999999995,3
org_cvs4f8cg,2025-07-21,database,1.5739999999999998,0.0,3.0214,27.896,0.0,0.006183,3
org_cvs4f8cg,2025-07-21,networking,4.615,380.0,7.7953,0.0,0.0,0.077559,6
org_cvs4f8cg,2025-07-21,storage,9.4819,486.0,3.7426000000000004,0.0,0.0,0.09794900000000001,6
org_cvs4f8cg,2025-07-22,analytics,17.8295,211.0,0.0,0.0,0.0,0.0422,3
org_cvs4f8cg,2025-07-22,compute,15.413600000000002,136.0,1.1687,32.8611,0.0,0.034006,3
org_cvs4f8cg,2025-07-22,database,15.302499999999998,268.0,3.5693,0.0,0.0,0.054314,3
org_cvs4f8cg,2025-07-22,networking,3.8994,254.0,3.1287,0.7239,0.0,0.051571,6
org_cvs4f8cg,2025-07-22,storage,3.5422,130.0,1.9923,31.1849,0.0,0.032635,6
org_cvs4f8cg,2025-07-23,database,6.2287,114.0,0.0,12.263300000000001,0.0,0.025252,3
org_cvs4f8cg,2025-07-23,genai,50.713,241.0,0.0,0.0,3291.0,0.0482,3
org_cvs4f8cg,2025-07-23,networking,4.387700000000001,340.0,1.1741,16.7561,0.0,0.071586,6
org_cvs4f8cg,2025-07-23,storage,5.182,262.0,4.2529,14.8083,0.0,0.056213,6
org_cvs4f8cg,2025-07-24,database,5.1949,127.0,1.0409,13.0534,0.0,0.028218999999999998,3
org_cvs4f8cg,2025-07-24,genai,23.9024,130.0,0.0,39.708600000000004,2607.0,0.033941,3
org_cvs4f8cg,2025-07-24,networking,4.5663,450.0,0.0,13.684899999999999,0.0,0.092737,6
org_cvs4f8cg,2025-07-24,storage,2.5353000000000003,108.0,4.8844,2.8805,0.0,0.023153,3
org_cvs4f8cg,2025-07-25,analytics,11.5506,132.0,0.0,20.949,0.0,0.03059,3
org_cvs4f8cg,2025-07-25,compute,1.9993,0.0,1.7849,21.9134,0.0,0.004739999999999999,3
org_cvs4f8cg,2025-07-25,database,26.110200000000003,0.0,0.0,39.7749,0.0,0.007955,3
org_cvs4f8cg,2025-07-25,genai,16.3856,119.0,0.0,14.9966,2889.0,0.026799000000000003,3
org_cvs4f8cg,2025-07-25,networking,4.1836,344.0,0.0,28.7842,0.0,0.074557,6
org_cvs4f8cg,2025-07-25,storage,2.5054,136.0,1.9162,21.8343,0.0,0.03195,3
org_cvs4f8cg,2025-07-26,database,11.474499999999999,239.0,0.0,20.7457,0.0,0.051949,3
org_cvs4f8cg,2025-07-26,networking,3.7918000000000003,350.0,1.6271,19.5865,0.0,0.07424299999999999,6
org_cvs4f8cg,2025-07-27,analytics,19.0017,226.0,0.0,0.0,0.0,0.045200000000000004,3
org_cvs4f8cg,2025-07-27,database,0.4786,0.0,5.6908,4.9048,0.0,0.0021190000000000002,3
org_cvs4f8cg,2025-07-27,networking,1.3835000000000002,126.0,2.2978,18.8667,0.0,0.029432999999999997,3
org_cvs4f8cg,2025-07-27,storage,4.7887,269.0,2.2981,0.0,0.0,0.05426,3
org_cvs4f8cg,2025-07-28,genai,31.786499999999997,101.0,2.0336,0.0,2861.0,0.020607,3
org_cvs4f8cg,2025-07-28,networking,2.4822,253.0,4.1084,0.0,0.0,0.051422,6
org_cvs4f8cg,2025-07-28,storage,4.8108,232.0,4.3806,34.2353,0.0,0.054123000000000004,6
org_cvs4f8cg,2025-07-29,analytics,9.2055,131.0,2.7625,17.1991,0.0,0.030193,3
org_cvs4f8cg,2025-07-29,compute,9.3194,133.0,0.3576,9.5918,0.0,0.028589999999999997,3
org_cvs4f8cg,2025-07-29,genai,15.1626,122.0,0.0,7.1378,3251.0,0.025828,3
org_cvs4f8cg,2025-07-29,networking,3.0557,246.0,3.8918,34.4657,0.0,0.056871000000000005,6
org_cvs4f8cg,2025-07-29,storage,0.0958,0.0,1.8213,1.8036,0.0,7.25E-4,3
org_cvs4f8cg,2025-07-30,analytics,8.7427,117.0,3.9437999999999995,0.0,0.0,0.024189000000000002,3
org_cvs4f8cg,2025-07-30,compute,11.4971,122.0,3.1097,11.212,0.0,0.027264000000000004,3
org_cvs4f8cg,2025-07-30,database,17.188299999999998,264.0,0.0,0.0,0.0,0.0528,3
org_cvs4f8cg,2025-07-30,genai,16.0057,125.0,0.0,4.1553,3514.0,0.025831,3
org_cvs4f8cg,2025-07-30,networking,6.343299999999999,625.0,3.3818,0.0,0.0,0.125676,6
org_cvs4f8cg,2025-07-30,storage,8.2463,478.0,1.4557,0.0,0.0,0.095891,6
org_cvs4f8cg,2025-07-31,storage,8.691400000000002,452.0,0.0,6.651800000000001,0.0,0.09173100000000001,6
org_cvs4f8cg,2025-08-01,analytics,18.477800000000002,265.0,0.0,12.1499,0.0,0.05543,3
org_cvs4f8cg,2025-08-01,database,6.2759,133.0,4.297499999999999,0.0,0.0,0.027458999999999997,3
org_cvs4f8cg,2025-08-01,genai,26.0297,231.0,0.0,3.2049,1630.0,0.046840999999999994,3
org_cvs4f8cg,2025-08-01,networking,4.4984,488.0,0.0,16.39,0.0,0.100878,6
org_cvs4f8cg,2025-08-02,analytics,16.4034,221.0,0.0,15.9015,0.0,0.04738,3
org_cvs4f8cg,2025-08-02,compute,8.4505,105.0,3.0675,0.0,0.0,0.021614,3
org_cvs4f8cg,2025-08-02,genai,13.7839,108.0,0.7671,16.0531,3836.0,0.024964,3
org_cvs4f8cg,2025-08-03,analytics,10.542399999999999,104.0,2.5637,18.6789,0.0,0.025049,3
org_cvs4f8cg,2025-08-03,database,6.9516,127.0,0.0,0.0,0.0,0.0254,3
org_cvs4f8cg,2025-08-04,database,2.2425,0.0,0.0,42.794799999999995,0.0,0.008559,3
org_cvs4f8cg,2025-08-04,genai,24.7558,217.0,0.5019,0.0,2287.0,0.043500000000000004,3
org_cvs4f8cg,2025-08-04,networking,2.0770999999999997,134.0,0.0,2.204,0.0,0.027241,3
org_cvs4f8cg,2025-08-04,storage,3.1153999999999997,124.0,5.3175,10.01,0.0,0.027865,3
org_cvs4f8cg,2025-08-05,analytics,6.6324,92.0,0.0,11.318100000000001,0.0,0.020664,3
org_cvs4f8cg,2025-08-05,compute,11.798300000000001,118.0,0.0,15.4009,0.0,0.026681,3
org_cvs4f8cg,2025-08-05,genai,222.58630000000002,342.0,0.0,0.0,3459.0,0.0684,3
org_cvs4f8cg,2025-08-05,networking,0.0279,0.0,2.9436,0.0,0.0,5.89E-4,3
org_cvs4f8cg,2025-08-05,storage,2.8806000000000003,0.0,2.0318,6.683,0.0,0.0017430000000000002,3
org_cvs4f8cg,2025-08-06,compute,19.9712,232.0,2.2717,0.0,0.0,0.046854,3
org_cvs4f8cg,2025-08-06,genai,33.8978,249.0,0.0,3.1185,1483.0,0.050424,3
org_cvs4f8cg,2025-08-06,networking,1.4129999999999998,120.0,2.2656,9.4742,0.0,0.026348,3
org_cvs4f8cg,2025-08-06,storage,2.4295,126.0,0.0,10.2317,0.0,0.027246,3
org_cvs4f8cg,2025-08-07,analytics,1.5320999999999998,0.0,0.0,20.3629,0.0,0.004073,3
org_cvs4f8cg,2025-08-07,compute,0.872,0.0,4.2627,7.7143,0.0,0.002396,3
org_cvs4f8cg,2025-08-07,database,17.6753,365.0,0.0,0.0,0.0,0.073,3
org_cvs4f8cg,2025-08-07,storage,5.6834999999999996,246.0,0.4638,14.738,0.0,0.052241,6
org_cvs4f8cg,2025-08-08,compute,7.8089,109.0,0.3307,2.0248,0.0,0.022271,3
org_cvs4f8cg,2025-08-08,database,14.354800000000001,352.0,0.0,0.0,0.0,0.07039999999999999,3
org_cvs4f8cg,2025-08-08,genai,11.8973,119.0,2.3890000000000002,0.0,2300.0,0.024278000000000004,3
org_cvs4f8cg,2025-08-08,networking,1.1888,116.0,0.0,14.5067,0.0,0.026101,3
org_cvs4f8cg,2025-08-08,storage,3.0103,115.0,4.5847,25.721600000000002,0.0,0.029062,6
org_cvs4f8cg,2025-08-09,compute,2.8936,0.0,0.0,30.107300000000002,0.0,0.006021,3
org_cvs4f8cg,2025-08-09,database,10.788699999999999,245.0,0.0,0.0,0.0,0.049,2
org_cvs4f8cg,2025-08-09,genai,1.7178,0.0,2.7784,12.7104,2243.0,0.003098,3
org_cvs4f8cg,2025-08-09,networking,0.1799,0.0,0.0,16.9295,0.0,0.003386,3
org_cvs4f8cg,2025-08-10,analytics,23.9557,336.0,0.0,0.0,0.0,0.0672,3
org_cvs4f8cg,2025-08-10,compute,19.386699999999998,226.0,0.0,8.5722,0.0,0.046914000000000004,3
org_cvs4f8cg,2025-08-10,database,7.497,131.0,3.4096,19.2046,0.0,0.030723,3
org_cvs4f8cg,2025-08-10,genai,29.7215,241.0,0.0,0.0,2096.0,0.0482,3
org_cvs4f8cg,2025-08-10,networking,1.3716,125.0,5.0055,23.7611,0.0,0.030753,3
org_cvs4f8cg,2025-08-10,storage,1.9846000000000001,107.0,4.249499999999999,0.0,0.0,0.02225,3
org_cvs4f8cg,2025-08-11,analytics,9.725999999999999,111.0,1.5872000000000002,0.0,0.0,0.022518,3
org_cvs4f8cg,2025-08-11,compute,10.3065,115.0,1.4168,19.7187,0.0,0.027226999999999998,3
org_cvs4f8cg,2025-08-11,networking,0.33149999999999996,0.0,3.0345,34.4404,0.0,0.007495,6
org_cvs4f8cg,2025-08-11,storage,6.180899999999999,251.0,3.5667,0.0,0.0,0.050913,3
org_cvs4f8cg,2025-08-12,analytics,0.6379,0.0,3.1831,5.9102,0.0,0.001819,3
org_cvs4f8cg,2025-08-12,genai,28.365199999999998,236.0,0.0,3.6139,2629.0,0.04792300000000001,3
org_cvs4f8cg,2025-08-12,networking,1.3664,125.0,1.8747,7.2349,0.0,0.026822000000000002,3
org_cvs4f8cg,2025-08-12,storage,5.5335,279.0,0.0,26.3125,0.0,0.061063000000000006,3
org_cvs4f8cg,2025-08-13,compute,28.5839,364.0,0.0,0.0,0.0,0.0728,3
org_cvs4f8cg,2025-08-13,genai,16.023300000000003,127.0,2.66,0.0,2685.0,0.025932,3
org_cvs4f8cg,2025-08-13,networking,2.3951000000000002,238.0,0.0,18.1132,0.0,0.051223000000000005,3
org_cvs4f8cg,2025-08-13,storage,5.624,237.0,0.0,73.07300000000001,0.0,0.062015,6
org_cvs4f8cg,2025-08-14,analytics,0.2472,0.0,3.8514999999999997,0.0,0.0,7.700000000000001E-4,3
org_cvs4f8cg,2025-08-14,compute,23.4863,235.0,0.0,4.889,0.0,0.047978,3
org_cvs4f8cg,2025-08-14,genai,33.7802,239.0,0.0,9.1384,931.0,0.049628,3
org_cvs4f8cg,2025-08-14,networking,2.8991,325.0,2.6907,0.0,0.0,0.065538,6
org_cvs4f8cg,2025-08-14,storage,4.9379,232.0,0.0,10.0891,0.0,0.048418,3
org_cvs4f8cg,2025-08-15,analytics,20.6222,239.0,0.0,18.7484,0.0,0.05155,3
org_cvs4f8cg,2025-08-15,genai,30.564700000000002,246.0,1.0766,0.0,1472.0,0.049415,3
org_cvs4f8cg,2025-08-15,networking,0.3375,0.0,0.0,36.9784,0.0,0.007396,3
org_cvs4f8cg,2025-08-16,database,5.5611,130.0,3.6531,6.1473,0.0,0.02796,3
org_cvs4f8cg,2025-08-16,storage,9.7356,489.0,2.7119,17.4929,0.0,0.101841,6
org_cvs4f8cg,2025-08-17,analytics,10.0528,127.0,1.2722,21.879,0.0,0.030029999999999998,3
org_cvs4f8cg,2025-08-17,compute,7.8262,97.0,2.8118,0.0,0.0,0.019962,3
org_cvs4f8cg,2025-08-17,database,7.6484000000000005,126.0,3.0026,13.2332,0.0,0.028448,3
org_cvs4f8cg,2025-08-17,genai,15.4499,122.0,0.0,14.790899999999999,2056.0,0.027358,3
org_cvs4f8cg,2025-08-17,networking,4.836,376.0,1.3656,10.5558,0.0,0.077584,6
org_cvs4f8cg,2025-08-17,storage,7.1746,336.0,0.0,0.0,0.0,0.06720000000000001,3
org_cvs4f8cg,2025-08-18,compute,5.7375,112.0,1.7278,5.7409,0.0,0.023894,3
org_cvs4f8cg,2025-08-18,database,6.7838,0.0,1.3516,9.8261,0.0,0.002235,3
org_cvs4f8cg,2025-08-18,networking,2.8373999999999997,253.0,0.0,0.9487,0.0,0.05079,3
org_cvs4f8cg,2025-08-18,storage,0.371,0.0,2.8653,0.0,0.0,5.729999999999999E-4,3
org_cvs4f8cg,2025-08-19,database,12.2563,237.0,0.6436,0.0,0.0,0.047529,3
org_cvs4f8cg,2025-08-19,genai,16.2679,132.0,5.5428,0.0,2073.0,0.027508,3
org_cvs4f8cg,2025-08-19,networking,2.5069999999999997,245.0,0.6276,0.0,0.0,0.049126,3
org_cvs4f8cg,2025-08-19,storage,7.7571,368.0,3.8528000000000002,20.2649,0.0,0.078424,6
org_cvs4f8cg,2025-08-20,analytics,22.883599999999998,339.0,0.0,0.0,0.0,0.0678,3
org_cvs4f8cg,2025-08-20,compute,9.9322,128.0,4.5655,0.0,0.0,0.026513000000000002,3
org_cvs4f8cg,2025-08-20,database,6.6429,118.0,1.4858,16.4033,0.0,0.027177999999999997,3
org_cvs4f8cg,2025-08-20,genai,15.963000000000001,135.0,1.5717,18.1419,1756.0,0.030941999999999997,3
org_cvs4f8cg,2025-08-20,storage,2.3855,129.0,6.2219,0.0,0.0,0.027044000000000002,3
org_cvs4f8cg,2025-08-21,analytics,9.3103,122.0,0.0,27.3519,0.0,0.029871,3
org_cvs4f8cg,2025-08-21,networking,2.7046,251.0,3.1225,0.0,0.0,0.050824999999999995,3
org_cvs4f8cg,2025-08-21,storage,5.1158,225.0,6.182599999999999,0.0,0.0,0.04623700000000001,6
org_cvs4f8cg,2025-08-22,compute,8.7706,108.0,1.5775000000000001,0.0,0.0,0.021915000000000004,3
org_cvs4f8cg,2025-08-22,genai,25.0861,234.0,0.9862,0.0,3297.0,0.046997,3
org_cvs4f8cg,2025-08-22,networking,1.2343,124.0,0.0,4.0567,0.0,0.025611,3
org_cvs4f8cg,2025-08-23,analytics,20.091,242.0,0.0,12.712,0.0,0.050942,3
org_cvs4f8cg,2025-08-23,database,1.8376000000000001,0.0,2.4584,29.0473,0.0,0.006300999999999999,3
org_cvs4f8cg,2025-08-23,genai,1.0389,0.0,4.7538,4.2972,1970.0,0.0018089999999999998,3
org_cvs4f8cg,2025-08-23,networking,2.4232,135.0,2.0106,0.0,0.0,0.027402,3
org_cvs4f8cg,2025-08-23,storage,7.5593,344.0,2.5151,29.7989,0.0,0.075263,6
org_cvs4f8cg,2025-08-24,database,11.5623,275.0,5.2547,0.0,0.0,0.056051000000000004,3
org_cvs4f8cg,2025-08-24,networking,3.7721,346.0,5.5999,13.0404,0.0,0.07292799999999999,6
org_cvs4f8cg,2025-08-24,storage,5.7239,238.0,5.8144,13.0601,0.0,0.051375000000000004,6
org_cvs4f8cg,2025-08-25,analytics,18.3634,236.0,0.0,2.9633,0.0,0.047793,3
org_cvs4f8cg,2025-08-25,networking,4.9329,466.0,5.3759,0.0,0.0,0.09427500000000001,6
org_cvs4f8cg,2025-08-25,storage,5.2143,232.0,0.0,15.8764,0.0,0.049574999999999994,3
org_cvs4f8cg,2025-08-26,database,6.584499999999999,107.0,0.0,25.514699999999998,0.0,0.026503,3
org_cvs4f8cg,2025-08-26,networking,1.0979,125.0,1.3857,13.9527,0.0,0.028068000000000003,3
org_cvs4f8cg,2025-08-27,genai,35.182,263.0,0.0,11.0281,2862.0,0.054806,3
org_cvs4f8cg,2025-08-27,networking,4.8073,442.0,5.2806,0.0,0.0,0.08945700000000001,6
org_cvs4f8cg,2025-08-27,storage,0.4125,0.0,3.356,15.5081,0.0,0.003772,3
org_cvs4f8cg,2025-08-28,compute,19.438699999999997,222.0,1.6823,0.0,0.0,0.044736,3
org_cvs4f8cg,2025-08-28,database,8.1603,121.0,0.0,26.9636,0.0,0.029593,3
org_cvs4f8cg,2025-08-28,storage,4.145099999999999,207.0,4.656599999999999,6.2353,0.0,0.04357899999999999,6
org_cvs4f8cg,2025-08-29,compute,13.417399999999999,143.0,0.0,29.1523,0.0,0.03443,3
org_cvs4f8cg,2025-08-29,database,1.1581000000000001,0.0,3.5675999999999997,21.1236,0.0,0.004939,3
org_cvs4f8cg,2025-08-29,genai,25.988300000000002,240.0,0.0,10.5958,1694.0,0.050119,3
org_cvs4f8cg,2025-08-29,storage,4.2232,227.0,0.0656,21.3719,0.0,0.049686999999999995,6
org_cvs4f8cg,2025-08-30,analytics,15.1876,240.0,0.0,9.5421,0.0,0.049907999999999994,3
org_cvs4f8cg,2025-08-30,compute,0.7890999999999999,0.0,2.384,8.3432,0.0,0.002146,3
org_cvs4f8cg,2025-08-30,networking,2.9216,246.0,1.8828,45.5222,0.0,0.058682000000000005,6
org_cvs4f8cg,2025-08-30,storage,0.0872,0.0,1.8235,1.8863,0.0,7.42E-4,3
org_cvs4f8cg,2025-08-31,genai,17.4942,130.0,3.3356,0.0,1920.0,0.026667,3
org_cvs4f8cg,2025-08-31,networking,4.0236,382.0,0.0,0.0,0.0,0.07640000000000001,3
org_cvs4f8cg,2025-08-31,storage,5.3841,253.0,0.0,6.2843,0.0,0.051857,3
org_cwi64ciy,2025-07-03,compute,16.913600000000002,231.0,2.0093,1.322,0.0,0.0,6
org_cwi64ciy,2025-07-03,networking,2.5025,233.0,0.0,14.9758,0.0,0.0,3
org_cwi64ciy,2025-07-04,compute,12.7534,125.0,1.8784,0.0,0.0,0.0,3
org_cwi64ciy,2025-07-05,compute,37.349199999999996,450.0,0.0,24.6186,0.0,0.0,9
org_cwi64ciy,2025-07-05,networking,1.1026,117.0,3.2563,15.1028,0.0,0.0,3
org_cwi64ciy,2025-07-06,compute,38.822199999999995,460.0,0.4698,19.1537,0.0,0.0,6
org_cwi64ciy,2025-07-06,networking,0.1084,0.0,2.1103,8.5874,0.0,0.0,3
org_cwi64ciy,2025-07-07,compute,28.9987,347.0,4.8031,11.4353,0.0,0.0,6
org_cwi64ciy,2025-07-08,compute,40.667300000000004,478.0,2.8851999999999998,47.2361,0.0,0.0,9
org_cwi64ciy,2025-07-09,compute,28.548100000000005,331.0,0.8398,26.1939,0.0,0.0,9
org_cwi64ciy,2025-07-09,networking,1.3711,117.0,3.432,5.3355,0.0,0.0,3
org_cwi64ciy,2025-07-10,compute,36.0566,375.0,4.549,16.072,0.0,0.0,6
org_cwi64ciy,2025-07-10,networking,1.2244,108.0,0.0,15.7394,0.0,0.0,3
org_cwi64ciy,2025-07-11,compute,35.188199999999995,470.0,1.1457,33.189099999999996,0.0,0.0,9
org_cwi64ciy,2025-07-12,compute,23.3249,253.0,3.447,8.8284,0.0,0.0,6
org_cwi64ciy,2025-07-12,networking,2.9527999999999994,264.0,0.0,23.7686,0.0,0.0,3
org_cwi64ciy,2025-07-13,compute,32.523799999999994,390.0,1.785,60.945100000000004,0.0,0.0,9
org_cwi64ciy,2025-07-13,networking,1.3861,115.0,0.0,9.0342,0.0,0.0,3
org_cwi64ciy,2025-07-14,compute,35.000299999999996,345.0,6.6107,62.921800000000005,0.0,0.0,9
org_cwi64ciy,2025-07-15,compute,45.70870000000001,582.0,1.5235,45.8217,0.0,0.0,9
org_cwi64ciy,2025-07-16,compute,85.82030000000002,713.0,1.3286,15.078199999999999,0.0,0.0,12
org_cwi64ciy,2025-07-16,networking,2.2804,233.0,0.0,7.3626,0.0,0.0,3
org_cwi64ciy,2025-07-17,compute,45.3347,591.0,0.0,8.1046,0.0,0.0,6
org_cwi64ciy,2025-07-18,compute,22.5373,247.0,5.553599999999999,14.973700000000001,0.0,0.053505,6
org_cwi64ciy,2025-07-18,networking,0.3252,0.0,0.0,33.5661,0.0,0.006713,3
org_cwi64ciy,2025-07-19,compute,34.3591,386.0,5.9543,0.0,0.0,0.07839,6
org_cwi64ciy,2025-07-19,networking,2.6047000000000002,265.0,0.0,15.5403,0.0,0.056108,3
org_cwi64ciy,2025-07-20,compute,31.0687,352.0,11.1909,16.0613,0.0,0.075851,9
org_cwi64ciy,2025-07-20,networking,1.234,117.0,1.5092,0.0,0.0,0.023702,3
org_cwi64ciy,2025-07-21,compute,45.0103,495.0,3.7209000000000003,43.8992,0.0,0.10852400000000001,12
org_cwi64ciy,2025-07-22,compute,41.5859,491.0,4.1586,29.371499999999997,0.0,0.104906,9
org_cwi64ciy,2025-07-22,networking,3.1682999999999995,352.0,0.0,0.0,0.0,0.07039999999999999,3
org_cwi64ciy,2025-07-23,compute,42.07599999999999,580.0,5.1647,28.782600000000002,0.0,0.122789,9
org_cwi64ciy,2025-07-24,compute,53.834599999999995,585.0,1.5295,58.7286,0.0,0.129052,12
org_cwi64ciy,2025-07-25,compute,19.3393,244.0,0.0,0.3347,0.0,0.048867,3
org_cwi64ciy,2025-07-25,networking,3.8655,347.0,0.0,0.0,0.0,0.0694,3
org_cwi64ciy,2025-07-26,compute,48.1165,611.0,3.2552,17.162,0.0,0.12628299999999998,9
org_cwi64ciy,2025-07-27,compute,48.4169,629.0,13.2173,1.6348,0.0,0.12877,12
org_cwi64ciy,2025-07-27,networking,1.4629,110.0,0.0,20.1359,0.0,0.026026999999999998,3
org_cwi64ciy,2025-07-28,compute,19.5857,248.0,3.7885,6.9168,0.0,0.051741,6
org_cwi64ciy,2025-07-28,networking,0.23020000000000002,0.0,6.3479,19.6718,0.0,0.005203,3
org_cwi64ciy,2025-07-29,compute,33.9482,366.0,0.0,39.9345,0.0,0.08118600000000001,6
org_cwi64ciy,2025-07-29,networking,0.2576,0.0,0.0,27.191200000000002,0.0,0.005438,3
org_cwi64ciy,2025-07-30,compute,8.0209,105.0,0.0,3.3019,0.0,0.021660000000000002,3
org_cwi64ciy,2025-07-31,compute,29.1584,342.0,2.0392,40.769000000000005,0.0,0.076962,9
org_cwi64ciy,2025-08-01,compute,8.296100000000001,114.0,4.8873,13.8816,0.0,0.026553,3
org_cwi64ciy,2025-08-02,compute,9.6049,102.0,0.0,23.2454,0.0,0.025049000000000002,3
org_cwi64ciy,2025-08-02,networking,0.1492,0.0,6.8399,5.6554,0.0,0.002499,3
org_cwi64ciy,2025-08-03,compute,9.646799999999999,109.0,1.2416,11.0164,0.0,0.024251,3
org_cwi64ciy,2025-08-04,compute,59.082100000000004,613.0,3.1882,72.956,0.0,0.13782899999999998,12
org_cwi64ciy,2025-08-04,networking,3.5701,374.0,0.0,0.0,0.0,0.0748,3
org_cwi64ciy,2025-08-05,compute,35.5452,386.0,10.1685,57.417699999999996,0.0,0.09071699999999998,9
org_cwi64ciy,2025-08-06,compute,19.219399999999997,245.0,1.5535999999999999,9.4748,0.0,0.051205999999999995,6
org_cwi64ciy,2025-08-06,networking,1.3575,115.0,1.5063,7.8842,0.0,0.024877999999999997,3
org_cwi64ciy,2025-08-07,compute,15.7366,246.0,0.0,10.654499999999999,0.0,0.051331,6
org_cwi64ciy,2025-08-08,compute,22.061500000000002,255.0,1.8452000000000002,29.5961,0.0,0.05728799999999999,6
org_cwi64ciy,2025-08-09,compute,28.9015,352.0,3.6555999999999997,24.836100000000002,0.0,0.076098,9
org_cwi64ciy,2025-08-09,networking,3.5471000000000004,347.0,0.0,0.0,0.0,0.0694,3
org_cwi64ciy,2025-08-10,compute,242.60969999999998,958.0,1.4566,0.0,0.0,0.19189099999999998,9
org_cwi64ciy,2025-08-10,networking,2.3219000000000003,229.0,0.0,21.8134,0.0,0.050163,3
org_cwi64ciy,2025-08-11,compute,22.2257,254.0,0.0,28.8091,0.0,0.056562,5
org_cwi64ciy,2025-08-11,networking,1.5063,114.0,0.0,28.563000000000002,0.0,0.028513,3
org_cwi64ciy,2025-08-12,compute,32.085,344.0,5.8749,15.614899999999999,0.0,0.073098,9
org_cwi64ciy,2025-08-12,networking,2.6642,252.0,1.2136,0.0,0.0,0.050643,3
org_cwi64ciy,2025-08-13,compute,34.2206,445.0,1.5476,0.0,0.0,0.08931,6
org_cwi64ciy,2025-08-13,networking,1.107,124.0,6.4084,0.0,0.0,0.026081999999999998,3
org_cwi64ciy,2025-08-14,compute,50.300399999999996,615.0,0.2761,39.7561,0.0,0.131006,9
org_cwi64ciy,2025-08-14,networking,1.5328,123.0,0.0,13.9425,0.0,0.027389,3
org_cwi64ciy,2025-08-15,compute,30.393099999999997,373.0,0.0,26.880000000000003,0.0,0.079976,6
org_cwi64ciy,2025-08-15,networking,1.7109,121.0,0.0,32.5912,0.0,0.030718,3
org_cwi64ciy,2025-08-16,compute,50.8164,628.0,6.788600000000001,21.8919,0.0,0.131336,9
org_cwi64ciy,2025-08-16,networking,1.2611,126.0,4.2265,0.0,0.0,0.026045,3
org_cwi64ciy,2025-08-17,compute,69.2557,737.0,5.9052,48.549800000000005,0.0,0.15829100000000002,12
org_cwi64ciy,2025-08-18,compute,32.5553,386.0,2.9996,4.2,0.0,0.07863999999999999,6
org_cwi64ciy,2025-08-18,networking,2.8470000000000004,254.0,0.0,7.1908,0.0,0.052238,3
org_cwi64ciy,2025-08-19,compute,21.4256,240.0,4.3868,15.8429,0.0,0.052046,6
org_cwi64ciy,2025-08-20,compute,26.321599999999997,365.0,3.859,0.7822,0.0,0.073928,6
org_cwi64ciy,2025-08-20,networking,1.4058,123.0,0.874,3.9555,0.0,0.025566000000000002,3
org_cwi64ciy,2025-08-21,compute,18.3401,220.0,1.1666,12.735399999999998,0.0,0.04678,6
org_cwi64ciy,2025-08-22,compute,31.5928,346.0,4.0237,18.2635,0.0,0.073658,6
org_cwi64ciy,2025-08-22,networking,2.62,246.0,0.0,16.9516,0.0,0.05259,3
org_cwi64ciy,2025-08-23,compute,37.8607,350.0,7.7136,40.0406,0.0,0.079552,9
org_cwi64ciy,2025-08-23,networking,27.206300000000002,358.0,0.0,0.0,0.0,0.0716,3
org_cwi64ciy,2025-08-24,compute,42.4426,494.0,7.6612,23.065,0.0,0.10494600000000001,9
org_cwi64ciy,2025-08-24,networking,2.5258000000000003,230.0,0.0,18.0526,0.0,0.049611,3
org_cwi64ciy,2025-08-25,compute,39.2335,453.0,3.6025,68.3363,0.0,0.104988,12
org_cwi64ciy,2025-08-25,networking,1.1632,115.0,2.4124,9.072,0.0,0.025296,3
org_cwi64ciy,2025-08-26,compute,45.9128,618.0,0.0,3.352,0.0,0.12426999999999999,6
org_cwi64ciy,2025-08-26,networking,1.3576,137.0,1.4299,12.3033,0.0,0.030147000000000004,3
org_cwi64ciy,2025-08-27,compute,19.6708,254.0,2.1132999999999997,0.0,0.0,0.051223000000000005,6
org_cwi64ciy,2025-08-28,compute,43.238200000000006,360.0,0.0,17.024,0.0,0.075405,6
org_cwi64ciy,2025-08-28,networking,1.517,122.0,2.3485,24.0685,0.0,0.029684000000000002,3
org_cwi64ciy,2025-08-29,compute,48.371199999999995,468.0,5.3673,14.2834,0.0,0.09753,9
org_cwi64ciy,2025-08-29,networking,2.3539,233.0,0.0,0.0,0.0,0.0466,3
org_cwi64ciy,2025-08-30,compute,33.7299,341.0,3.6913,0.0,0.0,0.068938,6
org_cwi64ciy,2025-08-30,networking,1.2532999999999999,102.0,1.2569,6.6543,0.0,0.021982,3
org_cwi64ciy,2025-08-31,compute,45.7889,485.0,4.6454,51.90219999999999,0.0,0.10831000000000002,12
org_cwi64ciy,2025-08-31,networking,1.3756,124.0,0.4594,0.0,0.0,0.024891999999999997,3
org_d14ve92m,2025-07-03,compute,1.7107,0.0,5.4418,18.521,0.0,0.0,3
org_d14ve92m,2025-07-03,database,5.1251999999999995,111.0,0.7703,0.0,0.0,0.0,3
org_d14ve92m,2025-07-03,storage,6.5281,369.0,0.0,0.0,0.0,0.0,3
org_d14ve92m,2025-07-04,compute,24.3283,125.0,0.0,14.2605,0.0,0.0,3
org_d14ve92m,2025-07-04,database,2.3388,0.0,0.0,41.982,0.0,0.0,3
org_d14ve92m,2025-07-04,storage,7.2785,341.0,5.954400000000001,0.0,0.0,0.0,6
org_d14ve92m,2025-07-05,storage,0.6195,0.0,0.9306,26.7899,0.0,0.0,3
org_d14ve92m,2025-07-06,compute,25.8613,248.0,4.8803,17.4771,0.0,0.0,6
org_d14ve92m,2025-07-06,database,12.8159,248.0,2.1196,0.0,0.0,0.0,3
org_d14ve92m,2025-07-06,storage,0.7821,0.0,0.0,41.6027,0.0,0.0,3
org_d14ve92m,2025-07-07,analytics,10.1841,136.0,5.3674,0.0,0.0,0.0,3
org_d14ve92m,2025-07-07,compute,26.119799999999998,348.0,0.0,0.0,0.0,0.0,3
org_d14ve92m,2025-07-07,database,8.3627,118.0,3.1241,21.3024,0.0,0.0,3
org_d14ve92m,2025-07-07,storage,4.8386,243.0,2.7676,0.0,0.0,0.0,3
org_d14ve92m,2025-07-08,compute,28.5971,329.0,0.0,32.938500000000005,0.0,0.0,6
org_d14ve92m,2025-07-08,database,12.5824,232.0,0.6093,0.0,0.0,0.0,3
org_d14ve92m,2025-07-08,storage,0.399,0.0,2.0803,16.3748,0.0,0.0,3
org_d14ve92m,2025-07-09,compute,19.4944,248.0,0.0,0.0,0.0,0.0,3
org_d14ve92m,2025-07-09,database,18.6689,248.0,0.0,0.0,0.0,0.0,3
org_d14ve92m,2025-07-10,analytics,19.3607,239.0,0.0,22.0677,0.0,0.0,3
org_d14ve92m,2025-07-10,compute,26.362000000000002,371.0,0.0,0.0,0.0,0.0,3
org_d14ve92m,2025-07-10,database,7.953799999999999,116.0,1.5674,5.5704,0.0,0.0,3
org_d14ve92m,2025-07-10,storage,3.0044999999999997,109.0,0.0,43.5856,0.0,0.0,6
org_d14ve92m,2025-07-11,analytics,22.785500000000003,365.0,0.0,0.0,0.0,0.0,3
org_d14ve92m,2025-07-11,compute,9.6892,123.0,3.0766,9.5127,0.0,0.0,3
org_d14ve92m,2025-07-11,database,6.4666,125.0,4.7312,0.0,0.0,0.0,3
org_d14ve92m,2025-07-11,storage,3.245,124.0,0.0,35.037099999999995,0.0,0.0,3
org_d14ve92m,2025-07-12,compute,21.417800000000003,228.0,0.0,17.3925,0.0,0.0,5
org_d14ve92m,2025-07-12,database,0.5494,0.0,0.0,11.7726,0.0,0.0,3
org_d14ve92m,2025-07-13,analytics,10.808,140.0,1.4298,12.8969,0.0,0.0,3
org_d14ve92m,2025-07-13,compute,25.6569,250.0,0.0,0.0,0.0,0.0,3
org_d14ve92m,2025-07-13,database,5.2885,111.0,1.6945,15.5881,0.0,0.0,3
org_d14ve92m,2025-07-13,storage,9.9701,486.0,0.0,31.543300000000002,0.0,0.0,6
org_d14ve92m,2025-07-14,analytics,10.1805,122.0,3.2882,32.9781,0.0,0.0,3
org_d14ve92m,2025-07-14,compute,9.0909,137.0,3.8265,0.0,0.0,0.0,3
org_d14ve92m,2025-07-14,database,1.3928,0.0,1.0956,26.3577,0.0,0.0,3
org_d14ve92m,2025-07-14,storage,0.0863,0.0,3.6557,0.0,0.0,0.0,3
org_d14ve92m,2025-07-15,analytics,1.3058,0.0,3.1184,16.601,0.0,0.0,3
org_d14ve92m,2025-07-15,compute,43.0866,497.0,2.2935,16.909,0.0,0.0,6
org_d14ve92m,2025-07-15,database,12.8202,220.0,0.8781,0.0,0.0,0.0,3
org_d14ve92m,2025-07-15,storage,6.7647,338.0,0.0,0.0,0.0,0.0,3
org_d14ve92m,2025-07-16,compute,35.209500000000006,457.0,3.397,13.5005,0.0,0.0,6
org_d14ve92m,2025-07-17,analytics,7.5617,125.0,1.4042999999999999,0.0,0.0,0.0,3
org_d14ve92m,2025-07-17,database,6.6892,123.0,1.4991,5.8369,0.0,0.0,3
org_d14ve92m,2025-07-17,storage,6.69,253.0,0.0,37.8642,0.0,0.0,5
org_d14ve92m,2025-07-18,compute,20.6755,244.0,8.2765,0.0,0.0,0.050456,6
org_d14ve92m,2025-07-18,storage,3.6149999999999998,131.0,0.0,48.367900000000006,0.0,0.035874,3
org_d14ve92m,2025-07-19,analytics,7.3773,125.0,2.0889,1.9929,0.0,0.025817000000000003,3
org_d14ve92m,2025-07-19,compute,0.1478,0.0,0.0097,1.7227,0.0,3.47E-4,3
org_d14ve92m,2025-07-19,storage,5.063000000000001,269.0,4.709,0.4705,0.0,0.054835,6
org_d14ve92m,2025-07-20,analytics,181.7988,121.0,2.2938,5.622,0.0,0.025783,3
org_d14ve92m,2025-07-20,compute,10.1476,113.0,0.0,17.6904,0.0,0.026137999999999998,3
org_d14ve92m,2025-07-20,database,8.656300000000002,143.0,0.0,22.1286,0.0,0.033026,3
org_d14ve92m,2025-07-20,storage,8.1089,341.0,0.0,46.8747,0.0,0.077575,6
org_d14ve92m,2025-07-21,analytics,9.4236,121.0,5.1350999999999996,0.0,0.0,0.025227,3
org_d14ve92m,2025-07-21,compute,20.377200000000002,254.0,0.0,18.1602,0.0,0.054431999999999994,3
org_d14ve92m,2025-07-21,storage,6.7444,356.0,0.0,0.0,0.0,0.0712,3
org_d14ve92m,2025-07-22,analytics,12.090499999999999,138.0,2.7226,24.7351,0.0,0.033091999999999996,3
org_d14ve92m,2025-07-22,compute,30.902199999999997,400.0,4.585,4.4705,0.0,0.081811,6
org_d14ve92m,2025-07-22,database,13.0698,115.0,1.2083,0.0,0.0,0.023242,3
org_d14ve92m,2025-07-23,compute,18.662799999999997,250.0,2.5789,0.0,0.0,0.050516000000000005,3
org_d14ve92m,2025-07-23,database,12.444600000000001,242.0,0.7003,0.0,0.0,0.04854,3
org_d14ve92m,2025-07-23,storage,4.0325,209.0,0.7886,0.0,0.0,0.041957999999999995,3
org_d14ve92m,2025-07-24,database,5.5058,129.0,3.9389,6.1841,0.0,0.027825,3
org_d14ve92m,2025-07-24,storage,7.868,383.0,3.0272,21.1431,0.0,0.08143399999999999,6
org_d14ve92m,2025-07-25,analytics,23.1984,357.0,0.0,0.0,0.0,0.0714,3
org_d14ve92m,2025-07-25,compute,46.8283,584.0,0.0,11.6415,0.0,0.11912800000000001,6
org_d14ve92m,2025-07-25,storage,2.4688,129.0,2.0237,3.5187,0.0,0.026909,3
org_d14ve92m,2025-07-26,analytics,13.3936,139.0,1.6969,17.1855,0.0,0.031576,3
org_d14ve92m,2025-07-26,compute,19.8348,236.0,1.2724,19.015,0.0,0.051257000000000004,6
org_d14ve92m,2025-07-26,storage,10.211400000000001,500.0,0.8192,13.7563,0.0,0.102915,6
org_d14ve92m,2025-07-27,analytics,11.690199999999999,143.0,1.2418,3.0275,0.0,0.029454,3
org_d14ve92m,2025-07-27,compute,15.2887,142.0,0.0,38.8044,0.0,0.03616,6
org_d14ve92m,2025-07-27,database,13.2285,99.0,2.2616,0.0,0.0,0.020252000000000003,3
org_d14ve92m,2025-07-27,storage,2.6638,119.0,0.0,27.802599999999998,0.0,0.029360000000000004,3
org_d14ve92m,2025-07-28,compute,2.0483000000000002,0.0,1.8669,20.3019,0.0,0.004433,3
org_d14ve92m,2025-07-28,database,0.2403,0.0,4.7793,0.0,0.0,9.56E-4,3
org_d14ve92m,2025-07-28,storage,0.5632,0.0,0.0,28.3612,0.0,0.005672,3
org_d14ve92m,2025-07-29,analytics,10.594100000000001,122.0,2.8681,0.0,0.0,0.024974000000000003,3
org_d14ve92m,2025-07-29,compute,24.0663,257.0,4.8420000000000005,23.5668,0.0,0.05708100000000001,6
org_d14ve92m,2025-07-29,storage,0.122,0.0,6.4278,0.0,0.0,0.001286,3
org_d14ve92m,2025-07-30,analytics,15.9354,236.0,2.0022,0.0,0.0,0.0476,3
org_d14ve92m,2025-07-30,compute,9.1513,133.0,4.7909,0.0,0.0,0.027558,3
org_d14ve92m,2025-07-30,storage,2.3485,116.0,5.3396,0.0,0.0,0.024268,3
org_d14ve92m,2025-07-31,analytics,7.8613,114.0,1.9233,5.0583,0.0,0.024197,3
org_d14ve92m,2025-07-31,compute,21.8679,241.0,5.573,20.9667,0.0,0.05350800000000001,6
org_d14ve92m,2025-07-31,storage,4.7055,241.0,1.8708,10.894100000000002,0.0,0.050753,6
org_d14ve92m,2025-08-01,analytics,17.4521,254.0,0.0,0.0,0.0,0.0508,3
org_d14ve92m,2025-08-01,compute,9.3641,114.0,0.0,19.727899999999998,0.0,0.026746,3
org_d14ve92m,2025-08-01,database,14.702300000000001,238.0,0.0,12.5153,0.0,0.050102999999999995,3
org_d14ve92m,2025-08-01,storage,3.4034,141.0,3.7085,5.8714,0.0,0.030116,3
org_d14ve92m,2025-08-02,analytics,15.7338,238.0,2.9511,0.0,0.0,0.048190000000000004,3
org_d14ve92m,2025-08-02,storage,7.6286,235.0,0.0,0.0,0.0,0.047,3
org_d14ve92m,2025-08-03,analytics,16.9512,240.0,3.0588,0.0,0.0,0.048612,3
org_d14ve92m,2025-08-03,compute,29.744,346.0,2.6118,15.504999999999999,0.0,0.072823,6
org_d14ve92m,2025-08-03,storage,3.1317,129.0,0.0,26.955599999999997,0.0,0.031191,3
org_d14ve92m,2025-08-04,analytics,5.8828,112.0,1.6396,12.1235,0.0,0.025153000000000002,3
org_d14ve92m,2025-08-04,compute,45.7406,377.0,4.3702,7.2936,0.0,0.077733,6
org_d14ve92m,2025-08-04,database,12.8748,241.0,0.0,14.8093,0.0,0.051162,3
org_d14ve92m,2025-08-04,storage,0.7423000000000001,0.0,0.0,29.877200000000002,0.0,0.0059759999999999995,3
org_d14ve92m,2025-08-05,analytics,11.080000000000002,135.0,0.0,22.6458,0.0,0.031529,3
org_d14ve92m,2025-08-05,compute,11.639400000000002,129.0,2.1089,5.2228,0.0,0.027267,3
org_d14ve92m,2025-08-05,storage,9.0094,388.0,0.0,41.4317,0.0,0.085885,6
org_d14ve92m,2025-08-06,compute,19.790599999999998,243.0,0.0,17.2241,0.0,0.052044999999999994,3
org_d14ve92m,2025-08-06,storage,5.3476,230.0,0.0,13.7981,0.0,0.04876,3
org_d14ve92m,2025-08-07,compute,20.244,261.0,0.0,16.1061,0.0,0.055421,3
org_d14ve92m,2025-08-07,database,7.2138,125.0,3.1991,18.4759,0.0,0.029335,3
org_d14ve92m,2025-08-08,storage,3.1271,123.0,4.8194,30.730800000000002,0.0,0.03171,6
org_d14ve92m,2025-08-09,compute,37.156,487.0,0.1147,5.9361,0.0,0.09861,6
org_d14ve92m,2025-08-09,database,12.7799,242.0,0.0,0.0,0.0,0.0484,3
org_d14ve92m,2025-08-09,storage,6.8407,377.0,1.7525,7.4433,0.0,0.07723999999999999,6
org_d14ve92m,2025-08-10,compute,39.6776,460.0,0.0,14.9985,0.0,0.095,6
org_d14ve92m,2025-08-10,database,6.1184,0.0,0.0,24.1422,0.0,0.004828,3
org_d14ve92m,2025-08-10,storage,6.7935,333.0,2.7603,18.401600000000002,0.0,0.070832,6
org_d14ve92m,2025-08-11,compute,52.808899999999994,635.0,4.4032,0.0,0.0,0.127881,6
org_d14ve92m,2025-08-11,database,6.0531,120.0,0.913,0.0,0.0,0.024183,3
org_d14ve92m,2025-08-11,storage,0.8861,0.0,0.0,43.5235,0.0,0.008705000000000001,3
org_d14ve92m,2025-08-12,database,13.02,249.0,0.0,0.0,0.0,0.0498,3
org_d14ve92m,2025-08-12,storage,2.3168,111.0,1.306,19.0864,0.0,0.026278000000000003,3
org_d14ve92m,2025-08-13,compute,8.1457,116.0,0.0,21.2314,0.0,0.027445999999999998,3
org_d14ve92m,2025-08-13,database,13.4538,249.0,0.0,5.2883,0.0,0.050858,3
org_d14ve92m,2025-08-13,storage,1.9769,125.0,0.817,0.0,0.0,0.025163,3
org_d14ve92m,2025-08-14,analytics,20.939799999999998,237.0,2.8175,0.0,0.0,0.047963,3
org_d14ve92m,2025-08-14,database,10.9531,245.0,0.0,0.0,0.0,0.049,3
org_d14ve92m,2025-08-15,analytics,8.0599,120.0,3.6204,0.0,0.0,0.024724,3
org_d14ve92m,2025-08-15,compute,1.9512,0.0,0.0,21.5,0.0,0.0043,3
org_d14ve92m,2025-08-15,storage,4.3339,217.0,0.0,11.2225,0.0,0.045644000000000004,3
org_d14ve92m,2025-08-16,analytics,15.6423,238.0,3.1992,0.0,0.0,0.048240000000000005,3
org_d14ve92m,2025-08-16,storage,8.0726,360.0,0.0,20.0605,0.0,0.076012,6
org_d14ve92m,2025-08-17,analytics,0.4031,0.0,5.1571,0.0,0.0,0.001032,3
org_d14ve92m,2025-08-17,compute,25.924,352.0,0.0,0.0,0.0,0.0704,3
org_d14ve92m,2025-08-17,database,5.876399999999999,101.0,0.6472,5.7359,0.0,0.021476,3
org_d14ve92m,2025-08-17,storage,3.4357,125.0,2.3702,0.0,0.0,0.025474,2
org_d14ve92m,2025-08-18,analytics,9.4037,114.0,3.1364,14.7083,0.0,0.026369,3
org_d14ve92m,2025-08-18,compute,32.6879,399.0,3.0078,27.1126,0.0,0.085825,6
org_d14ve92m,2025-08-18,database,16.342100000000002,234.0,0.0,0.0,0.0,0.0468,3
org_d14ve92m,2025-08-18,storage,4.8664000000000005,245.0,0.0,17.008,0.0,0.052402,3
org_d14ve92m,2025-08-19,compute,13.1635,111.0,7.689300000000001,14.3754,0.0,0.026612999999999998,6
org_d14ve92m,2025-08-20,analytics,8.2136,122.0,0.7983,0.0,0.0,0.024560000000000002,3
org_d14ve92m,2025-08-20,compute,11.6991,105.0,0.6159,12.3076,0.0,0.023585000000000002,3
org_d14ve92m,2025-08-20,database,13.8583,247.0,2.2687,0.0,0.0,0.049853999999999996,3
org_d14ve92m,2025-08-20,storage,3.0364,108.0,0.3614,71.3944,0.0,0.035951,6
org_d14ve92m,2025-08-21,compute,12.144799999999998,133.0,2.6012,23.0067,0.0,0.031722,6
org_d14ve92m,2025-08-21,database,1.2439,0.0,1.2175,22.768099999999997,0.0,0.004798,3
org_d14ve92m,2025-08-21,storage,3.3617,131.0,2.2709,15.2269,0.0,0.029699,3
org_d14ve92m,2025-08-22,analytics,7.9937000000000005,124.0,2.4288,7.2904,0.0,0.026744,3
org_d14ve92m,2025-08-22,compute,24.6561,230.0,3.3342,33.858900000000006,0.0,0.053439,6
org_d14ve92m,2025-08-22,database,12.3675,236.0,0.0,0.0,0.0,0.0472,3
org_d14ve92m,2025-08-22,storage,7.4918,355.0,1.7723999999999998,8.5891,0.0,0.073072,6
org_d14ve92m,2025-08-23,analytics,2.308,0.0,0.0,42.59,0.0,0.008518000000000001,3
org_d14ve92m,2025-08-23,compute,28.8529,366.0,0.0,0.0,0.0,0.0732,3
org_d14ve92m,2025-08-23,storage,3.4148000000000005,130.0,4.7682,35.1199,0.0,0.033978,6
org_d14ve92m,2025-08-24,compute,11.5327,125.0,0.0,7.2947,0.0,0.026459,3
org_d14ve92m,2025-08-24,storage,8.3988,385.0,1.3474,16.3831,0.0,0.080546,6
org_d14ve92m,2025-08-25,compute,31.750300000000003,355.0,0.0,0.0,0.0,0.07100000000000001,3
org_d14ve92m,2025-08-25,database,16.9352,362.0,0.0,0.0,0.0,0.0724,3
org_d14ve92m,2025-08-25,storage,2.9295,109.0,0.2832,17.9662,0.0,0.02545,3
org_d14ve92m,2025-08-26,analytics,17.1027,231.0,4.985,0.0,0.0,0.047197,3
org_d14ve92m,2025-08-26,compute,1.1417,0.0,0.0,14.877500000000001,0.0,0.0029749999999999998,3
org_d14ve92m,2025-08-26,storage,6.1033,341.0,0.0,0.0,0.0,0.06820000000000001,3
org_d14ve92m,2025-08-27,analytics,18.2068,234.0,3.8364,0.0,0.0,0.047567,3
org_d14ve92m,2025-08-27,compute,26.944,242.0,1.6359,32.146,0.0,0.055157000000000005,6
org_d14ve92m,2025-08-27,database,7.2422,125.0,0.033,7.1993,0.0,0.026447000000000002,3
org_d14ve92m,2025-08-27,storage,6.6385000000000005,255.0,6.7097,19.3627,0.0,0.056215,6
org_d14ve92m,2025-08-28,analytics,0.6449,0.0,5.055,3.4274,0.0,0.001696,3
org_d14ve92m,2025-08-28,compute,41.8505,492.0,0.0,24.061799999999998,0.0,0.103212,6
org_d14ve92m,2025-08-28,database,6.238200000000001,97.0,0.0,15.933399999999999,0.0,0.022586000000000002,3
org_d14ve92m,2025-08-28,storage,4.5158000000000005,233.0,0.0,0.0,0.0,0.0466,3
org_d14ve92m,2025-08-29,database,0.38160000000000005,0.0,2.4189,5.0474,0.0,0.001493,3
org_d14ve92m,2025-08-29,storage,6.991300000000001,355.0,2.5959,16.1166,0.0,0.074742,5
org_d14ve92m,2025-08-30,analytics,8.604000000000001,118.0,0.0,4.148,0.0,0.02443,3
org_d14ve92m,2025-08-30,compute,8.3296,107.0,1.4163,22.495,0.0,0.026182,3
org_d14ve92m,2025-08-30,storage,0.1905,0.0,1.3821999999999999,8.848,0.0,0.002046,3
org_d14ve92m,2025-08-31,compute,19.7272,247.0,0.0,17.1619,0.0,0.052832000000000004,3
org_d14ve92m,2025-08-31,database,11.1541,206.0,0.9625,0.0,0.0,0.041393,3
org_d14ve92m,2025-08-31,storage,0.6950999999999999,0.0,0.0,34.015600000000006,0.0,0.006803,3
org_dbdw2pcn,2025-07-03,database,20.463,383.0,0.0,8.9954,0.0,0.0,6
org_dbdw2pcn,2025-07-04,database,9.1282,120.0,0.0,32.8976,0.0,0.0,3
org_dbdw2pcn,2025-07-05,compute,10.5084,110.0,0.0,9.6857,0.0,0.0,3
org_dbdw2pcn,2025-07-05,database,20.5993,367.0,3.8934,0.0,0.0,0.0,6
org_dbdw2pcn,2025-07-05,networking,1.806,125.0,5.2198,9.4856,0.0,0.0,3
org_dbdw2pcn,2025-07-06,compute,26.692,299.0,0.0,12.1104,0.0,0.0,6
org_dbdw2pcn,2025-07-06,database,15.593800000000002,328.0,1.7011,17.7421,0.0,0.0,6
org_dbdw2pcn,2025-07-06,networking,0.32330000000000003,0.0,2.921,30.1575,0.0,0.0,3
org_dbdw2pcn,2025-07-07,compute,18.896500000000003,267.0,2.3009,0.0,0.0,0.0,3
org_dbdw2pcn,2025-07-07,database,1.7028999999999999,0.0,0.6657,32.3497,0.0,0.0,3
org_dbdw2pcn,2025-07-07,networking,2.6985,240.0,0.0,24.3758,0.0,0.0,3
org_dbdw2pcn,2025-07-08,compute,20.500899999999998,251.0,0.0,9.2031,0.0,0.0,3
org_dbdw2pcn,2025-07-08,database,6.836600000000001,110.0,1.7488,22.6439,0.0,0.0,3
org_dbdw2pcn,2025-07-08,networking,1.3052,116.0,0.0,21.8701,0.0,0.0,3
org_dbdw2pcn,2025-07-09,compute,20.7514,257.0,0.0,32.3252,0.0,0.0,6
org_dbdw2pcn,2025-07-09,database,10.7993,232.0,1.6257,0.0,0.0,0.0,3
org_dbdw2pcn,2025-07-09,networking,1.5492,135.0,4.384,0.0,0.0,0.0,3
org_dbdw2pcn,2025-07-10,compute,21.7875,277.0,0.6167,0.0,0.0,0.0,3
org_dbdw2pcn,2025-07-10,database,11.9865,216.0,0.0,19.7976,0.0,0.0,3
org_dbdw2pcn,2025-07-10,networking,0.2637,0.0,4.3988,17.5931,0.0,0.0,3
org_dbdw2pcn,2025-07-11,compute,19.1478,226.0,0.799,0.0,0.0,0.0,3
org_dbdw2pcn,2025-07-11,database,17.7013,357.0,5.1251,5.2298,0.0,0.0,6
org_dbdw2pcn,2025-07-11,networking,0.9433,102.0,1.7229,0.0,0.0,0.0,3
org_dbdw2pcn,2025-07-12,compute,1.6501000000000001,0.0,5.2365,16.5836,0.0,0.0,3
org_dbdw2pcn,2025-07-12,database,16.915300000000002,352.0,0.0,0.0,0.0,0.0,3
org_dbdw2pcn,2025-07-12,networking,1.6244,205.0,0.0,5.4353,0.0,0.0,3
org_dbdw2pcn,2025-07-13,compute,39.8767,459.0,0.0,22.4593,0.0,0.0,6
org_dbdw2pcn,2025-07-13,database,8.9409,134.0,3.7603,19.4392,0.0,0.0,3
org_dbdw2pcn,2025-07-13,networking,0.0663,0.0,3.0772,3.9613,0.0,0.0,3
org_dbdw2pcn,2025-07-14,compute,21.7431,245.0,2.8453,0.0,0.0,0.0,3
org_dbdw2pcn,2025-07-14,database,8.613199999999999,146.0,0.4339,24.376,0.0,0.0,3
org_dbdw2pcn,2025-07-15,database,23.3432,410.0,0.0,29.9268,0.0,0.0,6
org_dbdw2pcn,2025-07-16,database,7.9274,142.0,1.5998,0.0,0.0,0.0,2
org_dbdw2pcn,2025-07-17,compute,40.768,582.0,0.2627,0.0,0.0,0.0,6
org_dbdw2pcn,2025-07-17,database,0.6545,0.0,6.999600000000001,5.9795,0.0,0.0,3
org_dbdw2pcn,2025-07-18,compute,21.891099999999998,241.0,1.4055,0.0,0.0,0.048480999999999996,3
org_dbdw2pcn,2025-07-18,database,107.67859999999999,383.0,8.130700000000001,22.2502,0.0,0.082677,6
org_dbdw2pcn,2025-07-19,compute,22.9281,259.0,0.0,24.7675,0.0,0.056753,3
org_dbdw2pcn,2025-07-19,database,7.8870000000000005,135.0,0.0,19.674599999999998,0.0,0.030935,3
org_dbdw2pcn,2025-07-19,networking,2.9101999999999997,261.0,0.0,18.2993,0.0,0.05586,3
org_dbdw2pcn,2025-07-20,compute,33.3106,438.0,3.5853,0.0,0.0,0.088317,6
org_dbdw2pcn,2025-07-20,database,8.0028,134.0,0.9459,24.2347,0.0,0.031836,6
org_dbdw2pcn,2025-07-21,compute,36.4789,477.0,1.4491,6.2813,0.0,0.096946,6
org_dbdw2pcn,2025-07-22,compute,26.497999999999998,265.0,3.2649,59.252599999999994,0.0,0.065503,6
org_dbdw2pcn,2025-07-22,database,11.078100000000001,126.0,2.069,44.0126,0.0,0.034415999999999995,6
org_dbdw2pcn,2025-07-22,networking,1.1607,133.0,6.0446,0.0,0.0,0.027808999999999997,3
org_dbdw2pcn,2025-07-23,compute,20.568800000000003,238.0,2.3076,2.2899,0.0,0.04852,6
org_dbdw2pcn,2025-07-23,database,23.6076,490.0,0.0,6.8448,0.0,0.099369,6
org_dbdw2pcn,2025-07-23,networking,2.3693,242.0,0.0,7.1256,0.0,0.049825,3
org_dbdw2pcn,2025-07-24,database,12.5962,225.0,1.7613,31.245,0.0,0.051602,6
org_dbdw2pcn,2025-07-24,networking,0.1844,0.0,0.0,19.6872,0.0,0.003938,3
org_dbdw2pcn,2025-07-25,database,7.211099999999999,123.0,3.6814999999999998,26.5064,0.0,0.030638000000000002,6
org_dbdw2pcn,2025-07-26,compute,13.338799999999999,121.0,7.8566,12.8433,0.0,0.028340999999999998,6
org_dbdw2pcn,2025-07-26,database,6.2359,120.0,9.3633,11.8838,0.0,0.028249,6
org_dbdw2pcn,2025-07-27,compute,17.314700000000002,238.0,4.5117,0.0,0.0,0.048502,3
org_dbdw2pcn,2025-07-27,database,9.1786,127.0,3.1543,27.3184,0.0,0.031494999999999995,6
org_dbdw2pcn,2025-07-28,compute,1.6739,0.0,2.6915,20.073999999999998,0.0,0.004553,3
org_dbdw2pcn,2025-07-28,database,5.0390999999999995,107.0,5.246,0.0,0.0,0.022449,3
org_dbdw2pcn,2025-07-28,networking,2.4167,229.0,0.0,12.4576,0.0,0.048292,3
org_dbdw2pcn,2025-07-29,compute,9.9499,117.0,0.0,12.865300000000001,0.0,0.025974,3
org_dbdw2pcn,2025-07-29,database,9.1919,118.0,6.2728,37.0225,0.0,0.03226,6
org_dbdw2pcn,2025-07-30,compute,0.6708000000000001,0.0,8.1326,0.0,0.0,0.001627,3
org_dbdw2pcn,2025-07-30,database,13.1826,245.0,2.1508,34.0444,0.0,0.056239,6
org_dbdw2pcn,2025-07-31,database,11.322700000000001,264.0,0.0,10.5796,0.0,0.054916,3
org_dbdw2pcn,2025-08-01,compute,10.611,120.0,0.7054,16.2379,0.0,0.027389,3
org_dbdw2pcn,2025-08-01,database,7.656899999999999,111.0,0.0,37.3989,0.0,0.02968,6
org_dbdw2pcn,2025-08-02,compute,20.5646,218.0,4.5307,20.953000000000003,0.0,0.048697000000000004,6
org_dbdw2pcn,2025-08-02,database,7.3809000000000005,132.0,3.339,0.0,0.0,0.027068,3
org_dbdw2pcn,2025-08-03,compute,29.609699999999997,371.0,0.045,8.4774,0.0,0.075904,6
org_dbdw2pcn,2025-08-03,networking,2.1503,232.0,0.7146,0.0,0.0,0.046542999999999994,3
org_dbdw2pcn,2025-08-04,compute,48.3495,615.0,1.6704,0.0,0.0,0.123334,6
org_dbdw2pcn,2025-08-04,database,2.1393999999999997,0.0,1.7547,39.1689,0.0,0.008185,3
org_dbdw2pcn,2025-08-04,networking,2.3368,254.0,1.274,0.0,0.0,0.051054999999999996,3
org_dbdw2pcn,2025-08-05,database,10.0477,252.0,2.124,0.0,0.0,0.050825,3
org_dbdw2pcn,2025-08-05,networking,0.5899000000000001,0.0,0.0,49.8675,0.0,0.009973,3
org_dbdw2pcn,2025-08-06,compute,11.7819,111.0,1.4524,43.935500000000005,0.0,0.031277,6
org_dbdw2pcn,2025-08-06,database,13.456000000000001,257.0,1.3465,0.0,0.0,0.051669,3
org_dbdw2pcn,2025-08-07,compute,16.843899999999998,205.0,0.3695,0.0,0.0,0.041074,3
org_dbdw2pcn,2025-08-07,database,24.508200000000002,401.0,0.0,0.0,0.0,0.08020000000000001,3
org_dbdw2pcn,2025-08-08,database,8.4625,133.0,0.9392,13.5506,0.0,0.029498,3
org_dbdw2pcn,2025-08-08,networking,3.5268,337.0,0.0,0.0,0.0,0.0674,3
org_dbdw2pcn,2025-08-09,database,25.555899999999998,468.0,2.3938,9.0842,0.0,0.095896,6
org_dbdw2pcn,2025-08-09,networking,0.0656,0.0,0.1537,7.5642000000000005,0.0,0.001544,3
org_dbdw2pcn,2025-08-10,compute,21.2853,264.0,0.0,0.0,0.0,0.0528,3
org_dbdw2pcn,2025-08-10,database,1.1303999999999998,0.0,1.1604,16.1639,0.0,0.003465,3
org_dbdw2pcn,2025-08-10,networking,2.4069000000000003,228.0,0.0,7.1047,0.0,0.047021,3
org_dbdw2pcn,2025-08-11,compute,9.7217,117.0,2.0942,0.0,0.0,0.023819,3
org_dbdw2pcn,2025-08-11,networking,1.07,116.0,0.0,14.9114,0.0,0.026182,3
org_dbdw2pcn,2025-08-12,database,11.0245,270.0,0.0,0.0,0.0,0.054,3
org_dbdw2pcn,2025-08-13,database,6.1357,123.0,1.3864,8.6968,0.0,0.026616,3
org_dbdw2pcn,2025-08-13,networking,2.5488,235.0,2.7127,0.0,0.0,0.047543,3
org_dbdw2pcn,2025-08-14,compute,9.075899999999999,113.0,5.145099999999999,0.0,0.0,0.023628999999999997,3
org_dbdw2pcn,2025-08-14,database,7.557099999999999,120.0,7.2019,16.2091,0.0,0.028683,6
org_dbdw2pcn,2025-08-15,compute,14.759400000000001,141.0,2.8495,4.3461,0.0,0.029639,3
org_dbdw2pcn,2025-08-15,database,0.7613000000000001,0.0,0.8551,13.8889,0.0,0.0029490000000000002,3
org_dbdw2pcn,2025-08-15,networking,0.18839999999999998,0.0,0.0,18.7137,0.0,0.003742,3
org_dbdw2pcn,2025-08-16,database,9.4485,143.0,0.623,14.3288,0.0,0.031591,3
org_dbdw2pcn,2025-08-16,networking,0.2071,0.0,3.4715,17.2809,0.0,0.00415,3
org_dbdw2pcn,2025-08-17,compute,12.9788,141.0,0.0,25.487000000000002,0.0,0.033298,3
org_dbdw2pcn,2025-08-17,database,10.4243,235.0,0.0,3.3197,0.0,0.047664,3
org_dbdw2pcn,2025-08-17,networking,1.4824,115.0,1.7263,1.8734,0.0,0.023719999999999998,3
org_dbdw2pcn,2025-08-18,database,1.1623999999999999,0.0,4.1788,18.0317,0.0,0.004442,3
org_dbdw2pcn,2025-08-18,networking,1.7535999999999998,133.0,1.3187,11.3966,0.0,0.029143,3
org_dbdw2pcn,2025-08-19,compute,19.3799,247.0,1.5017999999999998,13.7315,0.0,0.052447,6
org_dbdw2pcn,2025-08-19,database,11.4808,134.0,6.9763,24.3363,0.0,0.033063,6
org_dbdw2pcn,2025-08-20,compute,23.023600000000002,257.0,0.0,14.0241,0.0,0.054205,3
org_dbdw2pcn,2025-08-20,database,22.3445,393.0,0.0,49.156000000000006,0.0,0.088431,6
org_dbdw2pcn,2025-08-20,networking,1.3557,131.0,2.3431,19.4616,0.0,0.030561,3
org_dbdw2pcn,2025-08-21,compute,36.5653,448.0,6.1129,0.0,0.0,0.09082300000000001,6
org_dbdw2pcn,2025-08-21,database,11.749,239.0,0.0,0.0,0.0,0.047799999999999995,3
org_dbdw2pcn,2025-08-22,compute,13.5053,128.0,0.0,23.4313,0.0,0.030286,3
org_dbdw2pcn,2025-08-22,database,6.8676,128.0,0.0,15.7123,0.0,0.028742,3
org_dbdw2pcn,2025-08-22,networking,0.046200000000000005,0.0,5.1235,0.0,0.0,0.001025,3
org_dbdw2pcn,2025-08-23,compute,31.067300000000003,342.0,0.0,0.0,0.0,0.06839999999999999,3
org_dbdw2pcn,2025-08-23,database,5.1633000000000004,126.0,0.0,11.9344,0.0,0.027587,2
org_dbdw2pcn,2025-08-23,networking,3.2493,397.0,0.0,0.0,0.0,0.0794,3
org_dbdw2pcn,2025-08-24,compute,27.3649,242.0,2.5468,15.084,0.0,0.051926,6
org_dbdw2pcn,2025-08-24,database,6.6833,111.0,0.0,7.2642,0.0,0.023653,3
org_dbdw2pcn,2025-08-24,networking,0.2749,0.0,1.333,23.7277,0.0,0.005013,3
org_dbdw2pcn,2025-08-25,compute,10.2004,103.0,3.0087,21.1119,0.0,0.025424000000000002,3
org_dbdw2pcn,2025-08-25,database,6.4627,121.0,2.0649,23.0382,0.0,0.029221,3
org_dbdw2pcn,2025-08-26,compute,26.448099999999997,375.0,0.0,0.0,0.0,0.075,3
org_dbdw2pcn,2025-08-26,networking,0.05550000000000001,0.0,6.2936,0.0,0.0,0.00126,3
org_dbdw2pcn,2025-08-28,compute,10.3216,111.0,1.7834,14.9193,0.0,0.025541,3
org_dbdw2pcn,2025-08-28,database,20.0995,365.0,2.3056,11.0183,0.0,0.075665,6
org_dbdw2pcn,2025-08-28,networking,0.2944,0.0,0.0,29.0616,0.0,0.005812,3
org_dbdw2pcn,2025-08-29,compute,27.067300000000003,373.0,0.0,0.0,0.0,0.0746,3
org_dbdw2pcn,2025-08-29,database,15.0326,352.0,0.0,0.0,0.0,0.07039999999999999,3
org_dbdw2pcn,2025-08-30,compute,11.834,104.0,5.5565,12.0043,0.0,0.024312,3
org_dbdw2pcn,2025-08-30,database,26.2454,496.0,0.0,24.3121,0.0,0.10406299999999999,6
org_dbdw2pcn,2025-08-30,networking,1.3654,113.0,2.3768,3.4422,0.0,0.023763,3
org_dbdw2pcn,2025-08-31,compute,41.324,488.0,5.0476,12.2577,0.0,0.101062,6
org_dhylurtp,2025-07-03,compute,29.954300000000003,390.0,3.4728,17.0398,0.0,0.0,6
org_dhylurtp,2025-07-03,networking,2.7546,243.0,0.0,24.3326,0.0,0.0,3
org_dhylurtp,2025-07-03,storage,10.8293,484.0,2.3251,35.277699999999996,0.0,0.0,9
org_dhylurtp,2025-07-04,compute,0.4618,0.0,5.33,0.0,0.0,0.0,3
org_dhylurtp,2025-07-04,database,5.787,116.0,2.3376,0.0,0.0,0.0,3
org_dhylurtp,2025-07-04,networking,0.0632,0.0,6.8565000000000005,0.0,0.0,0.0,3
org_dhylurtp,2025-07-04,storage,5.7244,244.0,7.6682,0.0,0.0,0.0,6
org_dhylurtp,2025-07-05,compute,20.0019,226.0,1.8186,0.0,0.0,0.0,3
org_dhylurtp,2025-07-05,database,17.8848,357.0,2.5598,15.6091,0.0,0.0,6
org_dhylurtp,2025-07-05,networking,1.2323,120.0,0.0,21.8429,0.0,0.0,3
org_dhylurtp,2025-07-05,storage,16.9172,831.0,2.0098,22.3707,0.0,0.0,12
org_dhylurtp,2025-07-06,compute,13.022100000000002,120.0,0.0,32.2286,0.0,0.0,3
org_dhylurtp,2025-07-06,database,14.1564,258.0,1.3348,0.0,0.0,0.0,3
org_dhylurtp,2025-07-06,storage,4.711,194.0,3.0472,1.8829,0.0,0.0,6
org_dhylurtp,2025-07-07,database,16.485300000000002,355.0,2.9781,0.1647,0.0,0.0,6
org_dhylurtp,2025-07-07,networking,3.4267000000000003,342.0,0.0,0.0,0.0,0.0,3
org_dhylurtp,2025-07-07,storage,11.0505,493.0,9.3642,18.3052,0.0,0.0,12
org_dhylurtp,2025-07-08,compute,30.054899999999996,382.0,0.0,0.0,0.0,0.0,3
org_dhylurtp,2025-07-08,database,10.896700000000001,241.0,5.3063,28.2369,0.0,0.0,6
org_dhylurtp,2025-07-08,networking,1.2257,111.0,0.1827,7.7652,0.0,0.0,3
org_dhylurtp,2025-07-08,storage,10.0398,444.0,3.6637,0.0,0.0,0.0,6
org_dhylurtp,2025-07-09,compute,20.5839,241.0,0.0,16.6359,0.0,0.0,3
org_dhylurtp,2025-07-09,database,6.3139,128.0,0.0,17.9425,0.0,0.0,3
org_dhylurtp,2025-07-09,storage,11.9654,489.0,9.7288,23.5462,0.0,0.0,12
org_dhylurtp,2025-07-10,compute,10.0745,140.0,0.0523,0.0,0.0,0.0,3
org_dhylurtp,2025-07-10,storage,10.6207,624.0,1.5822,35.0725,0.0,0.0,9
org_dhylurtp,2025-07-11,compute,1.2868000000000002,0.0,3.4095,15.2802,0.0,0.0,3
org_dhylurtp,2025-07-11,database,6.554,121.0,0.0,4.5991,0.0,0.0,3
org_dhylurtp,2025-07-11,storage,11.4956,497.0,3.3141,48.3902,0.0,0.0,9
org_dhylurtp,2025-07-12,compute,9.3278,100.0,1.4123,18.5178,0.0,0.0,5
org_dhylurtp,2025-07-12,storage,13.3564,606.0,10.639,2.8458,0.0,0.0,9
org_dhylurtp,2025-07-13,compute,15.816500000000001,226.0,0.7253,0.0,0.0,0.0,3
org_dhylurtp,2025-07-13,database,0.4728,0.0,4.0402000000000005,4.7363,0.0,0.0,3
org_dhylurtp,2025-07-13,storage,3.8158000000000003,113.0,9.013,64.0407,0.0,0.0,9
org_dhylurtp,2025-07-14,compute,2.8155,0.0,0.0,32.281400000000005,0.0,0.0,3
org_dhylurtp,2025-07-14,database,18.136400000000002,372.0,3.8648999999999996,0.7091,0.0,0.0,6
org_dhylurtp,2025-07-14,networking,0.176,0.0,0.0,21.3376,0.0,0.0,3
org_dhylurtp,2025-07-14,storage,16.757800000000003,840.0,0.0,14.834399999999999,0.0,0.0,9
org_dhylurtp,2025-07-15,compute,38.4826,478.0,0.0,10.4806,0.0,0.0,6
org_dhylurtp,2025-07-15,networking,1.205,126.0,2.7618,0.0,0.0,0.0,3
org_dhylurtp,2025-07-15,storage,4.4305,236.0,3.4367,10.9815,0.0,0.0,6
org_dhylurtp,2025-07-16,compute,29.135399999999997,377.0,0.0,19.8435,0.0,0.0,6
org_dhylurtp,2025-07-16,networking,2.5263999999999998,231.0,0.8171,0.0,0.0,0.0,3
org_dhylurtp,2025-07-16,storage,10.3945,464.0,2.3579,11.5404,0.0,0.0,6
org_dhylurtp,2025-07-17,compute,32.657000000000004,128.0,6.6512,37.9555,0.0,0.0,6
org_dhylurtp,2025-07-17,database,10.784,246.0,0.0,8.4684,0.0,0.0,3
org_dhylurtp,2025-07-17,networking,3.2614,378.0,0.0,0.0,0.0,0.0,3
org_dhylurtp,2025-07-17,storage,6.1492,233.0,9.6216,39.2719,0.0,0.0,9
org_dhylurtp,2025-07-18,compute,11.5656,119.0,0.0,24.1373,0.0,0.028628,3
org_dhylurtp,2025-07-18,database,16.2687,365.0,0.0,17.3831,0.0,0.07647699999999999,6
org_dhylurtp,2025-07-18,storage,10.408900000000001,470.0,1.3792,42.7081,0.0,0.10281799999999999,9
org_dhylurtp,2025-07-19,database,1.154,0.0,2.9335,24.8897,0.0,0.0055650000000000005,3
org_dhylurtp,2025-07-19,networking,1.2195,111.0,2.0698,10.2622,0.0,0.024666,3
org_dhylurtp,2025-07-19,storage,12.3341,520.0,3.753,45.473200000000006,0.0,0.113846,12
org_dhylurtp,2025-07-20,compute,33.604800000000004,491.0,1.5159,7.0103,0.0,0.099905,6
org_dhylurtp,2025-07-20,database,16.0,248.0,0.0,22.0835,0.0,0.054016999999999996,3
org_dhylurtp,2025-07-20,networking,1.3539,117.0,0.0,11.4248,0.0,0.025685,3
org_dhylurtp,2025-07-20,storage,4.6416,252.0,2.8774,0.0,0.0,0.050975,3
org_dhylurtp,2025-07-21,compute,9.0479,115.0,2.308,0.0,0.0,0.023462,3
org_dhylurtp,2025-07-21,database,19.379600000000003,363.0,1.1043,33.093,0.0,0.079439,6
org_dhylurtp,2025-07-21,storage,17.2407,840.0,3.3708,31.3172,0.0,0.174937,12
org_dhylurtp,2025-07-22,compute,38.86450000000001,502.0,0.0,16.7847,0.0,0.10375699999999999,6
org_dhylurtp,2025-07-22,database,16.0681,256.0,0.0,37.1742,0.0,0.058635,6
org_dhylurtp,2025-07-22,networking,1.1480000000000001,128.0,1.0054,0.0,0.0,0.025801,3
org_dhylurtp,2025-07-22,storage,12.7889,600.0,2.7341,20.9464,0.0,0.124737,9
org_dhylurtp,2025-07-23,compute,1.6541,0.0,6.1676,11.8141,0.0,0.003597,3
org_dhylurtp,2025-07-23,database,8.320400000000001,127.0,3.4422,11.020100000000001,0.0,0.028291999999999998,6
org_dhylurtp,2025-07-23,storage,11.516000000000002,603.0,3.5334000000000003,16.3833,0.0,0.124584,9
org_dhylurtp,2025-07-24,compute,19.036900000000003,230.0,1.2843,0.0,0.0,0.046257,3
org_dhylurtp,2025-07-24,database,5.862,124.0,1.1852,0.0,0.0,0.025037,3
org_dhylurtp,2025-07-24,networking,2.7764999999999995,248.0,0.0,13.0035,0.0,0.052201,3
org_dhylurtp,2025-07-24,storage,3.2572,126.0,4.5795,6.1262,0.0,0.027341,3
org_dhylurtp,2025-07-25,compute,38.769999999999996,368.0,3.3768,20.4471,0.0,0.078364,6
org_dhylurtp,2025-07-25,database,0.6353,0.0,2.0038,9.3801,0.0,0.002277,3
org_dhylurtp,2025-07-25,storage,12.5583,506.0,5.7808,0.0,0.0,0.102356,6
org_dhylurtp,2025-07-26,compute,22.740399999999998,237.0,2.8412,35.26,0.0,0.05502,6
org_dhylurtp,2025-07-26,database,7.3626,105.0,0.0,27.100499999999997,0.0,0.026420000000000003,3
org_dhylurtp,2025-07-26,storage,8.1273,360.0,0.0,55.0265,0.0,0.083006,6
org_dhylurtp,2025-07-27,compute,0.8160000000000001,0.0,1.8441,9.3449,0.0,0.002238,2
org_dhylurtp,2025-07-27,database,5.7842,115.0,3.2958,0.0,0.0,0.023659,3
org_dhylurtp,2025-07-27,storage,2.7801000000000005,118.0,0.0,13.9627,0.0,0.026393,3
org_dhylurtp,2025-07-28,compute,24.323500000000003,244.0,2.1349,36.6991,0.0,0.056567,6
org_dhylurtp,2025-07-28,database,8.4052,115.0,5.0876,6.9394,0.0,0.025406,3
org_dhylurtp,2025-07-28,networking,2.5834,237.0,3.4784,0.0,0.0,0.048096,3
org_dhylurtp,2025-07-28,storage,14.3639,731.0,1.5648,57.7089,0.0,0.158056,12
org_dhylurtp,2025-07-29,compute,44.994400000000006,562.0,0.0,0.0,0.0,0.1124,6
org_dhylurtp,2025-07-29,database,0.7473000000000001,0.0,4.1381,10.9334,0.0,0.0030150000000000003,2
org_dhylurtp,2025-07-29,storage,7.791,365.0,14.821099999999998,13.622800000000002,0.0,0.07869000000000001,12
org_dhylurtp,2025-07-30,compute,27.9649,364.0,2.5798,5.2668,0.0,0.07436899999999999,6
org_dhylurtp,2025-07-30,storage,12.8461,523.0,5.0198,103.5224,0.0,0.126309,12
org_dhylurtp,2025-07-31,database,18.5904,353.0,1.465,8.1384,0.0,0.072521,6
org_dhylurtp,2025-07-31,networking,1.3271,122.0,2.5378,0.0,0.0,0.024908000000000003,3
org_dhylurtp,2025-07-31,storage,5.568099999999999,248.0,3.7016,15.894,0.0,0.05352,6
org_dhylurtp,2025-08-01,compute,0.5652,0.0,3.3211,4.2731,0.0,0.001519,3
org_dhylurtp,2025-08-01,database,6.7951,118.0,2.5903,0.0,0.0,0.024118,2
org_dhylurtp,2025-08-01,networking,0.1567,0.0,4.6846,10.5917,0.0,0.0030550000000000004,3
org_dhylurtp,2025-08-01,storage,5.658300000000001,245.0,1.7566,20.9257,0.0,0.05353599999999999,6
org_dhylurtp,2025-08-02,compute,37.1055,333.0,5.5046,8.8682,0.0,0.069475,6
org_dhylurtp,2025-08-02,database,9.875499999999999,253.0,1.2693,18.4465,0.0,0.054543,6
org_dhylurtp,2025-08-02,networking,2.5768999999999997,128.0,0.0,16.6991,0.0,0.02894,3
org_dhylurtp,2025-08-02,storage,2.5707999999999998,103.0,10.0579,12.4756,0.0,0.025107,6
org_dhylurtp,2025-08-03,database,19.419800000000002,358.0,4.519,14.7407,0.0,0.07545199999999999,6
org_dhylurtp,2025-08-03,networking,3.5366,337.0,0.0,0.0,0.0,0.0674,3
org_dhylurtp,2025-08-03,storage,8.5362,385.0,0.0,0.0,0.0,0.077,3
org_dhylurtp,2025-08-04,compute,41.4702,469.0,1.8826,19.2047,0.0,0.098018,6
org_dhylurtp,2025-08-04,database,23.322199999999995,447.0,2.5164,16.2815,0.0,0.093159,6
org_dhylurtp,2025-08-04,storage,14.244499999999999,670.0,9.0365,20.584699999999998,0.0,0.139924,12
org_dhylurtp,2025-08-05,compute,31.118000000000002,381.0,0.0,0.0,0.0,0.07619999999999999,3
org_dhylurtp,2025-08-05,database,5.1434999999999995,122.0,0.2309,16.2096,0.0,0.027688000000000004,3
org_dhylurtp,2025-08-05,networking,1.4719,134.0,1.4465,0.0,0.0,0.027089000000000002,3
org_dhylurtp,2025-08-05,storage,7.3302,380.0,0.0,15.264499999999998,0.0,0.079053,6
org_dhylurtp,2025-08-06,database,6.6891,144.0,0.0,6.8621,0.0,0.030171999999999997,3
org_dhylurtp,2025-08-06,networking,1.2729,112.0,3.8836,0.0,0.0,0.023176000000000002,3
org_dhylurtp,2025-08-06,storage,10.4857,478.0,2.6524,49.34049999999999,0.0,0.10599800000000001,9
org_dhylurtp,2025-08-07,compute,8.6194,114.0,3.3308,0.0,0.0,0.023466,3
org_dhylurtp,2025-08-07,database,6.9714,122.0,0.0,0.0,0.0,0.0244,3
org_dhylurtp,2025-08-07,networking,3.1079,369.0,0.0,0.0,0.0,0.0738,3
org_dhylurtp,2025-08-07,storage,7.8897,375.0,3.5801999999999996,0.0,0.0,0.075716,6
org_dhylurtp,2025-08-08,database,8.979199999999999,135.0,5.5563,35.915,0.0,0.035296,6
org_dhylurtp,2025-08-08,storage,11.631599999999999,609.0,0.0,35.9827,0.0,0.128997,9
org_dhylurtp,2025-08-09,compute,13.9603,231.0,0.0,0.1548,0.0,0.046230999999999994,3
org_dhylurtp,2025-08-09,database,6.2985999999999995,0.0,0.0,18.775199999999998,0.0,0.0037549999999999997,3
org_dhylurtp,2025-08-09,storage,10.527299999999999,465.0,3.8348,38.242200000000004,0.0,0.101415,9
org_dhylurtp,2025-08-10,compute,18.5859,233.0,0.2009,0.0,0.0,0.04664,3
org_dhylurtp,2025-08-10,database,8.4193,118.0,0.0,32.5314,0.0,0.030106,3
org_dhylurtp,2025-08-10,storage,8.9818,388.0,3.982,70.2213,0.0,0.09244000000000001,9
org_dhylurtp,2025-08-11,compute,49.1721,634.0,0.0,16.5091,0.0,0.130102,6
org_dhylurtp,2025-08-11,database,10.0817,227.0,3.0908,0.0,0.0,0.046018,3
org_dhylurtp,2025-08-11,networking,1.5975,126.0,0.8074,9.0149,0.0,0.027164,3
org_dhylurtp,2025-08-11,storage,18.233600000000003,817.0,3.4211,17.4956,0.0,0.16758299999999998,9
org_dhylurtp,2025-08-12,compute,23.7808,252.0,0.0,7.35,0.0,0.05187,3
org_dhylurtp,2025-08-12,database,6.9488,120.0,5.943899999999999,0.0,0.0,0.025189,3
org_dhylurtp,2025-08-12,storage,16.9282,779.0,8.469,21.5704,0.0,0.161808,12
org_dhylurtp,2025-08-13,compute,21.667900000000003,269.0,0.0,0.0,0.0,0.0538,2
org_dhylurtp,2025-08-13,database,23.492200000000004,455.0,2.5589,20.1217,0.0,0.095536,6
org_dhylurtp,2025-08-13,storage,9.8694,393.0,1.2843,32.7136,0.0,0.085399,6
org_dhylurtp,2025-08-14,compute,2.2223,0.0,2.196,23.9656,0.0,0.0052320000000000005,3
org_dhylurtp,2025-08-14,networking,4.1064,373.0,0.0,0.0,0.0,0.0746,3
org_dhylurtp,2025-08-14,storage,4.721100000000001,253.0,0.8804,11.555499999999999,0.0,0.053086999999999995,6
org_dhylurtp,2025-08-15,compute,26.078300000000002,365.0,0.0,23.0956,0.0,0.077619,6
org_dhylurtp,2025-08-15,database,15.9674,352.0,2.7999,12.1905,0.0,0.073398,6
org_dhylurtp,2025-08-15,networking,1.2676,119.0,0.0,7.4881,0.0,0.025298,3
org_dhylurtp,2025-08-16,compute,13.8122,114.0,0.1927,26.5521,0.0,0.028149,3
org_dhylurtp,2025-08-16,database,14.744800000000001,238.0,0.0,38.480199999999996,0.0,0.055295000000000004,6
org_dhylurtp,2025-08-16,networking,2.3163,252.0,0.0,0.0,0.0,0.0504,3
org_dhylurtp,2025-08-16,storage,9.493300000000001,485.0,3.6778,20.783,0.0,0.101893,9
org_dhylurtp,2025-08-17,compute,42.9684,490.0,1.6409,9.6455,0.0,0.100257,6
org_dhylurtp,2025-08-17,database,5.6613999999999995,119.0,1.5635,0.0,0.0,0.024113000000000002,3
org_dhylurtp,2025-08-17,networking,0.0867,0.0,2.6823,5.622,0.0,0.00166,3
org_dhylurtp,2025-08-17,storage,4.628,120.0,8.7987,59.8724,0.0,0.037735000000000005,9
org_dhylurtp,2025-08-18,compute,24.273,259.0,0.0,16.8584,0.0,0.055172,3
org_dhylurtp,2025-08-18,database,6.2515,118.0,0.0,0.0,0.0,0.0236,3
org_dhylurtp,2025-08-18,networking,1.1183,115.0,1.2453,2.8731,0.0,0.023823999999999998,3
org_dhylurtp,2025-08-18,storage,4.4542,240.0,0.0,0.0,0.0,0.048,3
org_dhylurtp,2025-08-19,compute,19.7963,239.0,2.6790000000000003,9.9353,0.0,0.05032299999999999,6
org_dhylurtp,2025-08-19,storage,9.7677,456.0,0.0,24.1859,0.0,0.096038,9
org_dhylurtp,2025-08-20,compute,2.9034,0.0,0.0,28.6147,0.0,0.005723,3
org_dhylurtp,2025-08-20,storage,5.0306,223.0,0.2756,0.0,0.0,0.044655,3
org_dhylurtp,2025-08-21,compute,31.531399999999994,128.0,0.0,17.992800000000003,0.0,0.029198,3
org_dhylurtp,2025-08-21,database,29.1351,456.0,1.4082,18.128,0.0,0.095108,6
org_dhylurtp,2025-08-21,networking,1.9969999999999999,248.0,3.0447,0.0,0.0,0.050209000000000004,3
org_dhylurtp,2025-08-21,storage,16.8668,832.0,5.6838999999999995,8.8808,0.0,0.169314,12
org_dhylurtp,2025-08-22,compute,17.6963,239.0,0.0,12.8187,0.0,0.050364,3
org_dhylurtp,2025-08-22,database,0.4846,0.0,0.0,10.7089,0.0,0.002142,3
org_dhylurtp,2025-08-22,networking,1.6412999999999998,106.0,0.0,31.7826,0.0,0.027556999999999998,3
org_dhylurtp,2025-08-22,storage,12.2214,616.0,6.065899999999999,10.2321,0.0,0.12645900000000002,9
org_dhylurtp,2025-08-23,compute,15.0382,127.0,1.6571,21.5539,0.0,0.030042,3
org_dhylurtp,2025-08-23,database,22.9036,476.0,1.2656,0.0,0.0,0.09545300000000001,5
org_dhylurtp,2025-08-23,networking,1.783,228.0,0.0,19.4973,0.0,0.049499,3
org_dhylurtp,2025-08-23,storage,10.0032,486.0,3.6697999999999995,13.6445,0.0,0.100663,9
org_dhylurtp,2025-08-24,compute,18.9036,219.0,0.0,0.0,0.0,0.043800000000000006,3
org_dhylurtp,2025-08-24,storage,15.333300000000001,714.0,6.1008,13.3201,0.0,0.146684,9
org_dhylurtp,2025-08-25,compute,9.7509,111.0,0.9352,11.2733,0.0,0.024642,3
org_dhylurtp,2025-08-25,storage,5.8621,243.0,0.0,21.9155,0.0,0.052983,3
org_dhylurtp,2025-08-26,compute,28.900599999999997,370.0,4.3784,17.8678,0.0,0.07845,6
org_dhylurtp,2025-08-26,database,14.9496,247.0,2.105,17.2375,0.0,0.053269000000000004,4
org_dhylurtp,2025-08-26,networking,2.2285000000000004,250.0,0.0,11.0309,0.0,0.052206,3
org_dhylurtp,2025-08-26,storage,7.6723,236.0,1.7071,18.0739,0.0,0.05115599999999999,6
org_dhylurtp,2025-08-27,compute,17.7836,227.0,0.0,3.4223,0.0,0.046084,3
org_dhylurtp,2025-08-27,database,25.6857,488.0,0.0,6.2801,0.0,0.098856,5
org_dhylurtp,2025-08-27,storage,17.696599999999997,726.0,9.2943,8.2849,0.0,0.14871499999999999,12
org_dhylurtp,2025-08-28,compute,10.6886,89.0,1.4026,41.8642,0.0,0.026454000000000002,6
org_dhylurtp,2025-08-28,database,0.4343,0.0,3.8103,6.4785,0.0,0.002058,3
org_dhylurtp,2025-08-28,storage,6.0205,240.0,3.9909,0.0,0.0,0.048797999999999994,3
org_dhylurtp,2025-08-29,compute,35.064,364.0,1.3868,17.9077,0.0,0.076659,6
org_dhylurtp,2025-08-29,database,5.3363,108.0,2.9569,3.2853,0.0,0.022848000000000004,3
org_dhylurtp,2025-08-29,networking,1.0037,115.0,2.9729,10.1911,0.0,0.025633,3
org_dhylurtp,2025-08-29,storage,4.1785,128.0,11.506200000000002,42.992000000000004,0.0,0.036499000000000004,9
org_dhylurtp,2025-08-30,compute,24.6407,244.0,1.277,32.868700000000004,0.0,0.055629,6
org_dhylurtp,2025-08-30,database,13.4175,254.0,3.0078,0.0,0.0,0.051401999999999996,3
org_dhylurtp,2025-08-30,storage,13.108799999999999,528.0,0.0,12.5797,0.0,0.108116,6
org_dhylurtp,2025-08-31,compute,27.044600000000003,347.0,1.7003,5.6485,0.0,0.07087,6
org_dhylurtp,2025-08-31,networking,2.4709,250.0,0.0,16.5554,0.0,0.053311,3
org_dhylurtp,2025-08-31,storage,13.183800000000002,623.0,0.0,29.9862,0.0,0.130597,6
org_dppq0y9d,2025-07-03,compute,57.610600000000005,601.0,3.14,19.598,0.0,0.0,9
org_dppq0y9d,2025-07-03,genai,31.624200000000002,243.0,0.9044,0.0,0.0,0.0,6
org_dppq0y9d,2025-07-04,compute,10.0931,116.0,1.46,7.8667,0.0,0.0,3
org_dppq0y9d,2025-07-04,genai,3.0383,0.0,2.7879,25.8699,0.0,0.0,3
org_dppq0y9d,2025-07-05,compute,39.759,520.0,3.8297,30.5738,0.0,0.0,9
org_dppq0y9d,2025-07-05,genai,16.6415,109.0,5.0668,17.5163,0.0,0.0,5
org_dppq0y9d,2025-07-06,compute,28.689,335.0,0.0,27.9208,0.0,0.0,6
org_dppq0y9d,2025-07-06,genai,16.2682,122.0,1.0229,0.0,0.0,0.0,3
org_dppq0y9d,2025-07-07,compute,2.2260999999999997,0.0,2.7196,26.2549,0.0,0.0,3
org_dppq0y9d,2025-07-07,genai,39.3666,299.0,4.8194,18.1078,0.0,0.0,6
org_dppq0y9d,2025-07-08,compute,31.153499999999998,351.0,3.3651,23.7971,0.0,0.0,8
org_dppq0y9d,2025-07-08,genai,29.0538,248.0,0.0,13.3956,0.0,0.0,3
org_dppq0y9d,2025-07-09,compute,2.6502,0.0,8.1186,26.4324,0.0,0.0,6
org_dppq0y9d,2025-07-09,genai,2.5019,0.0,1.5265,20.718600000000002,0.0,0.0,3
org_dppq0y9d,2025-07-10,compute,26.2457,216.0,0.0,0.0,0.0,0.0,3
org_dppq0y9d,2025-07-10,genai,51.0334,392.0,3.0174,6.2828,0.0,0.0,6
org_dppq0y9d,2025-07-11,compute,21.6828,232.0,0.0,26.097499999999997,0.0,0.0,6
org_dppq0y9d,2025-07-11,genai,30.942,255.0,2.1752000000000002,34.1425,0.0,0.0,6
org_dppq0y9d,2025-07-12,compute,19.468600000000002,233.0,0.0,11.3527,0.0,0.0,3
org_dppq0y9d,2025-07-12,genai,3.1202000000000005,0.0,5.0181,23.114800000000002,0.0,0.0,3
org_dppq0y9d,2025-07-13,compute,20.9329,274.0,5.5509,17.55,0.0,0.0,6
org_dppq0y9d,2025-07-13,genai,18.1862,110.0,4.5393,33.3324,0.0,0.0,6
org_dppq0y9d,2025-07-14,compute,10.4464,113.0,3.3565,0.0,0.0,0.0,3
org_dppq0y9d,2025-07-14,genai,32.972699999999996,234.0,3.547,38.8098,0.0,0.0,6
org_dppq0y9d,2025-07-15,compute,43.9727,498.0,0.0,20.1841,0.0,0.0,6
org_dppq0y9d,2025-07-15,genai,38.9825,353.0,0.0,0.0,0.0,0.0,3
org_dppq0y9d,2025-07-16,compute,33.585100000000004,363.0,0.3982,0.0,0.0,0.0,6
org_dppq0y9d,2025-07-17,compute,10.293700000000001,122.0,0.0,26.357,0.0,0.0,6
org_dppq0y9d,2025-07-17,genai,14.921599999999998,119.0,3.4701,0.0,0.0,0.0,3
org_dppq0y9d,2025-07-18,compute,50.1593,601.0,5.4534,3.6499,0.0,0.12202,9
org_dppq0y9d,2025-07-18,genai,48.4475,352.0,4.4401,10.5883,5533.0,0.073406,6
org_dppq0y9d,2025-07-19,compute,33.3993,346.0,3.6177,15.2441,0.0,0.07297300000000001,9
org_dppq0y9d,2025-07-19,genai,5.6655,0.0,3.5691,18.0208,1909.0,0.004318,3
org_dppq0y9d,2025-07-20,compute,62.6047,742.0,4.6214,9.3311,0.0,0.151191,9
org_dppq0y9d,2025-07-20,genai,28.3539,242.0,4.3152,24.9932,4411.0,0.054261,6
org_dppq0y9d,2025-07-21,compute,28.491600000000002,351.0,0.0,0.0,0.0,0.0702,3
org_dppq0y9d,2025-07-21,genai,27.4375,259.0,0.0,11.0329,3059.0,0.054007,3
org_dppq0y9d,2025-07-22,compute,30.910300000000003,357.0,2.3462,10.2118,0.0,0.07391099999999999,6
org_dppq0y9d,2025-07-22,genai,7.501799999999999,0.0,5.5471,40.000099999999996,5359.0,0.00911,6
org_dppq0y9d,2025-07-23,compute,14.1062,133.0,9.1219,35.9542,0.0,0.035614,6
org_dppq0y9d,2025-07-23,genai,12.3317,113.0,0.0,14.731300000000001,4164.0,0.025547,3
org_dppq0y9d,2025-07-24,compute,16.1909,246.0,1.0641,0.0,0.0,0.049413,3
org_dppq0y9d,2025-07-24,genai,15.265,115.0,0.0,22.1971,1900.0,0.027438999999999998,3
org_dppq0y9d,2025-07-25,compute,24.8753,238.0,0.0,16.3946,0.0,0.050879,3
org_dppq0y9d,2025-07-25,genai,37.563700000000004,231.0,3.1159,44.3391,5603.0,0.05569,6
org_dppq0y9d,2025-07-26,compute,41.4055,559.0,0.0,23.0161,0.0,0.11640400000000001,9
org_dppq0y9d,2025-07-26,genai,45.8562,360.0,0.0,0.0,3226.0,0.07200000000000001,3
org_dppq0y9d,2025-07-27,compute,25.564,376.0,4.0972,2.3012,0.0,0.076479,6
org_dppq0y9d,2025-07-27,genai,33.384299999999996,224.0,2.7254,0.0,2192.0,0.045344999999999996,3
org_dppq0y9d,2025-07-28,compute,19.1337,221.0,3.8271,0.0,0.0,0.044965000000000005,3
org_dppq0y9d,2025-07-29,compute,43.5158,463.0,2.2414,4.687,0.0,0.093985,6
org_dppq0y9d,2025-07-29,genai,32.0075,255.0,0.0,0.0,1991.0,0.051000000000000004,3
org_dppq0y9d,2025-07-30,compute,18.5766,212.0,0.0884,31.4093,0.0,0.04870000000000001,9
org_dppq0y9d,2025-07-31,compute,29.5159,246.0,5.5462,11.8072,0.0,0.052669999999999995,9
org_dppq0y9d,2025-07-31,genai,13.702,106.0,3.2651,0.0,2200.0,0.021853,3
org_dppq0y9d,2025-08-01,compute,37.7778,385.0,5.7039,0.0,0.0,0.078141,6
org_dppq0y9d,2025-08-01,genai,74.1487,560.0,0.0,11.5434,3966.0,0.114309,6
org_dppq0y9d,2025-08-02,genai,50.988600000000005,247.0,0.4548,25.6583,3952.0,0.054623000000000005,6
org_dppq0y9d,2025-08-03,compute,45.69820000000001,581.0,0.0,0.0,0.0,0.1162,6
org_dppq0y9d,2025-08-03,genai,46.3263,391.0,0.0,0.0,2585.0,0.07819999999999999,3
org_dppq0y9d,2025-08-04,compute,22.6943,232.0,2.4534,35.436800000000005,0.0,0.053979,6
org_dppq0y9d,2025-08-04,genai,15.0325,109.0,3.1734,0.0,1426.0,0.022435,3
org_dppq0y9d,2025-08-05,compute,2.3282000000000003,0.0,1.2711999999999999,20.7454,0.0,0.004403,3
org_dppq0y9d,2025-08-05,genai,14.0295,99.0,0.0,12.7287,1511.0,0.022346,3
org_dppq0y9d,2025-08-06,compute,12.1602,131.0,1.665,5.2768,0.0,0.027588,3
org_dppq0y9d,2025-08-06,genai,14.8975,105.0,1.8708,13.0866,2700.0,0.023991000000000002,3
org_dppq0y9d,2025-08-07,compute,45.1618,590.0,2.7102000000000004,19.0443,0.0,0.12235099999999999,9
org_dppq0y9d,2025-08-08,compute,13.5442,134.0,2.8581,34.1352,0.0,0.034199,6
org_dppq0y9d,2025-08-08,genai,42.4336,253.0,0.0,0.0,2516.0,0.0506,3
org_dppq0y9d,2025-08-09,compute,32.7573,352.0,3.0309,5.1409,0.0,0.072034,9
org_dppq0y9d,2025-08-09,genai,33.041199999999996,257.0,3.216,0.0,2930.0,0.052043,3
org_dppq0y9d,2025-08-10,compute,10.9164,122.0,3.5777,4.8166,0.0,0.026079,3
org_dppq0y9d,2025-08-11,compute,47.6925,502.0,3.2737,16.6023,0.0,0.104376,9
org_dppq0y9d,2025-08-11,genai,2.7686999999999995,0.0,0.4562,24.4916,3444.0,0.004989,3
org_dppq0y9d,2025-08-12,compute,30.3174,338.0,4.6749,18.5592,0.0,0.07224699999999999,6
org_dppq0y9d,2025-08-12,genai,13.1083,121.0,0.309,0.0,731.0,0.024262,3
org_dppq0y9d,2025-08-13,compute,25.5975,223.0,1.797,33.5831,0.0,0.051676,6
org_dppq0y9d,2025-08-13,genai,41.7915,337.0,0.0,0.0,1502.0,0.0674,3
org_dppq0y9d,2025-08-14,compute,40.3301,377.0,0.0,18.837600000000002,0.0,0.07916799999999999,6
org_dppq0y9d,2025-08-14,genai,15.5687,135.0,1.2782,9.5419,2938.0,0.029164,3
org_dppq0y9d,2025-08-15,compute,10.4036,108.0,4.3908,26.734399999999997,0.0,0.027824,6
org_dppq0y9d,2025-08-15,genai,57.82750000000001,370.0,0.0,26.1992,3445.0,0.07923999999999999,6
org_dppq0y9d,2025-08-16,compute,23.1253,255.0,0.0,18.5473,0.0,0.054708999999999994,3
org_dppq0y9d,2025-08-17,compute,17.8526,250.0,0.0,12.5106,0.0,0.05250200000000001,3
org_dppq0y9d,2025-08-17,genai,15.8285,128.0,9.081,0.0,1930.0,0.027416000000000003,3
org_dppq0y9d,2025-08-18,compute,21.654899999999998,250.0,2.1846,10.2303,0.0,0.052482999999999995,6
org_dppq0y9d,2025-08-19,compute,22.8802,248.0,4.6042000000000005,26.814700000000002,0.0,0.05588399999999999,6
org_dppq0y9d,2025-08-20,compute,40.3457,506.0,0.4721,18.3972,0.0,0.10497300000000001,6
org_dppq0y9d,2025-08-20,genai,65.8082,509.0,0.0,19.304000000000002,4608.0,0.105661,6
org_dppq0y9d,2025-08-21,compute,30.168100000000003,238.0,3.0336,12.3727,0.0,0.050682000000000005,6
org_dppq0y9d,2025-08-21,genai,31.44,241.0,0.6464,24.2569,3449.0,0.05318,6
org_dppq0y9d,2025-08-22,genai,0.9932,0.0,3.3274999999999997,5.4077,2644.0,0.001748,3
org_dppq0y9d,2025-08-23,compute,8.809299999999999,121.0,3.8163,0.0,0.0,0.024962999999999996,6
org_dppq0y9d,2025-08-24,compute,21.950499999999998,244.0,0.0,0.0,0.0,0.0488,3
org_dppq0y9d,2025-08-24,genai,34.8442,247.0,3.2317,0.0,2980.0,0.05004600000000001,3
org_dppq0y9d,2025-08-25,compute,48.4273,463.0,2.8592,6.1896,0.0,0.09441000000000001,9
org_dppq0y9d,2025-08-26,compute,53.69069999999999,695.0,1.7525,10.9864,0.0,0.14154899999999998,9
org_dppq0y9d,2025-08-26,genai,31.7667,264.0,2.2076,0.0,3025.0,0.053242,3
org_dppq0y9d,2025-08-27,genai,2.3027,0.0,0.8177,16.9057,1909.0,0.003545,3
org_dppq0y9d,2025-08-28,compute,32.9795,388.0,6.877800000000001,0.0,0.0,0.078976,6
org_dppq0y9d,2025-08-28,genai,16.4109,128.0,3.45,0.0,1042.0,0.02629,2
org_dppq0y9d,2025-08-29,compute,12.3915,125.0,5.0825,6.7568,0.0,0.027368000000000003,6
org_dppq0y9d,2025-08-29,genai,30.4237,263.0,0.3751,0.0,2424.0,0.052675,3
org_dppq0y9d,2025-08-30,compute,37.338699999999996,472.0,6.5818,15.2766,0.0,0.098772,9
org_dppq0y9d,2025-08-30,genai,15.6378,111.0,3.79,0.0,2207.0,0.022958,3
org_dppq0y9d,2025-08-31,compute,43.3286,495.0,2.872,18.8233,0.0,0.103339,6
org_dppq0y9d,2025-08-31,genai,18.921400000000002,128.0,0.0,13.6565,1815.0,0.028331000000000002,3
org_dzr1yxr2,2025-07-03,database,6.3755,133.0,1.537,11.8532,0.0,0.0,3
org_dzr1yxr2,2025-07-03,storage,0.3378,0.0,1.9498,15.5408,0.0,0.0,3
org_dzr1yxr2,2025-07-04,compute,21.4533,213.0,0.0,10.6371,0.0,0.0,3
org_dzr1yxr2,2025-07-04,database,11.5579,235.0,0.0,11.2779,0.0,0.0,3
org_dzr1yxr2,2025-07-04,storage,5.805899999999999,264.0,1.4491,0.0,0.0,0.0,3
org_dzr1yxr2,2025-07-05,compute,42.084599999999995,488.0,0.8205,17.7643,0.0,0.0,6
org_dzr1yxr2,2025-07-05,networking,1.3095,109.0,0.0,10.4451,0.0,0.0,3
org_dzr1yxr2,2025-07-05,storage,3.4021000000000003,127.0,3.3745,0.0,0.0,0.0,3
org_dzr1yxr2,2025-07-06,compute,11.672699999999999,137.0,5.8863,0.0,0.0,0.0,3
org_dzr1yxr2,2025-07-06,database,19.9956,366.0,0.0,0.0,0.0,0.0,3
org_dzr1yxr2,2025-07-06,networking,1.1316,106.0,1.7634,19.9559,0.0,0.0,3
org_dzr1yxr2,2025-07-07,compute,19.4356,255.0,3.8153,36.0229,0.0,0.0,6
org_dzr1yxr2,2025-07-07,networking,1.1802,0.0,2.9043,14.6103,0.0,0.0,3
org_dzr1yxr2,2025-07-07,storage,4.5369,241.0,0.0,2.8738,0.0,0.0,3
org_dzr1yxr2,2025-07-08,compute,9.361799999999999,113.0,3.512,4.4848,0.0,0.0,3
org_dzr1yxr2,2025-07-08,networking,1.966,241.0,2.2885,0.0,0.0,0.0,3
org_dzr1yxr2,2025-07-08,storage,2.2915,114.0,0.0,6.488,0.0,0.0,3
org_dzr1yxr2,2025-07-09,compute,30.909200000000002,216.0,2.7513,23.043999999999997,0.0,0.0,6
org_dzr1yxr2,2025-07-09,database,13.0068,230.0,0.0,8.2808,0.0,0.0,3
org_dzr1yxr2,2025-07-10,compute,1.0030999999999999,0.0,2.9392,11.6122,0.0,0.0,3
org_dzr1yxr2,2025-07-10,database,17.3104,345.0,0.0,0.0,0.0,0.0,3
org_dzr1yxr2,2025-07-10,networking,0.0857,0.0,0.0,8.927999999999999,0.0,0.0,3
org_dzr1yxr2,2025-07-10,storage,2.5128999999999997,116.0,0.0,16.4348,0.0,0.0,3
org_dzr1yxr2,2025-07-11,compute,31.1005,390.0,0.285,26.0168,0.0,0.0,6
org_dzr1yxr2,2025-07-11,database,0.1455,0.0,2.4815,0.0,0.0,0.0,3
org_dzr1yxr2,2025-07-11,networking,1.1671,130.0,1.9628,0.0,0.0,0.0,3
org_dzr1yxr2,2025-07-12,networking,1.8992000000000002,128.0,0.0,32.289,0.0,0.0,3
org_dzr1yxr2,2025-07-12,storage,0.4243,0.0,1.0597,19.4503,0.0,0.0,3
org_dzr1yxr2,2025-07-13,compute,13.8385,130.0,2.2702,25.6535,0.0,0.0,3
org_dzr1yxr2,2025-07-13,networking,1.2782,106.0,0.0,27.808100000000003,0.0,0.0,3
org_dzr1yxr2,2025-07-13,storage,0.48009999999999997,0.0,0.0,24.028100000000002,0.0,0.0,3
org_dzr1yxr2,2025-07-14,database,13.903799999999999,229.0,0.0,12.6488,0.0,0.0,3
org_dzr1yxr2,2025-07-14,networking,1.3606,143.0,2.3653,6.12,0.0,0.0,3
org_dzr1yxr2,2025-07-14,storage,8.5428,354.0,0.0,0.0,0.0,0.0,3
org_dzr1yxr2,2025-07-15,compute,10.7013,121.0,3.9465,8.4705,0.0,0.0,3
org_dzr1yxr2,2025-07-15,database,6.1852,132.0,4.4045,0.0,0.0,0.0,3
org_dzr1yxr2,2025-07-16,compute,34.7684,379.0,5.2017,0.0,0.0,0.0,6
org_dzr1yxr2,2025-07-16,database,7.8241000000000005,117.0,3.3555,9.316,0.0,0.0,3
org_dzr1yxr2,2025-07-16,networking,3.0348,264.0,0.0,16.8633,0.0,0.0,3
org_dzr1yxr2,2025-07-16,storage,2.4737,113.0,0.0,17.7577,0.0,0.0,3
org_dzr1yxr2,2025-07-18,compute,22.1826,269.0,0.8959,0.0,0.0,0.053979,3
org_dzr1yxr2,2025-07-18,storage,4.894,233.0,0.0,16.0667,0.0,0.049813,3
org_dzr1yxr2,2025-07-19,compute,28.646899999999995,347.0,2.596,16.982,0.0,0.07331499999999999,6
org_dzr1yxr2,2025-07-19,database,7.5017,148.0,0.0,12.4651,0.0,0.032093,3
org_dzr1yxr2,2025-07-19,networking,1.3965,121.0,0.0,18.5369,0.0,0.027907,3
org_dzr1yxr2,2025-07-19,storage,4.784000000000001,249.0,0.0,16.5225,0.0,0.053105,3
org_dzr1yxr2,2025-07-20,compute,23.935799999999997,241.0,4.1598999999999995,22.926000000000002,0.0,0.053617,6
org_dzr1yxr2,2025-07-20,database,11.5045,247.0,0.0,0.0,0.0,0.0494,3
org_dzr1yxr2,2025-07-20,storage,5.7383999999999995,251.0,0.0,27.6113,0.0,0.055722,3
org_dzr1yxr2,2025-07-21,compute,29.715000000000003,368.0,0.0,13.3558,0.0,0.076272,6
org_dzr1yxr2,2025-07-21,database,1.4884,0.0,0.0,25.3027,0.0,0.0050609999999999995,3
org_dzr1yxr2,2025-07-21,storage,5.9115,248.0,2.2231,0.0,0.0,0.050045000000000006,3
org_dzr1yxr2,2025-07-22,compute,1.4867,0.0,3.079,12.3965,0.0,0.0030949999999999997,3
org_dzr1yxr2,2025-07-23,compute,32.770300000000006,388.0,7.3103,9.3883,0.0,0.08094,6
org_dzr1yxr2,2025-07-23,database,10.649199999999999,238.0,2.7466,0.0,0.0,0.048149000000000004,3
org_dzr1yxr2,2025-07-23,networking,1.2185000000000001,132.0,2.9826,0.0,0.0,0.026996000000000003,3
org_dzr1yxr2,2025-07-23,storage,1.8132000000000001,140.0,4.095,0.0,0.0,0.028818999999999997,3
org_dzr1yxr2,2025-07-24,compute,21.9441,239.0,0.0,10.9978,0.0,0.05,3
org_dzr1yxr2,2025-07-24,storage,3.6144000000000003,124.0,3.3029,23.2613,0.0,0.030112999999999997,3
org_dzr1yxr2,2025-07-25,compute,49.1167,590.0,1.7311,0.0,0.0,0.118346,6
org_dzr1yxr2,2025-07-25,database,12.8432,241.0,2.035,0.0,0.0,0.048607,3
org_dzr1yxr2,2025-07-26,compute,51.7837,588.0,0.0,0.0,0.0,0.1176,6
org_dzr1yxr2,2025-07-26,database,1.3306,0.0,0.0,14.7711,0.0,0.002954,3
org_dzr1yxr2,2025-07-26,networking,1.237,91.0,0.0,1.432,0.0,0.018486000000000002,3
org_dzr1yxr2,2025-07-26,storage,3.7175,134.0,0.0,28.468600000000002,0.0,0.032494,3
org_dzr1yxr2,2025-07-27,compute,16.8002,245.0,1.4749,0.0,0.0,0.049295,3
org_dzr1yxr2,2025-07-27,database,6.3248,121.0,1.6383,7.7623,0.0,0.02608,3
org_dzr1yxr2,2025-07-28,compute,1.4100000000000001,0.0,2.4184,12.9145,0.0,0.003067,3
org_dzr1yxr2,2025-07-29,compute,19.6043,232.0,7.9212,0.5408,0.0,0.048093,6
org_dzr1yxr2,2025-07-29,database,14.2666,239.0,1.0127,0.0,0.0,0.048003000000000004,3
org_dzr1yxr2,2025-07-29,storage,4.8352,122.0,0.0,0.8556,0.0,0.024571000000000003,3
org_dzr1yxr2,2025-07-30,database,5.9223,106.0,2.1248,11.4916,0.0,0.023923,3
org_dzr1yxr2,2025-07-30,networking,2.4042,232.0,2.0457,0.0,0.0,0.046808999999999996,3
org_dzr1yxr2,2025-07-31,compute,31.4497,461.0,0.0,3.6814,0.0,0.09293599999999999,6
org_dzr1yxr2,2025-07-31,database,9.1097,135.0,0.0,27.9073,0.0,0.032582,3
org_dzr1yxr2,2025-07-31,networking,0.0714,0.0,1.0721,6.5576,0.0,0.001526,3
org_dzr1yxr2,2025-07-31,storage,3.2124,132.0,1.0506,6.0993,0.0,0.027829999999999997,3
org_dzr1yxr2,2025-08-01,compute,39.7733,460.0,1.9487,14.0135,0.0,0.095193,6
org_dzr1yxr2,2025-08-01,storage,0.0455,0.0,2.1028000000000002,0.0,0.0,4.1999999999999996E-4,3
org_dzr1yxr2,2025-08-02,compute,20.368900000000004,239.0,4.2681,51.8501,0.0,0.059024,6
org_dzr1yxr2,2025-08-02,networking,1.6606,120.0,2.1595,16.6944,0.0,0.027771,3
org_dzr1yxr2,2025-08-03,database,14.2871,242.0,0.0,13.8667,0.0,0.051173,3
org_dzr1yxr2,2025-08-03,networking,2.6893000000000002,99.0,0.0,8.8322,0.0,0.021566000000000002,3
org_dzr1yxr2,2025-08-03,storage,2.5564999999999998,112.0,0.0,22.5015,0.0,0.0269,3
org_dzr1yxr2,2025-08-04,compute,28.6652,372.0,0.0,0.0,0.0,0.0744,3
org_dzr1yxr2,2025-08-04,database,5.824000000000001,131.0,4.9878,0.0,0.0,0.027198,3
org_dzr1yxr2,2025-08-04,networking,2.6072,266.0,0.4337,0.0,0.0,0.053287,3
org_dzr1yxr2,2025-08-04,storage,2.012,118.0,1.0507,0.0,0.0,0.023809999999999998,3
org_dzr1yxr2,2025-08-05,compute,32.682,365.0,3.8623,37.365399999999994,0.0,0.081246,6
org_dzr1yxr2,2025-08-05,database,14.0108,250.0,3.6481,0.0,0.0,0.05073,3
org_dzr1yxr2,2025-08-06,compute,34.2482,475.0,2.004,0.0,0.0,0.095401,6
org_dzr1yxr2,2025-08-06,database,5.7516,112.0,4.6545,0.0,0.0,0.023331,3
org_dzr1yxr2,2025-08-06,storage,2.3816,129.0,1.5486,7.6789,0.0,0.027646,3
org_dzr1yxr2,2025-08-07,compute,21.5435,264.0,1.7511,24.179700000000004,0.0,0.057985999999999996,6
org_dzr1yxr2,2025-08-07,database,14.093900000000001,261.0,1.4823,0.0,0.0,0.052496,3
org_dzr1yxr2,2025-08-07,networking,2.5394,255.0,3.5779,0.0,0.0,0.051716000000000005,3
org_dzr1yxr2,2025-08-08,database,7.1306,126.0,1.528,9.5216,0.0,0.02741,3
org_dzr1yxr2,2025-08-08,networking,2.7156,248.0,0.0,1.2577,0.0,0.04985200000000001,3
org_dzr1yxr2,2025-08-08,storage,0.1538,0.0,2.1472,6.2178,0.0,0.001673,3
org_dzr1yxr2,2025-08-09,compute,20.447899999999997,242.0,0.0,7.9926,0.0,0.049999,3
org_dzr1yxr2,2025-08-09,database,6.4891000000000005,120.0,0.9944,12.1134,0.0,0.026622,3
org_dzr1yxr2,2025-08-10,networking,1.2542,122.0,0.6718,9.7493,0.0,0.026484,3
org_dzr1yxr2,2025-08-11,compute,13.355400000000001,130.0,0.0,25.9159,0.0,0.031182999999999995,3
org_dzr1yxr2,2025-08-11,database,0.5027,0.0,0.0,8.2877,0.0,0.001658,3
org_dzr1yxr2,2025-08-11,networking,3.4767,350.0,0.0,0.0,0.0,0.07,3
org_dzr1yxr2,2025-08-12,compute,17.0783,258.0,1.341,0.0,0.0,0.051868,3
org_dzr1yxr2,2025-08-12,database,6.4984,108.0,3.3784,0.0,0.0,0.022276,3
org_dzr1yxr2,2025-08-12,storage,0.3081,0.0,2.0914,11.728,0.0,0.002764,3
org_dzr1yxr2,2025-08-13,storage,3.3544,136.0,5.2639,0.0,0.0,0.028252,3
org_dzr1yxr2,2025-08-14,compute,41.745999999999995,520.0,4.0105,8.2742,0.0,0.106457,6
org_dzr1yxr2,2025-08-14,networking,3.6753,377.0,0.0,0.0,0.0,0.0754,3
org_dzr1yxr2,2025-08-14,storage,4.9009,240.0,0.9434,0.0,0.0,0.048189,3
org_dzr1yxr2,2025-08-15,compute,8.4067,122.0,0.0,1.6601,0.0,0.024732,3
org_dzr1yxr2,2025-08-16,compute,35.700900000000004,472.0,1.7893000000000001,0.0,0.0,0.09475800000000001,6
org_dzr1yxr2,2025-08-16,database,12.881499999999999,249.0,0.0,0.0,0.0,0.0498,3
org_dzr1yxr2,2025-08-16,networking,2.5162,221.0,0.0,16.1864,0.0,0.047437,3
org_dzr1yxr2,2025-08-16,storage,7.0226,351.0,0.0,0.0,0.0,0.0702,3
org_dzr1yxr2,2025-08-17,database,6.4163,126.0,6.6533,0.0,0.0,0.026531000000000002,3
org_dzr1yxr2,2025-08-17,networking,1.584,130.0,2.3664,19.4526,0.0,0.030364,3
org_dzr1yxr2,2025-08-17,storage,2.8769,120.0,0.0,46.0126,0.0,0.033202,3
org_dzr1yxr2,2025-08-18,database,8.397599999999999,114.0,3.5953,30.0245,0.0,0.029524,3
org_dzr1yxr2,2025-08-18,networking,0.9804999999999999,117.0,6.318,0.0,0.0,0.024664000000000002,3
org_dzr1yxr2,2025-08-18,storage,6.5375,243.0,2.1252,0.0,0.0,0.049025,3
org_dzr1yxr2,2025-08-19,compute,34.427099999999996,457.0,0.0,10.2275,0.0,0.093446,6
org_dzr1yxr2,2025-08-19,database,12.0774,235.0,0.0,4.806,0.0,0.047961000000000004,3
org_dzr1yxr2,2025-08-19,networking,2.2072000000000003,248.0,0.0,6.46,0.0,0.05089200000000001,3
org_dzr1yxr2,2025-08-20,compute,18.802500000000002,234.0,0.1518,16.405700000000003,0.0,0.050111,6
org_dzr1yxr2,2025-08-20,networking,0.8685,119.0,1.1253,4.4514,0.0,0.024915,3
org_dzr1yxr2,2025-08-20,storage,4.660699999999999,225.0,0.101,0.0,0.0,0.04502,3
org_dzr1yxr2,2025-08-21,storage,4.7354,242.0,1.0954,0.0,0.0,0.048618999999999996,3
org_dzr1yxr2,2025-08-22,compute,21.7556,260.0,1.5011,15.116600000000002,0.0,0.055323,6
org_dzr1yxr2,2025-08-22,storage,5.641000000000001,262.0,0.0,17.274,0.0,0.055855,3
org_dzr1yxr2,2025-08-23,database,12.598099999999999,237.0,0.0,8.0427,0.0,0.049009,3
org_dzr1yxr2,2025-08-23,networking,0.12290000000000001,0.0,2.9712,10.2731,0.0,0.002649,3
org_dzr1yxr2,2025-08-23,storage,4.6008000000000004,226.0,0.0,9.773,0.0,0.047154999999999996,3
org_dzr1yxr2,2025-08-24,compute,27.711599999999997,346.0,2.7094,0.0,0.0,0.069742,6
org_dzr1yxr2,2025-08-24,networking,1.2162,115.0,4.9018,0.0,0.0,0.023981,3
org_dzr1yxr2,2025-08-25,compute,42.3181,500.0,2.23,13.4671,0.0,0.10313900000000001,6
org_dzr1yxr2,2025-08-25,database,8.0457,115.0,4.3979,17.6409,0.0,0.027408,3
org_dzr1yxr2,2025-08-25,networking,1.4058000000000002,117.0,0.0,14.905899999999999,0.0,0.026381,3
org_dzr1yxr2,2025-08-26,compute,9.7472,112.0,6.8944,1.8349,0.0,0.024147,6
org_dzr1yxr2,2025-08-26,database,13.1868,240.0,0.0,17.8459,0.0,0.051569000000000004,3
org_dzr1yxr2,2025-08-26,networking,1.0430000000000001,96.0,2.1906,22.0296,0.0,0.024044,3
org_dzr1yxr2,2025-08-26,storage,2.9175,118.0,0.9982,6.999,0.0,0.0252,3
org_dzr1yxr2,2025-08-27,compute,20.435499999999998,243.0,0.0,5.7074,0.0,0.049741,3
org_dzr1yxr2,2025-08-27,networking,1.4346,128.0,0.0,16.68,0.0,0.028936000000000003,3
org_dzr1yxr2,2025-08-27,storage,4.859,229.0,1.3196,0.0,0.0,0.046064,3
org_dzr1yxr2,2025-08-28,database,12.0378,238.0,0.0,9.2087,0.0,0.049442,3
org_dzr1yxr2,2025-08-29,compute,24.391399999999997,237.0,6.2423,16.9485,0.0,0.052038,6
org_dzr1yxr2,2025-08-29,networking,2.3547000000000002,243.0,0.0,15.8097,0.0,0.051762,3
org_dzr1yxr2,2025-08-29,storage,3.069,136.0,0.0,11.008,0.0,0.029401999999999998,3
org_dzr1yxr2,2025-08-30,compute,34.6949,450.0,0.0,19.4304,0.0,0.09388599999999998,6
org_dzr1yxr2,2025-08-30,networking,2.5873999999999997,278.0,0.0,0.0,0.0,0.0556,3
org_dzr1yxr2,2025-08-30,storage,4.2722999999999995,255.0,1.6916,0.0,0.0,0.051338,3
org_dzr1yxr2,2025-08-31,compute,13.423,119.0,0.7785,16.3907,0.0,0.027234,3
org_dzr1yxr2,2025-08-31,networking,1.0865,116.0,0.6882,7.7514,0.0,0.024887999999999997,3
org_dzr1yxr2,2025-08-31,storage,4.3093,241.0,2.1879,0.0,0.0,0.048638,3
org_fel6246h,2025-07-03,analytics,1.2184,0.0,4.9666,13.030999999999999,0.0,0.0,3
org_fel6246h,2025-07-03,genai,0.6143,0.0,5.6675,0.0,0.0,0.0,3
org_fel6246h,2025-07-04,analytics,18.1578,254.0,0.8582,0.0,0.0,0.0,3
org_fel6246h,2025-07-04,compute,1.6742,0.0,0.0,23.858,0.0,0.0,3
org_fel6246h,2025-07-04,genai,25.7299,230.0,0.4799,0.0,0.0,0.0,3
org_fel6246h,2025-07-05,analytics,16.636,245.0,0.0,12.2666,0.0,0.0,3
org_fel6246h,2025-07-05,compute,10.501999999999999,0.0,0.0,21.4884,0.0,0.0,3
org_fel6246h,2025-07-05,genai,37.7727,351.0,0.0,0.0,0.0,0.0,3
org_fel6246h,2025-07-05,storage,5.6567,254.0,0.0,10.3403,0.0,0.0,3
org_fel6246h,2025-07-06,analytics,18.7773,258.0,2.4577,0.0,0.0,0.0,3
org_fel6246h,2025-07-06,genai,21.036499999999997,229.0,3.2341,0.0,0.0,0.0,3
org_fel6246h,2025-07-06,storage,5.265000000000001,242.0,4.2224,0.0,0.0,0.0,3
org_fel6246h,2025-07-07,analytics,26.3898,369.0,0.0,0.0,0.0,0.0,3
org_fel6246h,2025-07-07,compute,12.710899999999999,125.0,0.0,27.5107,0.0,0.0,3
org_fel6246h,2025-07-07,storage,5.197100000000001,247.0,0.0,5.0284,0.0,0.0,3
org_fel6246h,2025-07-08,analytics,17.612499999999997,256.0,0.0,7.9031,0.0,0.0,3
org_fel6246h,2025-07-09,compute,21.7222,235.0,0.0,13.4384,0.0,0.0,3
org_fel6246h,2025-07-10,analytics,8.4332,132.0,2.4076,5.7097,0.0,0.0,3
org_fel6246h,2025-07-10,storage,4.5612,217.0,0.0,0.0,0.0,0.0,3
org_fel6246h,2025-07-11,analytics,16.0765,247.0,0.0,0.0,0.0,0.0,3
org_fel6246h,2025-07-11,storage,2.9838,126.0,0.0,32.1317,0.0,0.0,3
org_fel6246h,2025-07-12,analytics,9.2682,125.0,0.0,11.0355,0.0,0.0,3
org_fel6246h,2025-07-12,storage,0.6023000000000001,0.0,9.3432,19.075,0.0,0.0,3
org_fel6246h,2025-07-13,storage,4.7895,237.0,0.0,18.2819,0.0,0.0,3
org_fel6246h,2025-07-14,analytics,7.7074,104.0,0.0,24.9446,0.0,0.0,3
org_fel6246h,2025-07-14,compute,10.7015,119.0,0.0,25.212799999999998,0.0,0.0,3
org_fel6246h,2025-07-14,genai,11.854700000000001,98.0,0.0,16.5819,0.0,0.0,3
org_fel6246h,2025-07-14,storage,4.0326,231.0,0.0,0.0,0.0,0.0,3
org_fel6246h,2025-07-15,analytics,15.4153,235.0,0.0,3.843,0.0,0.0,3
org_fel6246h,2025-07-15,compute,13.7606,123.0,0.305,14.7546,0.0,0.0,3
org_fel6246h,2025-07-15,storage,3.2270999999999996,124.0,0.0,36.2993,0.0,0.0,3
org_fel6246h,2025-07-16,analytics,12.6449,235.0,0.0,6.9531,0.0,0.0,3
org_fel6246h,2025-07-16,genai,20.677599999999998,112.0,0.0,29.416800000000002,0.0,0.0,3
org_fel6246h,2025-07-16,storage,3.3590000000000004,123.0,0.0,18.9558,0.0,0.0,3
org_fel6246h,2025-07-17,compute,10.6096,122.0,1.9455,7.8121,0.0,0.0,3
org_fel6246h,2025-07-18,analytics,27.601899999999997,344.0,0.0,0.0,0.0,0.0688,3
org_fel6246h,2025-07-18,genai,2.2203,0.0,6.1366,10.1611,2155.0,0.00326,3
org_fel6246h,2025-07-18,storage,4.3917,233.0,0.0,6.1486,0.0,0.047830000000000004,3
org_fel6246h,2025-07-19,analytics,8.4819,120.0,1.65,18.8367,0.0,0.028097,3
org_fel6246h,2025-07-20,compute,8.8279,91.0,0.0,12.342,0.0,0.020668000000000002,3
org_fel6246h,2025-07-20,genai,20.4188,114.0,2.4594,16.4465,3008.0,0.026581,3
org_fel6246h,2025-07-20,storage,4.455399999999999,237.0,0.0,10.5424,0.0,0.049507999999999996,3
org_fel6246h,2025-07-21,analytics,17.9233,246.0,0.0,12.7669,0.0,0.051753,3
org_fel6246h,2025-07-21,genai,47.6151,363.0,0.0,0.0,2602.0,0.0726,3
org_fel6246h,2025-07-21,storage,2.4565,118.0,1.7539,9.0952,0.0,0.02577,3
org_fel6246h,2025-07-22,analytics,16.400100000000002,243.0,0.0,27.4977,0.0,0.054099999999999995,3
org_fel6246h,2025-07-22,compute,11.642199999999999,123.0,0.0,14.720500000000001,0.0,0.027544000000000003,3
org_fel6246h,2025-07-22,genai,12.351600000000001,107.0,3.0446,0.0,1993.0,0.022008999999999997,3
org_fel6246h,2025-07-23,analytics,20.0201,261.0,0.0,11.5634,0.0,0.054513,3
org_fel6246h,2025-07-23,compute,29.974,343.0,0.0,0.0,0.0,0.0686,3
org_fel6246h,2025-07-24,analytics,7.093,124.0,0.0,11.405,0.0,0.027081,3
org_fel6246h,2025-07-24,compute,12.483400000000001,111.0,0.0,9.3928,0.0,0.024079,3
org_fel6246h,2025-07-24,genai,5.586600000000001,0.0,2.7427,44.244,1685.0,0.009398,3
org_fel6246h,2025-07-24,storage,0.4423,0.0,2.0197,20.2021,0.0,0.004444,3
org_fel6246h,2025-07-25,compute,2.711,0.0,5.3334,19.6135,0.0,0.00499,3
org_fel6246h,2025-07-26,analytics,25.3138,354.0,0.0,0.0,0.0,0.0708,3
org_fel6246h,2025-07-26,compute,10.0695,105.0,3.4154,13.8683,0.0,0.024457,3
org_fel6246h,2025-07-27,analytics,9.6573,121.0,2.2038,12.4681,0.0,0.027135,3
org_fel6246h,2025-07-27,compute,34.6227,399.0,0.0,0.0,0.0,0.0798,3
org_fel6246h,2025-07-27,genai,33.3744,278.0,0.0,11.4289,2871.0,0.05788599999999999,3
org_fel6246h,2025-07-27,storage,0.3649,0.0,0.0,16.4261,0.0,0.003285,3
org_fel6246h,2025-07-28,analytics,15.3238,226.0,3.6234,0.0,0.0,0.045925,3
org_fel6246h,2025-07-29,compute,2.1572,0.0,0.0,29.144800000000004,0.0,0.005828999999999999,3
org_fel6246h,2025-07-29,storage,2.9059000000000004,130.0,0.8955,10.9897,0.0,0.028376999999999996,3
org_fel6246h,2025-07-30,genai,14.2813,114.0,3.2636,7.0373,2638.0,0.02486,3
org_fel6246h,2025-07-31,analytics,2.8832,0.0,0.0,36.298,0.0,0.00726,3
org_fel6246h,2025-07-31,compute,2.7714,0.0,0.0,34.3561,0.0,0.006872,3
org_fel6246h,2025-07-31,genai,17.0375,122.0,2.1822,10.5796,2467.0,0.026952,3
org_fel6246h,2025-07-31,storage,4.3428,226.0,2.5617,0.0,0.0,0.045712,3
org_fel6246h,2025-08-01,analytics,11.561900000000001,115.0,0.0,42.865700000000004,0.0,0.031574,3
org_fel6246h,2025-08-01,compute,22.151200000000003,221.0,1.2515,0.0,0.0,0.04445,3
org_fel6246h,2025-08-01,genai,39.8411,243.0,0.0,4.0308,2011.0,0.049406,3
org_fel6246h,2025-08-02,analytics,21.2316,243.0,0.0,2.7305,0.0,0.049146,3
org_fel6246h,2025-08-02,compute,14.813600000000001,126.0,0.0,15.8249,0.0,0.028365,3
org_fel6246h,2025-08-02,genai,31.6453,259.0,1.1873,0.0,2337.0,0.052037,3
org_fel6246h,2025-08-03,analytics,11.6692,136.0,0.0,22.3148,0.0,0.031663,3
org_fel6246h,2025-08-03,storage,0.4255,0.0,0.0,19.3739,0.0,0.003875,3
org_fel6246h,2025-08-04,analytics,5.569599999999999,0.0,2.5678,0.0,0.0,5.14E-4,3
org_fel6246h,2025-08-04,genai,18.9054,150.0,0.0,0.9932,2897.0,0.030199,3
org_fel6246h,2025-08-04,storage,3.9993,246.0,0.0,5.4751,0.0,0.050295,3
org_fel6246h,2025-08-05,analytics,8.6754,121.0,1.8695,0.0,0.0,0.024574,3
org_fel6246h,2025-08-06,compute,3.3802000000000003,0.0,0.0,42.5663,0.0,0.008513,3
org_fel6246h,2025-08-07,analytics,15.2062,219.0,0.0,7.4882,0.0,0.045298000000000005,3
org_fel6246h,2025-08-07,compute,20.5061,227.0,0.0,8.6362,0.0,0.047127,3
org_fel6246h,2025-08-07,genai,16.3416,115.0,1.2317,15.8011,2531.0,0.026406,3
org_fel6246h,2025-08-08,analytics,1.9296000000000002,0.0,0.0,24.6162,0.0,0.004923,3
org_fel6246h,2025-08-08,compute,19.6348,235.0,0.0,12.8577,0.0,0.049572000000000005,3
org_fel6246h,2025-08-08,genai,40.1889,350.0,0.0,0.0,2214.0,0.07,3
org_fel6246h,2025-08-08,storage,3.7442,125.0,0.0,38.7995,0.0,0.03276,3
org_fel6246h,2025-08-09,analytics,18.626199999999997,225.0,3.5839,0.0,0.0,0.045717,3
org_fel6246h,2025-08-09,compute,21.893,231.0,0.0,17.0687,0.0,0.049614,3
org_fel6246h,2025-08-09,genai,15.9049,129.0,3.1757,0.0,1999.0,0.026435,3
org_fel6246h,2025-08-09,storage,6.4091000000000005,360.0,0.0,0.0,0.0,0.072,3
org_fel6246h,2025-08-10,analytics,7.615600000000001,101.0,3.158,0.0,0.0,0.020832,3
org_fel6246h,2025-08-10,compute,9.1863,122.0,0.0,5.378,0.0,0.025476000000000002,3
org_fel6246h,2025-08-10,storage,1.6817,124.0,0.3661,1.4516,0.0,0.025162999999999998,3
org_fel6246h,2025-08-11,compute,10.8499,116.0,3.4159,0.0,0.0,0.023882999999999998,3
org_fel6246h,2025-08-11,genai,13.3263,135.0,4.697900000000001,0.0,2930.0,0.02794,3
org_fel6246h,2025-08-12,analytics,7.0396,105.0,3.5766,4.899,0.0,0.022695,3
org_fel6246h,2025-08-12,genai,18.4506,145.0,0.0,13.36,2306.0,0.031672,3
org_fel6246h,2025-08-12,storage,0.1295,0.0,3.1288,3.7257000000000002,0.0,0.001372,3
org_fel6246h,2025-08-13,compute,21.8871,257.0,3.3883,0.0,0.0,0.052078,3
org_fel6246h,2025-08-13,genai,47.1679,364.0,0.0,0.0,3152.0,0.0728,3
org_fel6246h,2025-08-13,storage,2.7751,128.0,1.6559,1.4774,0.0,0.026226000000000003,3
org_fel6246h,2025-08-14,analytics,7.5276000000000005,110.0,1.2816,5.2858,0.0,0.023313,3
org_fel6246h,2025-08-14,compute,175.9686,126.0,0.0,1.4908,0.0,0.025498,3
org_fel6246h,2025-08-14,genai,0.6587,0.0,4.426,0.6784,2469.0,0.001021,3
org_fel6246h,2025-08-15,compute,6.7329,104.0,0.0,7.2167,0.0,0.022243,3
org_fel6246h,2025-08-15,genai,32.653800000000004,133.0,0.0,21.3794,3106.0,0.030876,3
org_fel6246h,2025-08-16,genai,34.6278,254.0,0.0,14.6742,2774.0,0.053735,3
org_fel6246h,2025-08-17,analytics,15.820300000000001,240.0,0.0,5.7343,0.0,0.049147,3
org_fel6246h,2025-08-17,compute,22.0394,255.0,3.0101,0.0,0.0,0.051601999999999995,3
org_fel6246h,2025-08-17,storage,0.3245,0.0,5.1419,10.4071,0.0,0.003109,3
org_fel6246h,2025-08-18,analytics,7.6055,115.0,0.0,6.7389,0.0,0.024347999999999998,3
org_fel6246h,2025-08-18,compute,31.0405,346.0,0.0,0.0,0.0,0.0692,3
org_fel6246h,2025-08-18,genai,14.975200000000001,119.0,2.9615,0.0,1859.0,0.024392,3
org_fel6246h,2025-08-18,storage,5.0225,227.0,0.0,0.0,0.0,0.0454,2
org_fel6246h,2025-08-19,analytics,15.2851,248.0,1.8804,0.0,0.0,0.049976000000000007,3
org_fel6246h,2025-08-19,compute,15.998,249.0,0.0,4.9229,0.0,0.050785,3
org_fel6246h,2025-08-19,storage,2.7372000000000005,131.0,2.1506,26.0398,0.0,0.031838,3
org_fel6246h,2025-08-20,analytics,25.552599999999998,218.0,0.0,0.0,0.0,0.0436,3
org_fel6246h,2025-08-20,genai,9.6608,0.0,0.0,14.9337,1027.0,0.002987,3
org_fel6246h,2025-08-21,analytics,8.482800000000001,113.0,0.0,6.2387,0.0,0.023847999999999998,3
org_fel6246h,2025-08-21,compute,2.5263,0.0,3.6457,31.280099999999997,0.0,0.006985,3
org_fel6246h,2025-08-21,storage,2.6456,113.0,6.049300000000001,0.0,0.0,0.02381,3
org_fel6246h,2025-08-23,analytics,7.695,112.0,1.541,0.0,0.0,0.022708,3
org_fel6246h,2025-08-23,compute,9.5724,105.0,3.9283,21.3674,0.0,0.026059,3
org_fel6246h,2025-08-23,genai,18.8844,149.0,2.0672,15.3985,2277.0,0.033292999999999996,3
org_fel6246h,2025-08-23,storage,6.017099999999999,347.0,0.0,0.0,0.0,0.0694,3
org_fel6246h,2025-08-24,analytics,8.5259,100.0,1.5319,15.9029,0.0,0.023487,3
org_fel6246h,2025-08-24,compute,11.44,118.0,1.3279,0.0,0.0,0.023866,3
org_fel6246h,2025-08-24,storage,5.1614,242.0,0.0,13.5599,0.0,0.051112000000000005,3
org_fel6246h,2025-08-25,analytics,24.8217,381.0,0.0,0.0,0.0,0.07619999999999999,3
org_fel6246h,2025-08-25,compute,3.0468,0.0,0.0,34.775,0.0,0.006954999999999999,3
org_fel6246h,2025-08-26,analytics,26.2243,350.0,0.0,0.0,0.0,0.07,3
org_fel6246h,2025-08-26,storage,5.151,240.0,0.0,19.8402,0.0,0.051968,3
org_fel6246h,2025-08-27,analytics,0.9099,0.0,6.9191,5.8288,0.0,0.002549,3
org_fel6246h,2025-08-27,compute,16.8885,214.0,0.0,14.0142,0.0,0.045603,3
org_fel6246h,2025-08-27,genai,3.1958,0.0,0.0,28.7706,1529.0,0.0057540000000000004,3
org_fel6246h,2025-08-28,genai,12.3382,111.0,3.8191,14.1035,2543.0,0.025785000000000002,3
org_fel6246h,2025-08-29,analytics,3.3434999999999997,0.0,2.2451,41.0001,0.0,0.008649,3
org_fel6246h,2025-08-29,compute,9.3836,107.0,2.6271,13.0121,0.0,0.024527,3
org_fel6246h,2025-08-29,genai,28.4547,226.0,0.0,19.0327,1327.0,0.049007,3
org_fel6246h,2025-08-29,storage,4.765499999999999,264.0,0.0,0.0,0.0,0.0528,3
org_fel6246h,2025-08-30,genai,2.3421000000000003,0.0,3.6745,12.8598,2510.0,0.003307,3
org_fel6246h,2025-08-31,analytics,8.0753,125.0,0.0,16.9203,0.0,0.028384,3
org_fel6246h,2025-08-31,compute,12.5702,140.0,0.4006,14.5522,0.0,0.03099,3
org_fel6246h,2025-08-31,storage,4.8421,247.0,0.0,10.0309,0.0,0.051406,3
org_g0fn9xuy,2025-07-03,compute,18.494,250.0,0.0,5.1993,0.0,0.0,3
org_g0fn9xuy,2025-07-03,networking,1.4294,115.0,4.9563,0.0,0.0,0.0,3
org_g0fn9xuy,2025-07-05,storage,3.5881000000000003,136.0,0.0,37.1194,0.0,0.0,3
org_g0fn9xuy,2025-07-07,compute,9.988600000000002,105.0,0.0,25.117,0.0,0.0,3
org_g0fn9xuy,2025-07-07,storage,2.5798,125.0,1.6463,16.3573,0.0,0.0,3
org_g0fn9xuy,2025-07-08,compute,9.6209,131.0,0.0,17.4399,0.0,0.0,3
org_g0fn9xuy,2025-07-08,networking,3.3693,350.0,0.0,0.0,0.0,0.0,3
org_g0fn9xuy,2025-07-08,storage,2.8118000000000003,125.0,3.4234,17.5904,0.0,0.0,3
org_g0fn9xuy,2025-07-09,storage,5.4127,249.0,0.0,7.2905,0.0,0.0,3
org_g0fn9xuy,2025-07-10,networking,0.1394,0.0,2.5104,10.412,0.0,0.0,3
org_g0fn9xuy,2025-07-10,storage,5.7193,104.0,0.0,26.1764,0.0,0.0,3
org_g0fn9xuy,2025-07-11,compute,3.6065,0.0,0.0,41.406800000000004,0.0,0.0,3
org_g0fn9xuy,2025-07-11,networking,1.2385,111.0,0.0,16.613,0.0,0.0,2
org_g0fn9xuy,2025-07-11,storage,0.7143999999999999,0.0,0.0,30.979999999999997,0.0,0.0,3
org_g0fn9xuy,2025-07-12,storage,2.8901,118.0,0.0,28.5795,0.0,0.0,3
org_g0fn9xuy,2025-07-14,compute,28.735999999999997,345.0,0.0,0.0,0.0,0.0,3
org_g0fn9xuy,2025-07-14,storage,2.0643000000000002,109.0,1.8081,0.0,0.0,0.0,3
org_g0fn9xuy,2025-07-15,compute,19.583899999999996,255.0,0.0,3.9446,0.0,0.0,3
org_g0fn9xuy,2025-07-15,networking,1.2476,108.0,2.5045,0.0,0.0,0.0,3
org_g0fn9xuy,2025-07-16,compute,12.7937,128.0,6.211600000000001,0.0,0.0,0.0,3
org_g0fn9xuy,2025-07-16,networking,2.2371999999999996,253.0,0.0,0.0,0.0,0.0,3
org_g0fn9xuy,2025-07-17,storage,4.7807,255.0,0.0,18.664,0.0,0.0,3
org_g0fn9xuy,2025-07-18,networking,1.1742,121.0,0.0,19.9795,0.0,0.028196,3
org_g0fn9xuy,2025-07-18,storage,4.290900000000001,232.0,2.4018,0.0,0.0,0.046880000000000005,3
org_g0fn9xuy,2025-07-19,compute,9.169500000000001,123.0,2.0133,0.0,0.0,0.025003,3
org_g0fn9xuy,2025-07-19,storage,2.003,106.0,2.1482,4.8122,0.0,0.022592,3
org_g0fn9xuy,2025-07-20,compute,12.6194,134.0,1.1316,1.4997,0.0,0.027326,3
org_g0fn9xuy,2025-07-20,storage,0.5254,0.0,0.0,27.829900000000002,0.0,0.005566,3
org_g0fn9xuy,2025-07-21,compute,15.2026,144.0,0.0,23.0135,0.0,0.033403,3
org_g0fn9xuy,2025-07-22,compute,22.7596,247.0,0.0,15.7362,0.0,0.052546999999999996,3
org_g0fn9xuy,2025-07-23,compute,10.6481,116.0,0.9082,17.2537,0.0,0.026833,3
org_g0fn9xuy,2025-07-23,storage,1.9018,109.0,0.0,6.2148,0.0,0.023043,3
org_g0fn9xuy,2025-07-24,compute,19.886100000000003,247.0,0.0,7.6964,0.0,0.050939,3
org_g0fn9xuy,2025-07-24,networking,1.8307000000000002,220.0,2.993,0.0,0.0,0.044599,3
org_g0fn9xuy,2025-07-24,storage,2.9343000000000004,119.0,2.3848,25.4657,0.0,0.02937,3
org_g0fn9xuy,2025-07-25,storage,0.1524,0.0,4.0493999999999994,3.5363,0.0,0.001517,3
org_g0fn9xuy,2025-07-27,compute,0.5304,0.0,1.1907,6.0746,0.0,0.0014529999999999999,3
org_g0fn9xuy,2025-07-28,networking,2.5576,263.0,1.311,0.0,0.0,0.052862,3
org_g0fn9xuy,2025-07-28,storage,2.0467,111.0,0.0496,10.1683,0.0,0.024244,3
org_g0fn9xuy,2025-07-30,storage,2.1839999999999997,116.0,0.0,17.1886,0.0,0.026638,3
org_g0fn9xuy,2025-07-31,networking,2.2939,232.0,0.0,0.0,0.0,0.0464,3
org_g0fn9xuy,2025-08-02,compute,27.267,376.0,0.0,0.0,0.0,0.0752,3
org_g0fn9xuy,2025-08-02,networking,1.6738,127.0,0.0,23.943,0.0,0.030188,3
org_g0fn9xuy,2025-08-02,storage,4.2341999999999995,236.0,0.1767,0.0,0.0,0.047235,3
org_g0fn9xuy,2025-08-04,compute,10.4949,120.0,1.828,0.0,0.0,0.024366,3
org_g0fn9xuy,2025-08-04,storage,4.2394,227.0,0.0,0.0,0.0,0.0454,3
org_g0fn9xuy,2025-08-05,networking,1.5788,126.0,1.6391,5.5986,0.0,0.026647999999999998,3
org_g0fn9xuy,2025-08-07,compute,14.8691,133.0,0.0,32.2849,0.0,0.033056999999999996,3
org_g0fn9xuy,2025-08-07,networking,1.36,129.0,3.3187,14.5851,0.0,0.029381,3
org_g0fn9xuy,2025-08-08,compute,9.0386,111.0,0.0,6.4,0.0,0.02348,3
org_g0fn9xuy,2025-08-08,networking,1.3738,117.0,3.7442,0.0,0.0,0.024149,3
org_g0fn9xuy,2025-08-09,networking,2.4831999999999996,246.0,0.0,20.1619,0.0,0.053232,3
org_g0fn9xuy,2025-08-10,compute,12.5454,133.0,1.4321000000000002,0.0,0.0,0.026886,3
org_g0fn9xuy,2025-08-10,networking,1.6039,104.0,0.0,25.0839,0.0,0.025817,3
org_g0fn9xuy,2025-08-11,networking,0.9586,114.0,0.0,0.5518,0.0,0.02291,3
org_g0fn9xuy,2025-08-12,compute,0.2793,0.0,3.7925,0.0,0.0,7.58E-4,3
org_g0fn9xuy,2025-08-13,compute,15.994699999999998,212.0,1.3482,0.0,0.0,0.04267,3
org_g0fn9xuy,2025-08-13,storage,4.575,234.0,0.0,16.8921,0.0,0.050178,3
org_g0fn9xuy,2025-08-14,compute,17.3196,222.0,1.5831,0.0,0.0,0.04471699999999999,3
org_g0fn9xuy,2025-08-14,networking,2.5067000000000004,142.0,0.0,10.576,0.0,0.030515,3
org_g0fn9xuy,2025-08-14,storage,4.39,100.0,0.0,10.2683,0.0,0.022054,3
org_g0fn9xuy,2025-08-15,networking,4.1734,370.0,0.0,0.0,0.0,0.074,3
org_g0fn9xuy,2025-08-15,storage,5.4915,245.0,0.0,0.0,0.0,0.049,2
org_g0fn9xuy,2025-08-16,compute,22.0591,261.0,0.9098,0.0,0.0,0.052382,3
org_g0fn9xuy,2025-08-17,networking,2.6758,261.0,0.5165,0.0,0.0,0.052302999999999995,3
org_g0fn9xuy,2025-08-17,storage,4.9639,244.0,3.1512,0.0,0.0,0.049429999999999995,3
org_g0fn9xuy,2025-08-18,compute,9.212,103.0,3.3143,12.5561,0.0,0.023774,3
org_g0fn9xuy,2025-08-18,storage,3.2059,152.0,0.0,8.4625,0.0,0.032092999999999997,3
org_g0fn9xuy,2025-08-19,storage,5.536,108.0,0.0,1.9814,0.0,0.021996,3
org_g0fn9xuy,2025-08-20,storage,5.5257000000000005,253.0,0.0,0.0,0.0,0.0506,3
org_g0fn9xuy,2025-08-21,compute,8.926599999999999,123.0,1.3827,8.8878,0.0,0.026654999999999998,3
org_g0fn9xuy,2025-08-21,storage,2.3094,115.0,4.6221,0.0,0.0,0.023924,3
org_g0fn9xuy,2025-08-22,networking,2.5612,224.0,0.0,18.0551,0.0,0.048410999999999996,3
org_g0fn9xuy,2025-08-23,storage,7.7359,333.0,0.0,0.0,0.0,0.06659999999999999,3
org_g0fn9xuy,2025-08-24,storage,0.316,0.0,0.1,15.1508,0.0,0.00305,3
org_g0fn9xuy,2025-08-25,compute,9.8416,116.0,5.8518,0.0,0.0,0.02437,3
org_g0fn9xuy,2025-08-25,networking,1.9282999999999997,114.0,0.0,26.444699999999997,0.0,0.028089,3
org_g0fn9xuy,2025-08-25,storage,3.0532999999999997,141.0,1.8606,0.0,0.0,0.028572,3
org_g0fn9xuy,2025-08-26,compute,10.7008,127.0,0.0,23.62,0.0,0.030123999999999998,3
org_g0fn9xuy,2025-08-27,compute,22.8829,271.0,0.0,14.7917,0.0,0.057158,3
org_g0fn9xuy,2025-08-27,storage,3.5263000000000004,124.0,0.0,13.7788,0.0,0.027556,3
org_g0fn9xuy,2025-08-28,networking,1.7758,121.0,2.2242,20.355,0.0,0.028716,3
org_g0fn9xuy,2025-08-28,storage,0.06820000000000001,0.0,3.2287999999999997,0.0,0.0,6.460000000000001E-4,3
org_g0fn9xuy,2025-08-29,compute,10.301900000000002,134.0,0.0,6.5148,0.0,0.028103,3
org_g0fn9xuy,2025-08-29,storage,2.9375,122.0,0.0,23.5608,0.0,0.029112000000000002,3
org_g0fn9xuy,2025-08-30,compute,18.9461,267.0,1.2296,0.0,0.0,0.053646000000000006,3
org_g0fn9xuy,2025-08-31,networking,2.5294,226.0,0.0,23.8797,0.0,0.049976000000000007,3
org_g0fn9xuy,2025-08-31,storage,5.435600000000001,249.0,3.4872,0.0,0.0,0.050497,3
org_g8sbi4q2,2025-07-03,database,1.5917000000000001,0.0,0.0,32.7966,0.0,0.0,3
org_g8sbi4q2,2025-07-03,networking,1.3407,124.0,0.0,29.242,0.0,0.0,3
org_g8sbi4q2,2025-07-03,storage,5.799200000000001,244.0,1.844,16.3345,0.0,0.0,6
org_g8sbi4q2,2025-07-04,compute,21.0831,222.0,2.0889,0.0,0.0,0.0,3
org_g8sbi4q2,2025-07-04,storage,6.438599999999999,370.0,1.3682,19.1858,0.0,0.0,6
org_g8sbi4q2,2025-07-05,compute,11.440100000000001,125.0,2.6548,0.0,0.0,0.0,3
org_g8sbi4q2,2025-07-05,networking,2.7965,255.0,0.0,13.4109,0.0,0.0,3
org_g8sbi4q2,2025-07-05,storage,3.0611,136.0,12.084999999999999,9.9147,0.0,0.0,6
org_g8sbi4q2,2025-07-06,compute,8.2477,100.0,0.6662,0.0,0.0,0.0,3
org_g8sbi4q2,2025-07-06,storage,7.8683,370.0,1.604,23.886400000000002,0.0,0.0,6
org_g8sbi4q2,2025-07-07,compute,16.7357,243.0,3.853,0.0,0.0,0.0,3
org_g8sbi4q2,2025-07-07,storage,5.4699,260.0,0.0,3.4759,0.0,0.0,3
org_g8sbi4q2,2025-07-08,database,8.8511,122.0,0.0,13.1477,0.0,0.0,3
org_g8sbi4q2,2025-07-08,storage,9.0029,258.0,8.0261,45.4255,0.0,0.0,9
org_g8sbi4q2,2025-07-09,compute,18.314999999999998,217.0,1.4472,0.0,0.0,0.0,3
org_g8sbi4q2,2025-07-09,networking,3.0846999999999998,229.0,2.8451,0.0,0.0,0.0,3
org_g8sbi4q2,2025-07-09,storage,3.4353999999999996,134.0,10.450700000000001,17.8054,0.0,0.0,6
org_g8sbi4q2,2025-07-10,compute,11.475800000000001,118.0,2.1794,16.6014,0.0,0.0,3
org_g8sbi4q2,2025-07-10,database,7.2064,129.0,1.3877,11.157,0.0,0.0,3
org_g8sbi4q2,2025-07-10,storage,7.7892,349.0,0.0,25.8453,0.0,0.0,6
org_g8sbi4q2,2025-07-11,compute,9.140600000000001,99.0,1.3285,15.8561,0.0,0.0,3
org_g8sbi4q2,2025-07-11,networking,2.5514,233.0,3.5096,0.0,0.0,0.0,3
org_g8sbi4q2,2025-07-11,storage,2.5925000000000002,126.0,0.0,16.0592,0.0,0.0,3
org_g8sbi4q2,2025-07-12,compute,14.2845,126.0,2.0161,15.4034,0.0,0.0,3
org_g8sbi4q2,2025-07-12,database,5.4208,108.0,1.6286,17.4332,0.0,0.0,3
org_g8sbi4q2,2025-07-12,storage,10.2357,471.0,1.168,16.1725,0.0,0.0,6
org_g8sbi4q2,2025-07-13,compute,16.2306,250.0,1.9173,0.0,0.0,0.0,3
org_g8sbi4q2,2025-07-13,storage,7.1975999999999996,329.0,0.0,10.485700000000001,0.0,0.0,6
org_g8sbi4q2,2025-07-14,compute,19.866,231.0,0.0,19.3753,0.0,0.0,3
org_g8sbi4q2,2025-07-14,database,12.3208,255.0,1.2575,0.0,0.0,0.0,3
org_g8sbi4q2,2025-07-14,networking,0.2437,0.0,0.5115,21.0764,0.0,0.0,3
org_g8sbi4q2,2025-07-14,storage,4.0645999999999995,211.0,0.9302,0.0,0.0,0.0,3
org_g8sbi4q2,2025-07-15,networking,1.2848,117.0,2.4351,0.0,0.0,0.0,3
org_g8sbi4q2,2025-07-15,storage,4.336499999999999,239.0,10.0625,0.0,0.0,0.0,6
org_g8sbi4q2,2025-07-16,compute,9.392299999999999,119.0,0.0,18.8475,0.0,0.0,3
org_g8sbi4q2,2025-07-16,database,6.0757,107.0,3.2441,2.0458,0.0,0.0,3
org_g8sbi4q2,2025-07-16,storage,2.5229,135.0,2.9471,0.0,0.0,0.0,3
org_g8sbi4q2,2025-07-17,compute,7.835999999999999,110.0,1.8365,1.1387,0.0,0.0,3
org_g8sbi4q2,2025-07-17,networking,1.07,126.0,0.0,1.6555,0.0,0.0,3
org_g8sbi4q2,2025-07-17,storage,2.3758,116.0,6.439,0.0,0.0,0.0,3
org_g8sbi4q2,2025-07-18,storage,9.4158,369.0,2.9538,23.4281,0.0,0.07907700000000001,6
org_g8sbi4q2,2025-07-19,storage,5.9496,219.0,4.427,21.9295,0.0,0.049072000000000005,6
org_g8sbi4q2,2025-07-20,database,0.2636,0.0,2.0883,3.4455,0.0,0.0011070000000000001,2
org_g8sbi4q2,2025-07-20,networking,0.0859,0.0,0.4341,8.624500000000001,0.0,0.001812,3
org_g8sbi4q2,2025-07-20,storage,12.6382,501.0,0.0,19.5619,0.0,0.10411200000000001,6
org_g8sbi4q2,2025-07-21,networking,1.2457,113.0,4.4623,0.0,0.0,0.023493,3
org_g8sbi4q2,2025-07-21,storage,9.082799999999999,478.0,0.0,8.7115,0.0,0.09734200000000001,6
org_g8sbi4q2,2025-07-22,compute,10.2916,112.0,0.9149,24.0301,0.0,0.027389,3
org_g8sbi4q2,2025-07-22,database,15.9267,344.0,0.0,0.0,0.0,0.0688,3
org_g8sbi4q2,2025-07-22,networking,2.0118,217.0,0.193,0.0,0.0,0.043439000000000005,3
org_g8sbi4q2,2025-07-22,storage,7.1572,346.0,2.0078,33.0216,0.0,0.076205,9
org_g8sbi4q2,2025-07-23,storage,0.4004,0.0,2.0051,13.9145,0.0,0.003184,3
org_g8sbi4q2,2025-07-24,storage,0.5974,0.0,1.8543,24.1924,0.0,0.005209,3
org_g8sbi4q2,2025-07-25,compute,17.7813,247.0,0.0,14.3599,0.0,0.052272,3
org_g8sbi4q2,2025-07-25,database,12.508000000000001,252.0,2.1312,0.0,0.0,0.050825999999999996,3
org_g8sbi4q2,2025-07-25,networking,0.1252,0.0,4.7791999999999994,8.1597,0.0,0.002588,3
org_g8sbi4q2,2025-07-25,storage,0.2323,0.0,2.4834,8.2314,0.0,0.002143,3
org_g8sbi4q2,2025-07-26,database,11.5824,223.0,0.0,0.1869,0.0,0.044636999999999996,3
org_g8sbi4q2,2025-07-26,storage,5.3977,242.0,0.0,0.0,0.0,0.0484,3
org_g8sbi4q2,2025-07-27,database,0.4755,0.0,1.4942,8.2893,0.0,0.001957,3
org_g8sbi4q2,2025-07-27,storage,3.9287,129.0,1.7888,46.0084,0.0,0.03536,6
org_g8sbi4q2,2025-07-28,compute,12.244100000000001,117.0,0.0,32.330200000000005,0.0,0.029866,3
org_g8sbi4q2,2025-07-28,database,11.6769,238.0,0.0,1.8406,0.0,0.047968,3
org_g8sbi4q2,2025-07-28,storage,15.033,669.0,4.7968,0.0,0.0,0.134759,9
org_g8sbi4q2,2025-07-29,database,8.3178,136.0,4.4605,0.0,0.0,0.028092,3
org_g8sbi4q2,2025-07-29,storage,7.2905999999999995,335.0,0.0,0.0,0.0,0.067,3
org_g8sbi4q2,2025-07-30,networking,1.3636,131.0,0.0,6.1352,0.0,0.027427,3
org_g8sbi4q2,2025-07-30,storage,4.4795,224.0,5.1173,1.9476,0.0,0.046213000000000004,6
org_g8sbi4q2,2025-07-31,database,16.095100000000002,321.0,0.0,0.0,0.0,0.06420000000000001,3
org_g8sbi4q2,2025-07-31,networking,1.4066,113.0,0.0,21.737000000000002,0.0,0.026947,3
org_g8sbi4q2,2025-08-01,database,1.8761999999999999,0.0,1.993,31.601100000000002,0.0,0.006719000000000001,3
org_g8sbi4q2,2025-08-01,networking,0.42479999999999996,0.0,0.7668,36.2868,0.0,0.00741,3
org_g8sbi4q2,2025-08-01,storage,2.9747999999999997,137.0,0.0,46.3692,0.0,0.036673000000000004,6
org_g8sbi4q2,2025-08-02,networking,0.38,0.0,0.0,38.1452,0.0,0.007629,3
org_g8sbi4q2,2025-08-02,storage,10.420200000000001,468.0,0.0611,16.8783,0.0,0.096988,6
org_g8sbi4q2,2025-08-03,database,10.3302,211.0,0.0,11.8443,0.0,0.044569,3
org_g8sbi4q2,2025-08-03,storage,11.1434,607.0,5.3599,6.69,0.0,0.123809,9
org_g8sbi4q2,2025-08-04,compute,0.6900999999999999,0.0,2.1584,5.9237,0.0,0.001616,3
org_g8sbi4q2,2025-08-04,database,9.5873,254.0,0.082,0.0,0.0,0.050816,3
org_g8sbi4q2,2025-08-05,database,142.947,129.0,0.0,13.0952,0.0,0.028419,3
org_g8sbi4q2,2025-08-05,networking,3.8147,369.0,0.0,0.0,0.0,0.0738,3
org_g8sbi4q2,2025-08-05,storage,6.408900000000001,244.0,0.0,2.6153,0.0,0.049323,3
org_g8sbi4q2,2025-08-06,compute,19.8065,236.0,0.0,0.0,0.0,0.047200000000000006,3
org_g8sbi4q2,2025-08-06,database,1.5139,0.0,1.8626,29.235300000000002,0.0,0.00622,3
org_g8sbi4q2,2025-08-06,networking,1.396,141.0,2.6707,25.1078,0.0,0.033756,3
org_g8sbi4q2,2025-08-06,storage,5.4954,253.0,0.0,23.7725,0.0,0.055354,6
org_g8sbi4q2,2025-08-07,database,13.2315,264.0,0.4763,0.0,0.0,0.052895,3
org_g8sbi4q2,2025-08-07,networking,0.0592,0.0,0.7234,4.3353,0.0,0.001012,3
org_g8sbi4q2,2025-08-07,storage,7.3009,361.0,0.0,32.2535,0.0,0.078651,6
org_g8sbi4q2,2025-08-08,compute,20.5813,234.0,0.6925,0.0,0.0,0.046938999999999995,3
org_g8sbi4q2,2025-08-08,networking,2.2297,235.0,0.0,0.0,0.0,0.047,2
org_g8sbi4q2,2025-08-08,storage,9.2204,473.0,3.8521,0.0,0.0,0.09537100000000001,9
org_g8sbi4q2,2025-08-09,compute,22.404,234.0,0.0,5.1755,0.0,0.047835,3
org_g8sbi4q2,2025-08-09,database,18.2143,368.0,0.0,0.0,0.0,0.0736,3
org_g8sbi4q2,2025-08-09,storage,51.417300000000004,226.0,0.0,16.0808,0.0,0.048416,3
org_g8sbi4q2,2025-08-10,networking,0.163,0.0,1.8784,17.7853,0.0,0.003933,3
org_g8sbi4q2,2025-08-10,storage,2.4375,103.0,0.1638,7.5663,0.0,0.022146,3
org_g8sbi4q2,2025-08-11,storage,0.8415999999999999,0.0,1.686,40.2928,0.0,0.008396,6
org_g8sbi4q2,2025-08-12,compute,6.6733,113.0,0.0,0.0,0.0,0.0226,3
org_g8sbi4q2,2025-08-12,networking,1.7982,134.0,0.366,9.0583,0.0,0.028685000000000002,3
org_g8sbi4q2,2025-08-12,storage,2.7826,127.0,0.0,21.3701,0.0,0.029674,3
org_g8sbi4q2,2025-08-13,networking,2.5054,250.0,0.0,11.3442,0.0,0.052269,3
org_g8sbi4q2,2025-08-13,storage,6.455400000000001,351.0,2.5978,31.381,0.0,0.076996,6
org_g8sbi4q2,2025-08-14,compute,21.0171,237.0,0.0,5.7827,0.0,0.048557,3
org_g8sbi4q2,2025-08-14,database,17.2229,390.0,0.0,0.0,0.0,0.078,3
org_g8sbi4q2,2025-08-14,storage,8.4916,369.0,3.7916999999999996,43.6006,0.0,0.08327799999999999,9
org_g8sbi4q2,2025-08-15,compute,10.851099999999999,113.0,3.0189,0.0,0.0,0.023204,2
org_g8sbi4q2,2025-08-15,database,12.2996,237.0,0.0,6.3406,0.0,0.048668,3
org_g8sbi4q2,2025-08-15,storage,8.6123,360.0,0.0,43.8809,0.0,0.08077699999999999,6
org_g8sbi4q2,2025-08-16,database,17.921,371.0,0.0,0.0,0.0,0.0742,3
org_g8sbi4q2,2025-08-16,storage,11.159099999999999,464.0,0.0,32.2874,0.0,0.09925700000000001,6
org_g8sbi4q2,2025-08-17,compute,20.8248,254.0,1.5105,0.0,0.0,0.051102,3
org_g8sbi4q2,2025-08-17,storage,5.4318,225.0,0.0,15.1857,0.0,0.048036999999999996,3
org_g8sbi4q2,2025-08-18,database,8.0045,118.0,0.0,20.936,0.0,0.027787,3
org_g8sbi4q2,2025-08-18,storage,0.1257,0.0,6.2644,0.0,0.0,0.001253,3
org_g8sbi4q2,2025-08-19,compute,8.7444,102.0,1.8407,11.0072,0.0,0.022969000000000003,3
org_g8sbi4q2,2025-08-19,database,11.5807,246.0,1.4825,0.0,0.0,0.049496,3
org_g8sbi4q2,2025-08-19,networking,2.1066,217.0,0.0,23.0164,0.0,0.048003000000000004,3
org_g8sbi4q2,2025-08-19,storage,0.0495,0.0,2.3493,0.0,0.0,4.7E-4,3
org_g8sbi4q2,2025-08-20,database,13.4362,264.0,2.32,0.0,0.0,0.053264,3
org_g8sbi4q2,2025-08-20,networking,2.4979999999999998,233.0,0.0,0.0,0.0,0.0466,3
org_g8sbi4q2,2025-08-20,storage,2.8395,119.0,2.8324,9.0415,0.0,0.026174000000000003,3
org_g8sbi4q2,2025-08-21,compute,1.5811,0.0,2.5814,17.2672,0.0,0.003969,3
org_g8sbi4q2,2025-08-21,database,12.321,250.0,0.0,0.0,0.0,0.05,3
org_g8sbi4q2,2025-08-21,networking,3.2567000000000004,357.0,0.0,0.0,0.0,0.07139999999999999,3
org_g8sbi4q2,2025-08-21,storage,9.3711,457.0,11.7194,9.2305,0.0,0.09559100000000001,9
org_g8sbi4q2,2025-08-22,compute,14.9793,214.0,1.2471,0.0,0.0,0.043049000000000004,3
org_g8sbi4q2,2025-08-22,database,0.7606999999999999,0.0,2.8000999999999996,13.951,0.0,0.0033499999999999997,3
org_g8sbi4q2,2025-08-22,storage,0.3004,0.0,3.0434,13.3024,0.0,0.0032700000000000003,3
org_g8sbi4q2,2025-08-23,database,15.5001,263.0,0.0,0.0,0.0,0.0526,3
org_g8sbi4q2,2025-08-23,storage,0.7371,0.0,7.6832,22.1203,0.0,0.005961,6
org_g8sbi4q2,2025-08-24,database,7.007600000000001,128.0,0.0,13.1596,0.0,0.028232,3
org_g8sbi4q2,2025-08-24,storage,12.506699999999999,622.0,8.5352,7.3769,0.0,0.127582,9
org_g8sbi4q2,2025-08-25,database,7.3396,115.0,4.3071,0.0,0.0,0.023861,3
org_g8sbi4q2,2025-08-25,networking,2.2048,242.0,0.0,13.3311,0.0,0.051066,3
org_g8sbi4q2,2025-08-25,storage,0.4416,0.0,0.0,28.1826,0.0,0.005637,3
org_g8sbi4q2,2025-08-26,compute,10.5948,115.0,1.664,17.9296,0.0,0.026919,3
org_g8sbi4q2,2025-08-26,storage,3.2474000000000003,130.0,0.0,10.9662,0.0,0.028193,3
org_g8sbi4q2,2025-08-27,compute,11.3265,136.0,3.3005000000000004,0.0,0.0,0.02786,3
org_g8sbi4q2,2025-08-27,networking,2.729,251.0,0.0,21.8109,0.0,0.054562,3
org_g8sbi4q2,2025-08-27,storage,7.2498,355.0,0.0,0.0,0.0,0.07100000000000001,3
org_g8sbi4q2,2025-08-28,compute,0.64,0.0,2.4875,7.1144,0.0,0.001921,3
org_g8sbi4q2,2025-08-28,database,10.8956,212.0,2.6275,0.0,0.0,0.042926,3
org_g8sbi4q2,2025-08-28,networking,2.5807,250.0,0.2516,0.0,0.0,0.05005,3
org_g8sbi4q2,2025-08-28,storage,4.5692,235.0,0.0,48.761799999999994,0.0,0.056753,6
org_g8sbi4q2,2025-08-29,database,6.8558,126.0,1.664,11.6447,0.0,0.027862,3
org_g8sbi4q2,2025-08-29,networking,1.5099,119.0,0.0,26.961199999999998,0.0,0.029192000000000003,3
org_g8sbi4q2,2025-08-29,storage,3.1073000000000004,0.0,0.4234,57.26389999999999,0.0,0.011537,6
org_g8sbi4q2,2025-08-30,compute,10.6878,123.0,4.2936,9.8457,0.0,0.027427999999999998,3
org_g8sbi4q2,2025-08-30,storage,5.8062000000000005,269.0,8.7747,14.4872,0.0,0.058452000000000004,9
org_g8sbi4q2,2025-08-31,compute,25.624000000000002,359.0,0.0,0.0,0.0,0.0718,3
org_g8sbi4q2,2025-08-31,database,4.602600000000001,108.0,4.069,0.0,0.0,0.022414,3
org_g8sbi4q2,2025-08-31,networking,1.8658,227.0,0.4462,0.0,0.0,0.045489,3
org_g8sbi4q2,2025-08-31,storage,12.225,485.0,4.326,35.7359,0.0,0.105012,6
org_gv0e38da,2025-07-04,storage,6.7722999999999995,256.0,0.0,18.4035,0.0,0.0,3
org_gv0e38da,2025-07-06,storage,0.0895,0.0,4.856,0.0,0.0,0.0,3
org_gv0e38da,2025-07-07,networking,3.4476,327.0,0.0,0.0,0.0,0.0,3
org_gv0e38da,2025-07-07,storage,0.6579999999999999,0.0,1.7946,27.0398,0.0,0.0,3
org_gv0e38da,2025-07-08,networking,1.1802,104.0,1.5543,20.5934,0.0,0.0,3
org_gv0e38da,2025-07-08,storage,2.7887000000000004,114.0,0.0,5.9893,0.0,0.0,3
org_gv0e38da,2025-07-09,networking,1.0492000000000001,114.0,3.0006,1.0984,0.0,0.0,3
org_gv0e38da,2025-07-10,networking,3.0428,315.0,0.0,0.0,0.0,0.0,3
org_gv0e38da,2025-07-10,storage,2.4899,121.0,2.7566,0.0,0.0,0.0,3
org_gv0e38da,2025-07-11,storage,2.9436,137.0,3.9583000000000004,0.0,0.0,0.0,3
org_gv0e38da,2025-07-12,networking,2.3636999999999997,229.0,0.5239,0.0,0.0,0.0,3
org_gv0e38da,2025-07-13,networking,1.3172,113.0,1.092,0.0,0.0,0.0,3
org_gv0e38da,2025-07-14,networking,1.5507000000000002,106.0,0.0,28.143,0.0,0.0,3
org_gv0e38da,2025-07-14,storage,0.4981,0.0,0.0,23.2906,0.0,0.0,3
org_gv0e38da,2025-07-15,storage,0.0995,0.0,4.7615,0.0,0.0,0.0,3
org_gv0e38da,2025-07-16,networking,1.5952,135.0,0.0,8.4514,0.0,0.0,3
org_gv0e38da,2025-07-16,storage,0.746,0.0,3.0975,34.579299999999996,0.0,0.0,3
org_gv0e38da,2025-07-19,networking,0.11710000000000001,0.0,4.129,7.8123,0.0,0.002388,3
org_gv0e38da,2025-07-19,storage,2.8836999999999997,135.0,3.3383,0.0,0.0,0.027667,3
org_gv0e38da,2025-07-20,storage,2.1313999999999997,96.0,2.5734,3.5377,0.0,0.020423,3
org_gv0e38da,2025-07-22,networking,1.3217999999999999,124.0,0.0983,8.9046,0.0,0.026601,3
org_gv0e38da,2025-07-22,storage,2.7873,113.0,0.0,30.6552,0.0,0.028732,3
org_gv0e38da,2025-07-23,networking,2.7466999999999997,250.0,0.8567,0.0,0.0,0.050171,3
org_gv0e38da,2025-07-24,networking,3.1845,353.0,0.0,0.0,0.0,0.0706,3
org_gv0e38da,2025-07-25,storage,2.9067,126.0,0.0,2.2328,0.0,0.025647,2
org_gv0e38da,2025-07-26,networking,4.1417,382.0,0.0,0.0,0.0,0.07640000000000001,3
org_gv0e38da,2025-07-27,networking,1.3156,114.0,1.3317,17.0976,0.0,0.026486,3
org_gv0e38da,2025-07-27,storage,6.8944,351.0,0.0,0.0,0.0,0.07020000000000001,3
org_gv0e38da,2025-07-28,networking,1.4607999999999999,130.0,1.5611,5.0047,0.0,0.027312999999999997,3
org_gv0e38da,2025-07-28,storage,4.5183,125.0,0.0,5.9059,0.0,0.026181000000000003,3
org_gv0e38da,2025-07-29,networking,1.034,107.0,2.1699,0.7621,0.0,0.021986,3
org_gv0e38da,2025-07-29,storage,3.8318000000000003,119.0,0.0,46.0006,0.0,0.033,3
org_gv0e38da,2025-07-31,storage,0.5267,0.0,3.3253,22.2952,0.0,0.005124,3
org_gv0e38da,2025-08-01,networking,0.12840000000000001,0.0,6.086399999999999,6.739,0.0,0.0025659999999999997,3
org_gv0e38da,2025-08-01,storage,2.5153,129.0,0.0,21.4007,0.0,0.03008,3
org_gv0e38da,2025-08-02,networking,2.5488999999999997,249.0,3.1587,0.0,0.0,0.050432,3
org_gv0e38da,2025-08-02,storage,5.437399999999999,236.0,0.9097,0.0,0.0,0.047382,3
org_gv0e38da,2025-08-03,networking,3.578,346.0,0.0,0.0,0.0,0.0692,3
org_gv0e38da,2025-08-03,storage,4.6152999999999995,234.0,0.0,16.5331,0.0,0.050107,3
org_gv0e38da,2025-08-04,networking,1.5308000000000002,109.0,0.0,12.7065,0.0,0.024341,3
org_gv0e38da,2025-08-04,storage,2.897,112.0,4.0379,9.2658,0.0,0.025061,3
org_gv0e38da,2025-08-05,storage,1.4512,103.0,1.2914,0.0,0.0,0.020858,3
org_gv0e38da,2025-08-06,storage,3.4556,131.0,3.8853,0.0,0.0,0.026977,3
org_gv0e38da,2025-08-07,storage,6.0535000000000005,279.0,0.0,11.6768,0.0,0.058135,3
org_gv0e38da,2025-08-08,networking,0.0617,0.0,0.407,5.8087,0.0,0.001243,3
org_gv0e38da,2025-08-09,networking,1.2517,105.0,0.1488,0.0,0.0,0.02103,3
org_gv0e38da,2025-08-09,storage,0.44070000000000004,0.0,1.1929,18.5533,0.0,0.0039499999999999995,3
org_gv0e38da,2025-08-11,networking,2.6504000000000003,228.0,0.0,12.7601,0.0,0.048152,3
org_gv0e38da,2025-08-11,storage,3.7992,236.0,2.5886,0.0,0.0,0.047718,3
org_gv0e38da,2025-08-12,networking,3.4323,346.0,0.0,0.0,0.0,0.0692,3
org_gv0e38da,2025-08-13,networking,3.3594999999999997,360.0,0.0,0.0,0.0,0.07200000000000001,3
org_gv0e38da,2025-08-13,storage,8.4983,344.0,0.0,0.0,0.0,0.0688,3
org_gv0e38da,2025-08-14,networking,2.4582,233.0,0.0,21.7194,0.0,0.050944,3
org_gv0e38da,2025-08-15,storage,5.0295000000000005,261.0,1.3391,0.0,0.0,0.052468,3
org_gv0e38da,2025-08-16,networking,1.2521000000000002,107.0,1.038,13.3279,0.0,0.024273999999999997,3
org_gv0e38da,2025-08-16,storage,0.032,0.0,1.6368,0.0,0.0,3.27E-4,3
org_gv0e38da,2025-08-18,networking,1.6415000000000002,122.0,0.0,20.424599999999998,0.0,0.028485000000000003,3
org_gv0e38da,2025-08-19,networking,0.39730000000000004,0.0,2.4037,35.513000000000005,0.0,0.0075829999999999995,3
org_gv0e38da,2025-08-19,storage,4.155900000000001,121.0,2.3826,0.0,0.0,0.024676999999999998,3
org_gv0e38da,2025-08-20,storage,7.6866,365.0,0.0,0.0,0.0,0.07300000000000001,3
org_gv0e38da,2025-08-21,networking,1.5064,136.0,4.1236,11.3074,0.0,0.030285999999999997,3
org_gv0e38da,2025-08-21,storage,3.5886,111.0,0.0,26.2739,0.0,0.027455,3
org_gv0e38da,2025-08-22,networking,1.2882,119.0,7.573,0.0,0.0,0.025315,3
org_gv0e38da,2025-08-22,storage,0.8323,0.0,3.6334,41.0257,0.0,0.008931999999999999,3
org_gv0e38da,2025-08-24,storage,0.0,0.0,0.0,0.0,0.0,0.0,3
org_gv0e38da,2025-08-26,storage,2.7100999999999997,118.0,0.0,26.7793,0.0,0.028954999999999998,3
org_gv0e38da,2025-08-27,networking,2.5492,240.0,0.8779,0.0,0.0,0.048176,3
org_gv0e38da,2025-08-29,storage,0.1996,0.0,2.1437,9.7469,0.0,0.002378,2
org_gv0e38da,2025-08-30,networking,2.5011,111.0,0.0,16.9498,0.0,0.02559,3
org_gv0e38da,2025-08-30,storage,2.5892999999999997,94.0,1.5505,21.2767,0.0,0.023365,3
org_h2m5zja8,2025-07-03,genai,44.121700000000004,356.0,0.0,0.0,0.0,0.0,3
org_h2m5zja8,2025-07-03,networking,0.0858,0.0,0.9605,3.9931,0.0,0.0,3
org_h2m5zja8,2025-07-04,genai,68.9775,492.0,1.4113,0.0,0.0,0.0,6
org_h2m5zja8,2025-07-04,networking,2.3041,259.0,2.2802,0.0,0.0,0.0,3
org_h2m5zja8,2025-07-05,genai,16.5193,127.0,2.4972,0.0,0.0,0.0,2
org_h2m5zja8,2025-07-05,networking,3.5599,371.0,0.0,36.1267,0.0,0.0,6
org_h2m5zja8,2025-07-06,genai,15.5429,111.0,2.9343,3.8452,0.0,0.0,3
org_h2m5zja8,2025-07-06,networking,5.0205,470.0,1.5789,48.818,0.0,0.0,9
org_h2m5zja8,2025-07-07,genai,45.3383,396.0,0.0,18.7314,0.0,0.0,6
org_h2m5zja8,2025-07-07,networking,4.0839,350.0,0.0,15.054599999999999,0.0,0.0,6
org_h2m5zja8,2025-07-08,genai,32.8866,252.0,1.2644,0.0,0.0,0.0,3
org_h2m5zja8,2025-07-08,networking,4.144299999999999,362.0,0.3321,44.6648,0.0,0.0,9
org_h2m5zja8,2025-07-09,genai,46.0958,353.0,5.1030999999999995,2.4792,0.0,0.0,6
org_h2m5zja8,2025-07-10,genai,12.3736,113.0,0.0,0.0,0.0,0.0,3
org_h2m5zja8,2025-07-10,networking,3.8141,336.0,0.511,19.9316,0.0,0.0,6
org_h2m5zja8,2025-07-11,genai,76.1755,641.0,0.0,12.9062,0.0,0.0,6
org_h2m5zja8,2025-07-11,networking,2.9006000000000003,241.0,0.0,38.8611,0.0,0.0,6
org_h2m5zja8,2025-07-12,genai,35.7687,256.0,4.8061,10.762,0.0,0.0,6
org_h2m5zja8,2025-07-12,networking,6.1371,602.0,5.1267,18.683300000000003,0.0,0.0,9
org_h2m5zja8,2025-07-13,genai,40.608900000000006,332.0,7.3741,1.1129,0.0,0.0,6
org_h2m5zja8,2025-07-13,networking,1.4144999999999999,106.0,2.9146,15.3896,0.0,0.0,5
org_h2m5zja8,2025-07-14,genai,33.9355,259.0,2.4991000000000003,2.083,0.0,0.0,6
org_h2m5zja8,2025-07-14,networking,2.6203000000000003,128.0,0.0,4.8601,0.0,0.0,3
org_h2m5zja8,2025-07-15,genai,20.074,131.0,3.0907,13.4894,0.0,0.0,3
org_h2m5zja8,2025-07-15,networking,3.6991000000000005,359.0,2.4346,1.8754,0.0,0.0,6
org_h2m5zja8,2025-07-16,genai,33.5034,235.0,0.0,32.8418,0.0,0.0,3
org_h2m5zja8,2025-07-16,networking,1.259,123.0,0.0,38.1406,0.0,0.0,5
org_h2m5zja8,2025-07-17,genai,29.4384,247.0,3.8723,0.0,0.0,0.0,3
org_h2m5zja8,2025-07-17,networking,0.0095,0.0,0.0,1.1313,0.0,0.0,3
org_h2m5zja8,2025-07-18,genai,45.8774,368.0,4.9443,13.5265,4886.0,0.077294,6
org_h2m5zja8,2025-07-18,networking,1.5171,125.0,0.2518,13.669,0.0,0.027784000000000003,3
org_h2m5zja8,2025-07-19,genai,64.9734,481.0,0.0,10.3908,5936.0,0.09827799999999999,6
org_h2m5zja8,2025-07-19,networking,0.345,0.0,2.9861000000000004,33.9469,0.0,0.007386,6
org_h2m5zja8,2025-07-20,genai,47.55179999999999,365.0,4.7681000000000004,17.5744,8036.0,0.07746700000000001,9
org_h2m5zja8,2025-07-20,networking,3.4805,346.0,3.0499,11.1229,0.0,0.072035,6
org_h2m5zja8,2025-07-21,genai,38.229,322.0,1.4147,16.7481,3446.0,0.068033,6
org_h2m5zja8,2025-07-21,networking,4.4883,383.0,0.0,42.8135,0.0,0.08516299999999999,6
org_h2m5zja8,2025-07-22,genai,1.5351000000000001,0.0,2.3004,11.0961,3534.0,0.00268,3
org_h2m5zja8,2025-07-22,networking,0.2113,0.0,0.0,22.3368,0.0,0.0044670000000000005,3
org_h2m5zja8,2025-07-23,genai,28.4761,260.0,7.104,24.5755,2624.0,0.058336,6
org_h2m5zja8,2025-07-23,networking,2.0309,210.0,0.0,0.0,0.0,0.042,3
org_h2m5zja8,2025-07-24,genai,39.0911,262.0,0.0,19.2118,1603.0,0.056242,3
org_h2m5zja8,2025-07-24,networking,2.5816,244.0,4.6559,24.4555,0.0,0.054622,6
org_h2m5zja8,2025-07-25,genai,64.48349999999999,396.0,7.7081,42.4469,8105.0,0.08923,9
org_h2m5zja8,2025-07-25,networking,0.24130000000000001,0.0,5.6769,16.8751,0.0,0.004511,3
org_h2m5zja8,2025-07-26,genai,14.999,114.0,0.0,4.9394,2173.0,0.023788,3
org_h2m5zja8,2025-07-26,networking,1.2625,108.0,0.0,4.893,0.0,0.022579000000000002,3
org_h2m5zja8,2025-07-27,genai,26.083199999999998,210.0,0.0,5.3749,2941.0,0.043075,3
org_h2m5zja8,2025-07-27,networking,2.8811999999999998,237.0,0.0,21.1876,0.0,0.051637999999999996,3
org_h2m5zja8,2025-07-28,genai,32.122600000000006,216.0,1.6319,17.8905,3718.0,0.047104,5
org_h2m5zja8,2025-07-28,networking,0.3443,0.0,0.0,33.462599999999995,0.0,0.006693,3
org_h2m5zja8,2025-07-29,genai,21.504499999999997,123.0,5.3074,9.7637,4833.0,0.027614,6
org_h2m5zja8,2025-07-29,networking,3.8867000000000003,252.0,0.0,15.6989,0.0,0.05354,6
org_h2m5zja8,2025-07-30,genai,27.765,216.0,5.5215,1.4273,3656.0,0.044589000000000004,6
org_h2m5zja8,2025-07-30,networking,2.7804,231.0,4.859,0.0,0.0,0.047172000000000006,6
org_h2m5zja8,2025-07-31,genai,56.995000000000005,387.0,5.4786,0.0,4910.0,0.078496,6
org_h2m5zja8,2025-08-01,genai,44.7246,378.0,1.6273,9.0183,3800.0,0.07772899999999999,6
org_h2m5zja8,2025-08-01,networking,2.3882000000000003,196.0,2.5711,14.9727,0.0,0.042709,6
org_h2m5zja8,2025-08-02,genai,40.4108,361.0,4.7963000000000005,0.0,3999.0,0.073159,6
org_h2m5zja8,2025-08-02,networking,0.15660000000000002,0.0,1.7987,12.7103,0.0,0.002902,3
org_h2m5zja8,2025-08-03,networking,3.6437,354.0,0.0,19.7636,0.0,0.074753,6
org_h2m5zja8,2025-08-04,genai,14.0938,117.0,3.6300999999999997,0.0,4795.0,0.024126,3
org_h2m5zja8,2025-08-04,networking,1.814,116.0,9.697700000000001,36.1486,0.0,0.032369,9
org_h2m5zja8,2025-08-05,genai,29.609,228.0,6.6392999999999995,14.3382,5498.0,0.049796,6
org_h2m5zja8,2025-08-06,genai,34.1737,258.0,0.0,7.9133,2216.0,0.053183,3
org_h2m5zja8,2025-08-06,networking,3.4422,252.0,0.0,95.8394,0.0,0.069567,9
org_h2m5zja8,2025-08-07,genai,34.78960000000001,243.0,4.756,71.1358,6826.0,0.063778,9
org_h2m5zja8,2025-08-07,networking,3.4825,243.0,1.0386,51.6715,0.0,0.059142,6
org_h2m5zja8,2025-08-08,networking,7.3972999999999995,707.0,1.7851,21.6539,0.0,0.146088,9
org_h2m5zja8,2025-08-09,genai,27.955699999999997,239.0,4.7079,15.9755,5274.0,0.051937000000000004,6
org_h2m5zja8,2025-08-09,networking,5.5029,453.0,2.3387,18.415,0.0,0.094751,6
org_h2m5zja8,2025-08-10,genai,9.099599999999999,0.0,2.2518,64.5152,5262.0,0.013354000000000001,6
org_h2m5zja8,2025-08-10,networking,6.9406,627.0,6.5882000000000005,13.4025,0.0,0.129398,9
org_h2m5zja8,2025-08-11,genai,31.2658,234.0,6.4277999999999995,25.4581,5975.0,0.053177,9
org_h2m5zja8,2025-08-11,networking,6.9908,621.0,3.3722,26.7438,0.0,0.130222,9
org_h2m5zja8,2025-08-12,genai,28.630699999999997,212.0,4.2518,33.041799999999995,5399.0,0.049858000000000006,6
org_h2m5zja8,2025-08-12,networking,3.9664,360.0,2.6950000000000003,11.2663,0.0,0.074792,6
org_h2m5zja8,2025-08-13,genai,15.0102,121.0,0.0,14.056099999999999,2697.0,0.027011,3
org_h2m5zja8,2025-08-13,networking,6.7017,697.0,1.2235,24.671,0.0,0.144579,9
org_h2m5zja8,2025-08-14,genai,7.4042,0.0,5.7481,61.400999999999996,7404.0,0.01343,6
org_h2m5zja8,2025-08-14,networking,3.2043999999999997,353.0,2.4193,3.0931,0.0,0.07170299999999999,5
org_h2m5zja8,2025-08-15,genai,12.3459,128.0,6.337999999999999,2.2002,3077.0,0.027306999999999998,6
org_h2m5zja8,2025-08-15,networking,1.1623,125.0,0.0,0.0,0.0,0.025,3
org_h2m5zja8,2025-08-16,genai,49.1109,356.0,4.7588,19.9747,4406.0,0.076147,6
org_h2m5zja8,2025-08-16,networking,2.4841,245.0,4.3073999999999995,26.8933,0.0,0.05524,9
org_h2m5zja8,2025-08-17,genai,77.0881,628.0,2.5625999999999998,9.7772,10622.0,0.12806800000000002,9
org_h2m5zja8,2025-08-17,networking,2.509,223.0,9.2004,46.5731,0.0,0.055754000000000005,9
org_h2m5zja8,2025-08-18,genai,62.959700000000005,490.0,3.2412,23.6017,4107.0,0.103368,6
org_h2m5zja8,2025-08-18,networking,4.7977,378.0,7.4621,53.3008,0.0,0.087753,9
org_h2m5zja8,2025-08-19,genai,45.7391,355.0,0.0,52.5565,2954.0,0.081511,6
org_h2m5zja8,2025-08-19,networking,3.6929,374.0,0.0,7.2072,0.0,0.076241,6
org_h2m5zja8,2025-08-20,genai,19.383300000000002,124.0,5.9635,31.8878,4097.0,0.032369999999999996,6
org_h2m5zja8,2025-08-20,networking,3.7953,392.0,8.4933,27.4206,0.0,0.08558299999999999,9
org_h2m5zja8,2025-08-21,genai,2.0446,0.0,4.776400000000001,10.0316,3189.0,0.002962,3
org_h2m5zja8,2025-08-21,networking,2.4954,246.0,5.459,22.3732,0.0,0.054767,9
org_h2m5zja8,2025-08-22,genai,63.870200000000004,482.0,0.698,52.8631,8249.0,0.10711199999999999,9
org_h2m5zja8,2025-08-22,networking,1.5619,111.0,1.3074,20.6012,0.0,0.026582,5
org_h2m5zja8,2025-08-23,genai,108.6738,836.0,2.2022,2.8844,8458.0,0.168217,9
org_h2m5zja8,2025-08-23,networking,5.663799999999999,500.0,3.4689,0.0,0.0,0.100694,6
org_h2m5zja8,2025-08-24,genai,0.2284,0.0,0.5888,0.0,3779.0,1.18E-4,3
org_h2m5zja8,2025-08-24,networking,3.9197999999999995,389.0,3.0682,21.7532,0.0,0.082765,6
org_h2m5zja8,2025-08-25,genai,30.509700000000002,245.0,0.0,6.1863,2938.0,0.050237000000000004,3
org_h2m5zja8,2025-08-25,networking,3.3654,333.0,7.212999999999999,24.4127,0.0,0.07292499999999999,8
org_h2m5zja8,2025-08-26,genai,51.7291,386.0,0.0,0.0,1608.0,0.0772,3
org_h2m5zja8,2025-08-26,networking,1.4285,116.0,2.2061,6.8409,0.0,0.025009,3
org_h2m5zja8,2025-08-27,genai,48.0153,331.0,0.0,61.164,6941.0,0.078432,9
org_h2m5zja8,2025-08-27,networking,1.3963,134.0,0.0,12.491399999999999,0.0,0.029298,3
org_h2m5zja8,2025-08-28,genai,57.3382,491.0,1.8026,0.0,3526.0,0.098561,6
org_h2m5zja8,2025-08-28,networking,2.9697,253.0,0.0,4.7841,0.0,0.051557,3
org_h2m5zja8,2025-08-29,genai,39.39790000000001,245.0,3.443,75.33519999999999,6466.0,0.064756,9
org_h2m5zja8,2025-08-29,networking,4.1400999999999994,368.0,0.0,44.2118,0.0,0.082442,6
org_h2m5zja8,2025-08-30,genai,51.9366,359.0,0.0,0.0,3187.0,0.0718,3
org_h2m5zja8,2025-08-30,networking,2.2831,222.0,0.0,6.0485,0.0,0.045610000000000005,3
org_h2m5zja8,2025-08-31,genai,48.0452,397.0,6.6805,12.7439,3840.0,0.083285,6
org_h2m5zja8,2025-08-31,networking,4.7204,437.0,0.0,17.6752,0.0,0.090935,6
org_he7ur23g,2025-07-03,compute,20.857499999999998,239.0,5.5387,15.2765,0.0,0.0,6
org_he7ur23g,2025-07-03,database,11.8227,241.0,0.0,9.5665,0.0,0.0,3
org_he7ur23g,2025-07-03,networking,1.2908,112.0,4.7822,0.0,0.0,0.0,3
org_he7ur23g,2025-07-04,compute,47.5499,387.0,4.0042,42.5241,0.0,0.0,9
org_he7ur23g,2025-07-05,compute,31.8333,389.0,3.0743,5.351,0.0,0.0,6
org_he7ur23g,2025-07-05,database,13.3697,259.0,0.0,8.9486,0.0,0.0,3
org_he7ur23g,2025-07-06,compute,9.6183,125.0,0.0,6.827,0.0,0.0,3
org_he7ur23g,2025-07-06,database,1.2691,0.0,0.0,28.8812,0.0,0.0,3
org_he7ur23g,2025-07-07,compute,32.0202,347.0,0.0,0.0,0.0,0.0,3
org_he7ur23g,2025-07-07,database,5.402200000000001,119.0,0.7206,0.0,0.0,0.0,3
org_he7ur23g,2025-07-07,networking,0.25,0.0,0.4635,24.2793,0.0,0.0,3
org_he7ur23g,2025-07-08,compute,18.1973,211.0,3.2145,11.3143,0.0,0.0,6
org_he7ur23g,2025-07-08,database,0.5379999999999999,0.0,2.6279000000000003,6.6548,0.0,0.0,3
org_he7ur23g,2025-07-08,networking,1.2368000000000001,135.0,10.869,6.3585,0.0,0.0,6
org_he7ur23g,2025-07-09,compute,18.188299999999998,260.0,5.371700000000001,2.8836,0.0,0.0,6
org_he7ur23g,2025-07-09,networking,1.2803,124.0,0.0,0.0,0.0,0.0,3
org_he7ur23g,2025-07-10,compute,27.6191,245.0,5.7049,27.1263,0.0,0.0,6
org_he7ur23g,2025-07-10,networking,0.7938,102.0,0.0499,6.0589,0.0,0.0,3
org_he7ur23g,2025-07-11,database,7.451700000000001,118.0,1.9123,19.2092,0.0,0.0,3
org_he7ur23g,2025-07-11,networking,1.269,115.0,1.7367,35.511399999999995,0.0,0.0,6
org_he7ur23g,2025-07-12,compute,18.4082,234.0,0.0,14.0373,0.0,0.0,3
org_he7ur23g,2025-07-12,networking,2.6458,230.0,0.0,21.6565,0.0,0.0,3
org_he7ur23g,2025-07-13,compute,22.3631,215.0,6.3163,62.3404,0.0,0.0,10
org_he7ur23g,2025-07-13,database,12.5257,256.0,0.0,19.8168,0.0,0.0,3
org_he7ur23g,2025-07-13,networking,4.4750000000000005,477.0,1.7869,9.0878,0.0,0.0,6
org_he7ur23g,2025-07-14,compute,33.5787,377.0,10.852500000000001,17.5912,0.0,0.0,9
org_he7ur23g,2025-07-15,compute,28.6885,355.0,4.1524,0.2609,0.0,0.0,6
org_he7ur23g,2025-07-15,database,6.2701,121.0,1.2756,0.0,0.0,0.0,3
org_he7ur23g,2025-07-15,networking,2.1887,209.0,0.0,0.0,0.0,0.0,2
org_he7ur23g,2025-07-16,compute,9.08,110.0,3.2806,18.0976,0.0,0.0,3
org_he7ur23g,2025-07-16,networking,2.6894,217.0,2.6961,0.0,0.0,0.0,3
org_he7ur23g,2025-07-17,compute,36.8387,429.0,0.0,21.286099999999998,0.0,0.0,6
org_he7ur23g,2025-07-17,networking,1.4816,112.0,5.3331,40.0109,0.0,0.0,6
org_he7ur23g,2025-07-18,compute,59.576100000000004,721.0,0.7859,25.6249,0.0,0.14948199999999998,9
org_he7ur23g,2025-07-18,database,17.412399999999998,360.0,0.0,0.0,0.0,0.07200000000000001,3
org_he7ur23g,2025-07-18,networking,4.3461,383.0,5.2244,0.0,0.0,0.077645,6
org_he7ur23g,2025-07-19,compute,12.347,120.0,5.9148,17.8759,0.0,0.028758,6
org_he7ur23g,2025-07-19,database,15.3209,262.0,0.0,13.6153,0.0,0.055123000000000005,3
org_he7ur23g,2025-07-19,networking,3.9610000000000003,376.0,0.0,0.0,0.0,0.07519999999999999,3
org_he7ur23g,2025-07-20,compute,29.813499999999998,355.0,4.4086,55.2183,0.0,0.082925,9
org_he7ur23g,2025-07-20,database,10.546299999999999,231.0,2.3712,0.0,0.0,0.046674,3
org_he7ur23g,2025-07-20,networking,0.1516,0.0,0.0,16.3402,0.0,0.0032689999999999998,3
org_he7ur23g,2025-07-21,compute,55.544900000000005,567.0,6.145,34.7945,0.0,0.121588,12
org_he7ur23g,2025-07-21,database,6.3323,0.0,0.5307,10.5456,0.0,0.0022150000000000004,3
org_he7ur23g,2025-07-21,networking,2.1616999999999997,223.0,0.0,4.0122,0.0,0.045402,3
org_he7ur23g,2025-07-22,compute,50.694100000000006,647.0,1.8319999999999999,18.0433,0.0,0.133375,9
org_he7ur23g,2025-07-22,database,7.595000000000001,122.0,2.6901,3.2415,0.0,0.025586,3
org_he7ur23g,2025-07-23,compute,29.722800000000007,264.0,0.0,9.7228,0.0,0.054744,6
org_he7ur23g,2025-07-23,database,150.53439999999998,125.0,2.5879,9.6194,0.0,0.027442,3
org_he7ur23g,2025-07-23,networking,3.4707,367.0,1.8031,17.5116,0.0,0.077264,6
org_he7ur23g,2025-07-24,compute,23.920100000000005,241.0,3.108,69.2287,0.0,0.062668,6
org_he7ur23g,2025-07-24,database,0.4896,0.0,2.3662,8.0743,0.0,0.002088,3
org_he7ur23g,2025-07-24,networking,4.8302,484.0,4.3701,11.3994,0.0,0.099954,6
org_he7ur23g,2025-07-25,compute,1.9905,0.0,0.0,24.757,0.0,0.004951,3
org_he7ur23g,2025-07-25,database,6.312,113.0,2.8812,0.0,0.0,0.023176,3
org_he7ur23g,2025-07-25,networking,3.0904,246.0,0.0,22.158,0.0,0.053632,3
org_he7ur23g,2025-07-26,compute,59.9687,702.0,3.9402,47.344199999999994,0.0,0.15065800000000001,12
org_he7ur23g,2025-07-26,database,12.8126,246.0,3.5361,0.0,0.0,0.04990699999999999,3
org_he7ur23g,2025-07-27,compute,6.552899999999999,132.0,3.1461,10.9816,0.0,0.029226000000000002,6
org_he7ur23g,2025-07-27,database,16.7903,382.0,0.0,0.0,0.0,0.0764,3
org_he7ur23g,2025-07-28,compute,42.611900000000006,487.0,9.7563,24.7078,0.0,0.104294,12
org_he7ur23g,2025-07-28,database,13.7609,272.0,0.0,0.0,0.0,0.054400000000000004,3
org_he7ur23g,2025-07-28,networking,2.7106999999999997,246.0,0.0,5.7053,0.0,0.050341000000000004,3
org_he7ur23g,2025-07-29,compute,46.199200000000005,503.0,6.4577,26.390700000000002,0.0,0.10716999999999999,9
org_he7ur23g,2025-07-29,database,5.6983,114.0,0.7014,0.0,0.0,0.022940000000000002,3
org_he7ur23g,2025-07-29,networking,0.3135,0.0,6.1487,27.011,0.0,0.006632,3
org_he7ur23g,2025-07-30,compute,60.13589999999999,603.0,3.1803000000000003,10.3315,0.0,0.123303,9
org_he7ur23g,2025-07-31,compute,54.666,615.0,15.5913,27.0722,0.0,0.131532,12
org_he7ur23g,2025-07-31,database,6.0928,120.0,0.0,11.659,0.0,0.026332,3
org_he7ur23g,2025-07-31,networking,4.052,244.0,4.0789,9.5953,0.0,0.051535,6
org_he7ur23g,2025-08-01,compute,35.532399999999996,363.0,7.512499999999999,68.8433,0.0,0.087871,12
org_he7ur23g,2025-08-01,networking,1.5187,112.0,3.5189000000000004,30.3874,0.0,0.029182,6
org_he7ur23g,2025-08-02,compute,1.97,0.0,0.0,23.0642,0.0,0.004613,3
org_he7ur23g,2025-08-02,database,4.6864,99.0,0.1653,8.3269,0.0,0.021498000000000003,3
org_he7ur23g,2025-08-02,networking,1.0109000000000001,117.0,0.3795,0.0,0.0,0.023476,3
org_he7ur23g,2025-08-03,compute,40.429,512.0,0.0,11.452,0.0,0.10469,5
org_he7ur23g,2025-08-03,networking,3.5339,359.0,2.2507,0.0,0.0,0.07225,6
org_he7ur23g,2025-08-04,compute,225.2637,241.0,0.0,0.1517,0.0,0.048229999999999995,3
org_he7ur23g,2025-08-04,networking,2.6562,232.0,0.0,5.7629,0.0,0.047553,3
org_he7ur23g,2025-08-05,compute,0.0,0.0,0.0,0.0,0.0,0.0,3
org_he7ur23g,2025-08-05,database,6.2623,109.0,6.073499999999999,0.0,0.0,0.023014,3
org_he7ur23g,2025-08-05,networking,0.986,132.0,1.937,0.0,0.0,0.026787,3
org_he7ur23g,2025-08-06,compute,33.9957,353.0,9.4341,64.9395,0.0,0.08547400000000001,12
org_he7ur23g,2025-08-06,networking,0.0731,0.0,1.7973,7.5361,0.0,0.001866,3
org_he7ur23g,2025-08-07,compute,23.5966,240.0,0.0,11.1761,0.0,0.050235,3
org_he7ur23g,2025-08-07,networking,2.1389000000000005,240.0,0.0,0.7158,0.0,0.048143000000000005,3
org_he7ur23g,2025-08-08,compute,22.031000000000002,99.0,0.0,8.205,0.0,0.021441,3
org_he7ur23g,2025-08-08,networking,2.5812,250.0,1.6134,16.6382,0.0,0.053651000000000004,6
org_he7ur23g,2025-08-09,compute,40.3482,462.0,6.9335,0.0,0.0,0.09378700000000001,6
org_he7ur23g,2025-08-09,database,6.2223999999999995,0.0,3.5364,0.0,0.0,7.07E-4,2
org_he7ur23g,2025-08-10,compute,59.9741,733.0,9.167,7.7752,0.0,0.149988,12
org_he7ur23g,2025-08-10,database,13.1554,234.0,0.0,2.8362,0.0,0.047367000000000006,3
org_he7ur23g,2025-08-11,compute,11.175999999999998,115.0,9.9701,19.7564,0.0,0.028945000000000002,6
org_he7ur23g,2025-08-11,networking,1.89,124.0,1.1912,14.1645,0.0,0.027870999999999996,3
org_he7ur23g,2025-08-12,compute,21.0741,238.0,1.5529,41.982299999999995,0.0,0.056307,6
org_he7ur23g,2025-08-12,database,1.2656,0.0,0.0,26.2115,0.0,0.005242,3
org_he7ur23g,2025-08-12,networking,2.8393,260.0,0.0,4.2401,0.0,0.052848000000000006,3
org_he7ur23g,2025-08-13,compute,28.987100000000005,343.0,4.2634,31.5567,0.0,0.075765,9
org_he7ur23g,2025-08-13,networking,1.2128999999999999,120.0,1.5614,0.0,0.0,0.024312,3
org_he7ur23g,2025-08-14,compute,19.8379,224.0,2.7069,22.142,0.0,0.049769,6
org_he7ur23g,2025-08-14,database,1.7828,0.0,0.0,38.6057,0.0,0.0077209999999999996,3
org_he7ur23g,2025-08-14,networking,1.0732000000000002,127.0,4.4296,10.0962,0.0,0.028304999999999997,6
org_he7ur23g,2025-08-15,compute,22.412799999999997,233.0,1.855,20.9862,0.0,0.051168000000000005,6
org_he7ur23g,2025-08-15,networking,3.7539,355.0,7.565900000000001,0.0,0.0,0.072514,6
org_he7ur23g,2025-08-16,compute,42.820299999999996,510.0,4.4404,35.8582,0.0,0.11005999999999999,9
org_he7ur23g,2025-08-16,database,6.433199999999999,121.0,5.7048,0.0,0.0,0.025341,3
org_he7ur23g,2025-08-16,networking,1.4101,0.0,0.0,15.176,0.0,0.003035,3
org_he7ur23g,2025-08-17,compute,22.3307,261.0,0.0,15.9281,0.0,0.055386,6
org_he7ur23g,2025-08-17,database,7.4636,120.0,3.6008,13.3667,0.0,0.027393,3
org_he7ur23g,2025-08-18,compute,13.5419,128.0,2.6939,34.5011,0.0,0.033039000000000006,6
org_he7ur23g,2025-08-18,database,6.1408,138.0,5.3041,0.0,0.0,0.028661,3
org_he7ur23g,2025-08-18,networking,2.9798,242.0,0.0,11.9406,0.0,0.050788,3
org_he7ur23g,2025-08-19,compute,40.00319999999999,453.0,0.0,25.5397,0.0,0.09570799999999999,6
org_he7ur23g,2025-08-19,database,10.3809,239.0,1.9282,0.0,0.0,0.048186,3
org_he7ur23g,2025-08-19,networking,2.7953,241.0,0.0,17.225,0.0,0.051644999999999996,3
org_he7ur23g,2025-08-20,compute,27.779899999999998,333.0,3.4298,2.9889,0.0,0.067884,6
org_he7ur23g,2025-08-20,database,12.1261,238.0,0.0,3.7932,0.0,0.048359,3
org_he7ur23g,2025-08-20,networking,6.5825000000000005,572.0,4.617,0.0,0.0,0.11532300000000001,6
org_he7ur23g,2025-08-21,compute,8.7474,107.0,5.0286,19.0567,0.0,0.026216999999999997,6
org_he7ur23g,2025-08-21,database,10.9672,234.0,0.0,29.9844,0.0,0.052797,3
org_he7ur23g,2025-08-21,networking,0.24819999999999998,0.0,0.0,28.3858,0.0,0.005678,3
org_he7ur23g,2025-08-22,compute,55.2886,621.0,9.9207,12.9595,0.0,0.128776,9
org_he7ur23g,2025-08-22,networking,4.8065,470.0,0.0,12.2751,0.0,0.096455,6
org_he7ur23g,2025-08-23,networking,3.7283000000000004,335.0,3.7766,13.9855,0.0,0.070553,6
org_he7ur23g,2025-08-24,compute,24.591900000000003,362.0,2.1023,0.0,0.0,0.07282,6
org_he7ur23g,2025-08-25,compute,70.1323,840.0,3.956,59.2078,0.0,0.18063200000000001,12
org_he7ur23g,2025-08-25,database,0.6538999999999999,0.0,3.1143,8.5786,0.0,0.002339,3
org_he7ur23g,2025-08-26,compute,33.4958,366.0,0.0,18.098300000000002,0.0,0.07682,6
org_he7ur23g,2025-08-26,networking,1.8168,136.0,1.3903,21.0017,0.0,0.031678,3
org_he7ur23g,2025-08-27,compute,32.297900000000006,371.0,2.3352,17.1974,0.0,0.07810600000000001,6
org_he7ur23g,2025-08-27,database,12.9405,127.0,0.0,16.9333,0.0,0.028787,3
org_he7ur23g,2025-08-27,networking,4.999499999999999,489.0,2.6922,7.6911,0.0,0.099876,6
org_he7ur23g,2025-08-28,compute,76.24430000000001,845.0,3.6693999999999996,0.0,0.0,0.169734,9
org_he7ur23g,2025-08-28,database,12.744399999999999,119.0,0.0,13.6524,0.0,0.02653,3
org_he7ur23g,2025-08-29,compute,20.7276,236.0,1.4324,27.800800000000002,0.0,0.05304600000000001,8
org_he7ur23g,2025-08-29,networking,0.1613,0.0,2.6239,13.6664,0.0,0.0032589999999999997,3
org_he7ur23g,2025-08-30,compute,63.9763,731.0,8.6837,0.0,0.0,0.14793599999999998,11
org_he7ur23g,2025-08-30,database,7.1594999999999995,111.0,1.0039,24.0813,0.0,0.027217,3
org_he7ur23g,2025-08-30,networking,4.7271,469.0,4.1036,0.0,0.0,0.09462100000000001,6
org_he7ur23g,2025-08-31,compute,18.5443,230.0,0.0,0.0,0.0,0.046,3
org_he7ur23g,2025-08-31,database,7.1729,124.0,0.0,26.2267,0.0,0.030045000000000002,3
org_he7ur23g,2025-08-31,networking,5.3321000000000005,386.0,0.0,19.737299999999998,0.0,0.081147,6
org_hv3a3zmf,2025-07-03,compute,20.0831,220.0,0.0,14.0835,0.0,0.0,3
org_hv3a3zmf,2025-07-04,networking,2.584,227.0,0.0,21.137,0.0,0.0,3
org_hv3a3zmf,2025-07-05,database,0.41809999999999997,0.0,9.099,0.0,0.0,0.0,3
org_hv3a3zmf,2025-07-06,database,10.735,229.0,3.0657,0.0,0.0,0.0,3
org_hv3a3zmf,2025-07-06,networking,3.4370000000000003,349.0,0.0,0.0,0.0,0.0,3
org_hv3a3zmf,2025-07-07,compute,1.9404,0.0,0.0,25.7416,0.0,0.0,3
org_hv3a3zmf,2025-07-08,database,4.5052,111.0,2.3222,19.9365,0.0,0.0,3
org_hv3a3zmf,2025-07-08,networking,1.2711999999999999,110.0,1.8044,12.4911,0.0,0.0,3
org_hv3a3zmf,2025-07-09,compute,15.709599999999998,262.0,2.6344,0.0,0.0,0.0,3
org_hv3a3zmf,2025-07-09,database,18.0418,357.0,0.0,0.0,0.0,0.0,3
org_hv3a3zmf,2025-07-10,database,7.9854,115.0,2.2853,19.956,0.0,0.0,3
org_hv3a3zmf,2025-07-10,networking,1.949,205.0,2.9593,0.0,0.0,0.0,3
org_hv3a3zmf,2025-07-11,compute,19.436500000000002,237.0,0.0,6.9038,0.0,0.0,3
org_hv3a3zmf,2025-07-11,networking,2.3688,243.0,2.1553,0.0,0.0,0.0,3
org_hv3a3zmf,2025-07-13,compute,11.386199999999999,131.0,3.0701,0.0,0.0,0.0,3
org_hv3a3zmf,2025-07-13,database,1.329,0.0,0.0,25.0631,0.0,0.0,3
org_hv3a3zmf,2025-07-13,networking,1.8009,212.0,0.0,0.0,0.0,0.0,3
org_hv3a3zmf,2025-07-14,networking,3.7607,342.0,0.0,0.0,0.0,0.0,3
org_hv3a3zmf,2025-07-15,networking,3.9269,373.0,0.0,0.0,0.0,0.0,3
org_hv3a3zmf,2025-07-16,compute,9.4883,108.0,3.7055,15.6351,0.0,0.0,3
org_hv3a3zmf,2025-07-16,networking,1.5133999999999999,120.0,0.0,39.549400000000006,0.0,0.0,3
org_hv3a3zmf,2025-07-17,database,7.7107,125.0,0.0,9.0152,0.0,0.0,3
org_hv3a3zmf,2025-07-18,database,0.8392,0.0,2.4601,13.0109,0.0,0.003095,3
org_hv3a3zmf,2025-07-21,networking,1.5822,127.0,0.0,32.5466,0.0,0.031909,3
org_hv3a3zmf,2025-07-22,database,13.006300000000001,240.0,1.977,0.0,0.0,0.048395,3
org_hv3a3zmf,2025-07-22,networking,3.5096999999999996,380.0,0.0,0.0,0.0,0.076,3
org_hv3a3zmf,2025-07-23,compute,33.2733,368.0,0.0,0.0,0.0,0.0736,3
org_hv3a3zmf,2025-07-23,networking,0.3408,0.0,1.5025,23.958499999999997,0.0,0.005091,3
org_hv3a3zmf,2025-07-24,compute,17.442700000000002,231.0,1.3572,0.0,0.0,0.046471,3
org_hv3a3zmf,2025-07-24,networking,0.1526,0.0,0.0,16.965600000000002,0.0,0.003393,3
org_hv3a3zmf,2025-07-25,database,10.9484,234.0,0.0,14.9366,0.0,0.049787,3
org_hv3a3zmf,2025-07-25,networking,1.4104,123.0,1.2847,19.0029,0.0,0.028658,3
org_hv3a3zmf,2025-07-26,compute,20.0682,258.0,0.0,0.0,0.0,0.0516,3
org_hv3a3zmf,2025-07-26,database,9.1972,114.0,0.0,4.1978,0.0,0.02364,3
org_hv3a3zmf,2025-07-27,compute,11.0282,130.0,1.3865,0.0,0.0,0.026277,3
org_hv3a3zmf,2025-07-27,database,15.0297,263.0,0.0,0.0,0.0,0.0526,3
org_hv3a3zmf,2025-07-27,networking,1.3520999999999999,133.0,0.0,23.2055,0.0,0.031240999999999998,3
org_hv3a3zmf,2025-07-28,compute,18.469099999999997,223.0,2.0754,0.0,0.0,0.045015,3
org_hv3a3zmf,2025-07-28,database,5.563,108.0,2.1458,18.3301,0.0,0.025695,3
org_hv3a3zmf,2025-07-28,networking,0.1149,0.0,3.4457,8.1905,0.0,0.002327,3
org_hv3a3zmf,2025-07-29,compute,21.8333,241.0,0.0,0.0,0.0,0.0482,3
org_hv3a3zmf,2025-07-29,database,11.6427,241.0,1.0611,0.0,0.0,0.048412,3
org_hv3a3zmf,2025-07-29,networking,1.3035999999999999,107.0,0.0,10.6345,0.0,0.023527,3
org_hv3a3zmf,2025-07-30,compute,8.5665,121.0,0.0,0.2181,0.0,0.024243999999999998,3
org_hv3a3zmf,2025-07-30,database,7.283,133.0,5.162599999999999,0.0,0.0,0.027631999999999997,3
org_hv3a3zmf,2025-07-30,networking,4.4303,125.0,1.1962,16.6817,0.0,0.028575000000000003,3
org_hv3a3zmf,2025-07-31,compute,18.3971,249.0,0.0,0.1689,0.0,0.049834,3
org_hv3a3zmf,2025-07-31,database,8.8122,109.0,0.0,27.4425,0.0,0.027288,3
org_hv3a3zmf,2025-08-01,database,7.476100000000001,120.0,3.8428,15.0205,0.0,0.027773,3
org_hv3a3zmf,2025-08-01,networking,1.2103000000000002,108.0,0.1709,0.0,0.0,0.021634,3
org_hv3a3zmf,2025-08-02,database,6.657799999999999,118.0,1.4707,0.0769,0.0,0.023909,3
org_hv3a3zmf,2025-08-03,networking,0.2027,0.0,3.289,20.8423,0.0,0.0048259999999999996,3
org_hv3a3zmf,2025-08-04,compute,21.133999999999997,232.0,0.0,16.43,0.0,0.049685999999999994,3
org_hv3a3zmf,2025-08-04,database,20.288,360.0,0.0,0.0,0.0,0.07200000000000001,3
org_hv3a3zmf,2025-08-04,networking,1.1194,119.0,4.5269,23.5475,0.0,0.029415,3
org_hv3a3zmf,2025-08-05,compute,18.8933,237.0,0.0,0.0,0.0,0.0474,3
org_hv3a3zmf,2025-08-05,networking,1.2885,122.0,5.6997,0.0,0.0,0.02554,3
org_hv3a3zmf,2025-08-06,compute,2.9368,0.0,0.0,27.522,0.0,0.0055049999999999995,3
org_hv3a3zmf,2025-08-07,compute,16.7406,250.0,0.0,4.8339,0.0,0.050967,3
org_hv3a3zmf,2025-08-07,networking,2.6195,231.0,1.9182,0.0,0.0,0.046584,3
org_hv3a3zmf,2025-08-08,compute,11.4557,113.0,0.0,7.5462,0.0,0.024109,3
org_hv3a3zmf,2025-08-09,database,7.6895,125.0,5.6117,7.9789,0.0,0.027718000000000003,3
org_hv3a3zmf,2025-08-09,networking,1.248,103.0,7.6059,0.0,0.0,0.022121,3
org_hv3a3zmf,2025-08-10,compute,11.5702,128.0,0.0,2.406,0.0,0.026081,3
org_hv3a3zmf,2025-08-10,database,0.7759,0.0,0.8696,14.683499999999999,0.0,0.0031100000000000004,3
org_hv3a3zmf,2025-08-10,networking,1.4199000000000002,123.0,1.3343,8.5314,0.0,0.026573,3
org_hv3a3zmf,2025-08-11,compute,24.5953,348.0,0.0,0.0,0.0,0.0696,3
org_hv3a3zmf,2025-08-11,networking,1.2631,117.0,5.3297,0.0,0.0,0.024466,3
org_hv3a3zmf,2025-08-12,compute,9.863299999999999,105.0,1.858,0.2617,0.0,0.021424000000000002,3
org_hv3a3zmf,2025-08-12,database,9.8447,138.0,4.3963,23.0364,0.0,0.033086000000000004,3
org_hv3a3zmf,2025-08-12,networking,0.9764999999999999,132.0,4.2999,0.0,0.0,0.02726,3
org_hv3a3zmf,2025-08-13,compute,29.807699999999997,378.0,0.0,0.0,0.0,0.0756,3
org_hv3a3zmf,2025-08-14,networking,1.5466,126.0,0.0,22.892400000000002,0.0,0.029779,3
org_hv3a3zmf,2025-08-15,database,8.2744,125.0,0.3213,12.388,0.0,0.027542000000000004,3
org_hv3a3zmf,2025-08-16,compute,13.694799999999999,140.0,1.3914,21.3705,0.0,0.032552,3
org_hv3a3zmf,2025-08-16,database,11.1739,226.0,0.0,8.5587,0.0,0.046911999999999995,3
org_hv3a3zmf,2025-08-17,compute,18.6293,240.0,0.0,7.7888,0.0,0.049558,3
org_hv3a3zmf,2025-08-17,database,10.3112,220.0,0.0,4.9818,0.0,0.044996,3
org_hv3a3zmf,2025-08-18,compute,27.733900000000002,336.0,0.0,0.0,0.0,0.0672,3
org_hv3a3zmf,2025-08-18,database,11.7238,231.0,0.0,0.0,0.0,0.0462,3
org_hv3a3zmf,2025-08-18,networking,0.0767,0.0,9.5547,0.0,0.0,0.001911,3
org_hv3a3zmf,2025-08-19,compute,11.321900000000001,121.0,3.6626,0.0,0.0,0.024933,3
org_hv3a3zmf,2025-08-19,networking,2.1242,233.0,0.0,0.0,0.0,0.0466,3
org_hv3a3zmf,2025-08-20,database,0.2726,0.0,5.266,0.0,0.0,0.0010530000000000001,3
org_hv3a3zmf,2025-08-20,networking,2.2702999999999998,229.0,0.0,0.2631,0.0,0.045853,3
org_hv3a3zmf,2025-08-21,compute,14.7963,114.0,0.7198,0.0,0.0,0.022944,3
org_hv3a3zmf,2025-08-21,networking,1.3699,106.0,0.0,16.9825,0.0,0.024596,3
org_hv3a3zmf,2025-08-22,database,7.0593,109.0,0.4261,13.5094,0.0,0.024587,3
org_hv3a3zmf,2025-08-22,networking,0.0748,0.0,2.1376,4.8378,0.0,0.001396,3
org_hv3a3zmf,2025-08-23,database,11.229099999999999,232.0,0.0,0.0,0.0,0.0464,3
org_hv3a3zmf,2025-08-23,networking,1.3581999999999999,119.0,0.0,16.588,0.0,0.027118000000000003,2
org_hv3a3zmf,2025-08-24,compute,0.2892,0.0,4.2526,0.0,0.0,8.51E-4,3
org_hv3a3zmf,2025-08-24,networking,1.8089000000000002,235.0,0.9899,0.0,0.0,0.047198,3
org_hv3a3zmf,2025-08-25,compute,34.1007,379.0,0.0,0.0,0.0,0.0758,3
org_hv3a3zmf,2025-08-25,database,11.198,229.0,1.8562,0.0,0.0,0.046171000000000004,3
org_hv3a3zmf,2025-08-25,networking,2.5383999999999998,233.0,0.5382,0.0,0.0,0.046708,3
org_hv3a3zmf,2025-08-27,compute,12.1975,125.0,3.5869,0.0,0.0,0.025717,3
org_hv3a3zmf,2025-08-27,database,6.4799,119.0,0.0,23.0735,0.0,0.028414000000000002,3
org_hv3a3zmf,2025-08-27,networking,1.1448,132.0,2.9307,0.0,0.0,0.026986,3
org_hv3a3zmf,2025-08-28,compute,9.955900000000002,119.0,0.0,11.1858,0.0,0.026037,3
org_hv3a3zmf,2025-08-28,networking,1.4213,124.0,4.4514,7.2493,0.0,0.027139999999999997,3
org_hv3a3zmf,2025-08-29,compute,23.0911,244.0,1.9581,0.0,0.0,0.049192,3
org_hv3a3zmf,2025-08-29,database,5.557799999999999,105.0,2.9923,0.0,0.0,0.021598000000000003,3
org_hv3a3zmf,2025-08-29,networking,2.637,251.0,0.0,15.5858,0.0,0.053317,3
org_hv3a3zmf,2025-08-30,networking,1.3782999999999999,117.0,0.0,25.1801,0.0,0.028436000000000003,3
org_hv3a3zmf,2025-08-31,networking,1.0261,126.0,3.7954,0.0,0.0,0.025959,3
org_i3qk2iag,2025-07-03,compute,10.7822,129.0,0.0,14.3628,0.0,0.0,3
org_i3qk2iag,2025-07-03,genai,13.7424,129.0,2.2273,0.0,0.0,0.0,3
org_i3qk2iag,2025-07-03,storage,0.2672,0.0,6.3325,6.7892,0.0,0.0,3
org_i3qk2iag,2025-07-04,compute,39.8551,499.0,0.0,8.3883,0.0,0.0,6
org_i3qk2iag,2025-07-04,genai,20.5973,134.0,9.5135,10.4307,0.0,0.0,6
org_i3qk2iag,2025-07-04,storage,2.7199,125.0,0.0,4.2254,0.0,0.0,3
org_i3qk2iag,2025-07-05,genai,61.2328,500.0,1.1751,0.0,0.0,0.0,6
org_i3qk2iag,2025-07-06,genai,29.136699999999998,238.0,4.2031,25.836399999999998,0.0,0.0,6
org_i3qk2iag,2025-07-06,storage,3.2685,117.0,2.4893,53.420700000000004,0.0,0.0,6
org_i3qk2iag,2025-07-07,compute,24.3245,332.0,4.9857000000000005,7.654,0.0,0.0,6
org_i3qk2iag,2025-07-07,genai,27.5378,212.0,0.0,2.815,0.0,0.0,3
org_i3qk2iag,2025-07-07,storage,2.6697,123.0,5.17,2.2475,0.0,0.0,3
org_i3qk2iag,2025-07-08,compute,41.4149,500.0,0.0,14.8134,0.0,0.0,6
org_i3qk2iag,2025-07-08,genai,39.055099999999996,341.0,1.859,19.0675,0.0,0.0,6
org_i3qk2iag,2025-07-08,storage,5.0243,235.0,6.0454,0.0,0.0,0.0,6
org_i3qk2iag,2025-07-09,compute,16.938399999999998,230.0,2.6887,0.0,0.0,0.0,3
org_i3qk2iag,2025-07-09,genai,31.464799999999997,234.0,1.6945,0.0,0.0,0.0,3
org_i3qk2iag,2025-07-09,storage,14.0276,741.0,0.0,0.0,0.0,0.0,6
org_i3qk2iag,2025-07-10,genai,3.6428000000000003,0.0,2.8431,30.9353,0.0,0.0,3
org_i3qk2iag,2025-07-10,storage,5.647600000000001,236.0,1.2886,0.0,0.0,0.0,3
org_i3qk2iag,2025-07-11,compute,24.8536,255.0,5.7123,9.4635,0.0,0.0,6
org_i3qk2iag,2025-07-11,genai,47.622699999999995,381.0,0.7699,21.5497,0.0,0.0,6
org_i3qk2iag,2025-07-11,storage,10.4975,524.0,0.0,23.7889,0.0,0.0,6
org_i3qk2iag,2025-07-12,genai,27.769,236.0,0.9925,0.0,0.0,0.0,3
org_i3qk2iag,2025-07-12,storage,2.3937,126.0,8.2507,0.0,0.0,0.0,3
org_i3qk2iag,2025-07-13,compute,12.560599999999999,129.0,0.0028,10.6707,0.0,0.0,3
org_i3qk2iag,2025-07-13,storage,5.260399999999999,243.0,0.0,9.6879,0.0,0.0,3
org_i3qk2iag,2025-07-14,compute,19.4968,231.0,0.0,7.1182,0.0,0.0,3
org_i3qk2iag,2025-07-14,storage,6.9187,345.0,7.084899999999999,0.0,0.0,0.0,6
org_i3qk2iag,2025-07-15,compute,13.4191,136.0,1.9429,16.1341,0.0,0.0,3
org_i3qk2iag,2025-07-15,genai,2.4911,0.0,0.0,21.0555,0.0,0.0,2
org_i3qk2iag,2025-07-15,storage,9.412199999999999,380.0,8.078399999999998,0.0,0.0,0.0,6
org_i3qk2iag,2025-07-16,compute,32.174899999999994,400.0,0.6272,15.0657,0.0,0.0,6
org_i3qk2iag,2025-07-16,genai,15.718300000000001,122.0,0.0,13.1123,0.0,0.0,3
org_i3qk2iag,2025-07-16,storage,5.2283,255.0,0.0,21.076,0.0,0.0,3
org_i3qk2iag,2025-07-17,genai,5.8254,0.0,0.0,44.8324,0.0,0.0,3
org_i3qk2iag,2025-07-17,storage,5.7544,244.0,0.0,24.5086,0.0,0.0,3
org_i3qk2iag,2025-07-18,compute,27.1532,351.0,6.0022,17.4296,0.0,0.074887,6
org_i3qk2iag,2025-07-18,storage,2.4224,120.0,1.454,13.658000000000001,0.0,0.027023,6
org_i3qk2iag,2025-07-19,compute,9.780000000000001,116.0,3.1243999999999996,0.0,0.0,0.023825,3
org_i3qk2iag,2025-07-19,genai,27.887999999999998,228.0,4.8953999999999995,27.9427,4713.0,0.052168,6
org_i3qk2iag,2025-07-19,storage,7.443700000000001,348.0,1.2668,13.2393,0.0,0.072501,6
org_i3qk2iag,2025-07-20,compute,8.3807,116.0,1.2378,0.0,0.0,0.023448,3
org_i3qk2iag,2025-07-20,genai,30.3999,252.0,0.0,2.5667,3015.0,0.050913,3
org_i3qk2iag,2025-07-20,storage,3.2081999999999997,136.0,0.8286,0.0,0.0,0.027364999999999997,3
org_i3qk2iag,2025-07-21,genai,27.9175,263.0,0.0473,0.0,1919.0,0.052609,3
org_i3qk2iag,2025-07-21,storage,3.9913,240.0,0.0,11.6085,0.0,0.050322,3
org_i3qk2iag,2025-07-22,compute,19.3353,220.0,1.0101,0.0,0.0,0.044202,3
org_i3qk2iag,2025-07-22,storage,12.3948,581.0,0.0,0.0,0.0,0.1162,6
org_i3qk2iag,2025-07-23,compute,7.7913,128.0,0.0,6.157100000000001,0.0,0.026832,3
org_i3qk2iag,2025-07-23,genai,24.172400000000003,229.0,0.0,9.5992,5053.0,0.04772,3
org_i3qk2iag,2025-07-23,storage,12.4049,611.0,0.0,7.7645,0.0,0.123753,6
org_i3qk2iag,2025-07-24,compute,51.9945,621.0,0.0,12.9541,0.0,0.126791,6
org_i3qk2iag,2025-07-24,genai,14.8741,127.0,2.8085999999999998,0.0,4782.0,0.025961,3
org_i3qk2iag,2025-07-24,storage,0.6967,0.0,5.410500000000001,33.7774,0.0,0.007838000000000001,6
org_i3qk2iag,2025-07-25,compute,20.4596,247.0,2.4901,0.5909,0.0,0.050016,6
org_i3qk2iag,2025-07-25,genai,15.711100000000002,112.0,4.5683,18.917,5195.0,0.027097,6
org_i3qk2iag,2025-07-25,storage,5.346500000000001,242.0,0.0,0.1951,0.0,0.048438999999999996,3
org_i3qk2iag,2025-07-26,compute,33.1451,371.0,0.0,13.8905,0.0,0.076978,6
org_i3qk2iag,2025-07-26,genai,61.475,475.0,0.0,16.2843,5958.0,0.098257,6
org_i3qk2iag,2025-07-26,storage,4.6608,240.0,4.8753,8.8466,0.0,0.050745,6
org_i3qk2iag,2025-07-27,compute,38.1617,307.0,2.3348,0.0,0.0,0.061867,6
org_i3qk2iag,2025-07-27,storage,10.7929,501.0,0.0,3.0351,0.0,0.100807,6
org_i3qk2iag,2025-07-28,compute,22.611600000000003,219.0,5.2768,50.1559,0.0,0.054886000000000004,6
org_i3qk2iag,2025-07-28,genai,18.6178,126.0,0.0,50.6151,2441.0,0.035323,3
org_i3qk2iag,2025-07-28,storage,6.9409,366.0,2.2156000000000002,0.0,0.0,0.073642,6
org_i3qk2iag,2025-07-29,storage,5.083399999999999,226.0,1.696,0.0,0.0,0.045539,3
org_i3qk2iag,2025-07-30,compute,9.1809,119.0,3.5915,0.0,0.0,0.024519000000000003,3
org_i3qk2iag,2025-07-30,genai,62.6014,470.0,3.6108,0.0,5596.0,0.094722,6
org_i3qk2iag,2025-07-30,storage,9.826,467.0,0.0,30.362900000000003,0.0,0.09947200000000002,6
org_i3qk2iag,2025-07-31,compute,26.9825,233.0,2.3496,40.2341,0.0,0.055117000000000006,6
org_i3qk2iag,2025-07-31,genai,41.1098,343.0,0.0,0.0,2920.0,0.0686,3
org_i3qk2iag,2025-08-01,compute,8.5872,136.0,0.9241,0.0,0.0,0.027385,3
org_i3qk2iag,2025-08-01,genai,1.3323,0.0,8.8372,2.8918,6149.0,0.002346,6
org_i3qk2iag,2025-08-01,storage,1.9682,109.0,6.1678,7.3278,0.0,0.024498,6
org_i3qk2iag,2025-08-02,compute,2.4520999999999997,0.0,0.0,35.205600000000004,0.0,0.0070409999999999995,3
org_i3qk2iag,2025-08-02,genai,17.5173,127.0,0.0,16.3889,2381.0,0.028678,3
org_i3qk2iag,2025-08-02,storage,2.6696999999999997,120.0,0.0,9.6396,0.0,0.025928,3
org_i3qk2iag,2025-08-03,compute,20.2091,245.0,0.0,3.6061,0.0,0.049721,3
org_i3qk2iag,2025-08-03,genai,18.088900000000002,129.0,0.4185,9.5545,2886.0,0.027795,3
org_i3qk2iag,2025-08-04,compute,22.5064,245.0,4.7488,23.2224,0.0,0.054593,6
org_i3qk2iag,2025-08-04,genai,55.6756,502.0,3.5821,0.0,4851.0,0.101116,6
org_i3qk2iag,2025-08-04,storage,9.829,462.0,4.2485,0.0,0.0,0.09325,6
org_i3qk2iag,2025-08-05,genai,40.4374,337.0,4.3643,22.482,6279.0,0.07277,6
org_i3qk2iag,2025-08-06,compute,1.6516,0.0,3.2694,16.7586,0.0,0.004006,3
org_i3qk2iag,2025-08-06,genai,13.4774,120.0,2.8463000000000003,0.0,2290.0,0.02457,3
org_i3qk2iag,2025-08-06,storage,4.3309999999999995,229.0,0.0,29.0799,0.0,0.051616,3
org_i3qk2iag,2025-08-07,compute,31.0926,374.0,0.0,0.0,0.0,0.0748,3
org_i3qk2iag,2025-08-07,genai,34.9743,121.0,2.2746,0.0,2166.0,0.024655,3
org_i3qk2iag,2025-08-07,storage,4.508900000000001,233.0,0.0,5.9722,0.0,0.047794,3
org_i3qk2iag,2025-08-08,storage,2.9011,128.0,0.5997,14.4748,0.0,0.028614999999999998,3
org_i3qk2iag,2025-08-09,compute,1.7677,0.0,4.6162,19.988,0.0,0.004921,3
org_i3qk2iag,2025-08-09,genai,43.8373,366.0,0.0,0.0,3295.0,0.07319999999999999,3
org_i3qk2iag,2025-08-10,compute,12.0961,121.0,5.8111999999999995,0.0,0.0,0.025362,3
org_i3qk2iag,2025-08-10,genai,14.866,135.0,0.0,19.3128,3541.0,0.030862,3
org_i3qk2iag,2025-08-10,storage,2.4652,116.0,3.013,0.0,0.0,0.023802999999999998,3
org_i3qk2iag,2025-08-11,compute,23.5381,338.0,0.0,0.0,0.0,0.0676,3
org_i3qk2iag,2025-08-11,genai,32.3086,253.0,2.1801,0.0,1703.0,0.051036,3
org_i3qk2iag,2025-08-11,storage,7.861,377.0,1.7958,15.4095,0.0,0.078841,6
org_i3qk2iag,2025-08-12,compute,29.461399999999998,365.0,3.5031999999999996,0.0,0.0,0.073701,6
org_i3qk2iag,2025-08-12,genai,51.612700000000004,351.0,3.5146,17.2385,4306.0,0.074351,6
org_i3qk2iag,2025-08-12,storage,2.9370000000000003,122.0,5.7096,0.0,0.0,0.025542000000000002,3
org_i3qk2iag,2025-08-13,compute,41.850899999999996,478.0,0.0,15.9941,0.0,0.09879799999999998,6
org_i3qk2iag,2025-08-13,storage,8.3853,388.0,2.497,0.0,0.0,0.078099,6
org_i3qk2iag,2025-08-14,compute,37.3631,482.0,0.0,1.6552,0.0,0.096731,6
org_i3qk2iag,2025-08-14,genai,21.647100000000002,0.0,0.2281,8.4072,1869.0,0.001727,3
org_i3qk2iag,2025-08-14,storage,2.4962,115.0,4.2932,0.0,0.0,0.023858,3
org_i3qk2iag,2025-08-15,genai,34.0527,235.0,1.583,55.9748,2312.0,0.058512,6
org_i3qk2iag,2025-08-16,compute,8.087,118.0,0.5099,4.2982,0.0,0.024562,3
org_i3qk2iag,2025-08-16,genai,34.0631,238.0,0.0,15.8505,2821.0,0.050769999999999996,3
org_i3qk2iag,2025-08-16,storage,4.396700000000001,217.0,0.9673,35.6495,0.0,0.050723,6
org_i3qk2iag,2025-08-17,compute,47.7168,111.0,0.0,28.1766,0.0,0.027835000000000002,3
org_i3qk2iag,2025-08-17,genai,14.2424,117.0,0.0,17.9874,3051.0,0.026997,3
org_i3qk2iag,2025-08-17,storage,11.5025,355.0,0.0,26.4778,0.0,0.076296,6
org_i3qk2iag,2025-08-18,compute,8.5557,121.0,2.349,16.0748,0.0,0.027885,3
org_i3qk2iag,2025-08-18,storage,8.3445,364.0,0.0,0.0,0.0,0.0728,3
org_i3qk2iag,2025-08-19,genai,2.4183000000000003,0.0,0.0,21.3271,1430.0,0.004265,3
org_i3qk2iag,2025-08-19,storage,6.1432,366.0,1.6516,18.8676,0.0,0.077304,6
org_i3qk2iag,2025-08-20,genai,19.584600000000002,124.0,1.3877,18.3376,3202.0,0.028746,3
org_i3qk2iag,2025-08-20,storage,4.357600000000001,222.0,5.7291,0.0,0.0,0.045546,6
org_i3qk2iag,2025-08-21,compute,35.697500000000005,380.0,0.0,37.7779,0.0,0.08355499999999999,6
org_i3qk2iag,2025-08-21,genai,42.7154,340.0,0.0,0.0,2548.0,0.068,3
org_i3qk2iag,2025-08-21,storage,3.3409999999999997,136.0,1.2028,5.3945,0.0,0.028519999999999997,3
org_i3qk2iag,2025-08-22,compute,35.0349,385.0,0.0,31.382800000000003,0.0,0.083276,6
org_i3qk2iag,2025-08-22,genai,19.8867,105.0,4.8115000000000006,36.115700000000004,3674.0,0.029185000000000003,6
org_i3qk2iag,2025-08-22,storage,9.9695,455.0,3.2519,11.8434,0.0,0.09401899999999999,6
org_i3qk2iag,2025-08-24,compute,20.479799999999997,229.0,0.0,34.8679,0.0,0.052774,6
org_i3qk2iag,2025-08-24,genai,38.9208,337.0,0.0,0.0,2169.0,0.0674,3
org_i3qk2iag,2025-08-24,storage,8.311100000000001,388.0,1.4406,9.8411,0.0,0.079856,6
org_i3qk2iag,2025-08-25,compute,20.6971,255.0,2.2607,15.8809,0.0,0.054629,6
org_i3qk2iag,2025-08-25,genai,62.654599999999995,491.0,0.0793,20.0012,4419.0,0.102216,6
org_i3qk2iag,2025-08-25,storage,5.3624,245.0,2.8535000000000004,21.0293,0.0,0.05377699999999999,6
org_i3qk2iag,2025-08-26,compute,9.510100000000001,114.0,1.3737,6.1048,0.0,0.024296,3
org_i3qk2iag,2025-08-26,genai,59.7254,489.0,1.3989,13.0874,2929.0,0.10069700000000001,6
org_i3qk2iag,2025-08-26,storage,10.2061,480.0,0.9029,20.2711,0.0,0.10023499999999999,6
org_i3qk2iag,2025-08-27,compute,1.8254,0.0,1.6229,19.5708,0.0,0.004239,3
org_i3qk2iag,2025-08-27,genai,28.563299999999998,232.0,0.0,0.0,2232.0,0.0464,3
org_i3qk2iag,2025-08-27,storage,5.418,242.0,0.5386,0.0,0.0,0.048507999999999996,3
org_i3qk2iag,2025-08-28,compute,1.9061,0.0,3.5832,17.9463,0.0,0.004306,3
org_i3qk2iag,2025-08-28,storage,2.8237,137.0,0.4553,19.5738,0.0,0.031406,3
org_i3qk2iag,2025-08-29,compute,10.0419,114.0,3.664,18.5921,0.0,0.027251,3
org_i3qk2iag,2025-08-29,genai,12.863599999999998,125.0,2.0826,15.6515,2475.0,0.028547000000000003,3
org_i3qk2iag,2025-08-29,storage,2.2615,119.0,5.9946,0.0,0.0,0.024999,3
org_i3qk2iag,2025-08-30,compute,4.0492,0.0,0.0,49.565,0.0,0.009913,6
org_i3qk2iag,2025-08-30,genai,14.5266,125.0,2.577,0.0,1214.0,0.025515000000000003,3
org_i3qk2iag,2025-08-31,genai,56.2842,372.0,2.7241,36.250299999999996,3588.0,0.08219499999999999,6
org_i3qk2iag,2025-08-31,storage,7.3375,360.0,7.1373,0.0,0.0,0.073427,6
org_i7p5tb94,2025-07-03,compute,46.99560000000001,599.0,0.9845,0.0,0.0,0.0,6
org_i7p5tb94,2025-07-03,database,12.372,248.0,4.6173,11.2743,0.0,0.0,6
org_i7p5tb94,2025-07-03,storage,7.3899,338.0,1.6899,25.268900000000002,0.0,0.0,6
org_i7p5tb94,2025-07-04,compute,23.3739,243.0,0.0,55.3107,0.0,0.0,6
org_i7p5tb94,2025-07-04,database,1.0573,0.0,2.3002000000000002,19.9001,0.0,0.0,3
org_i7p5tb94,2025-07-04,storage,5.3437,227.0,3.5671,0.0,0.0,0.0,3
org_i7p5tb94,2025-07-05,compute,10.7062,106.0,0.0,26.164500000000004,0.0,0.0,3
org_i7p5tb94,2025-07-05,storage,2.7948,112.0,1.7776,18.9571,0.0,0.0,3
org_i7p5tb94,2025-07-06,compute,9.163400000000001,107.0,0.0,2.9627,0.0,0.0,3
org_i7p5tb94,2025-07-06,database,0.16610000000000003,0.0,3.2243,0.0,0.0,0.0,3
org_i7p5tb94,2025-07-06,storage,2.3213,109.0,0.0,18.762700000000002,0.0,0.0,3
org_i7p5tb94,2025-07-07,compute,9.1809,101.0,3.9785,8.065,0.0,0.0,3
org_i7p5tb94,2025-07-07,database,18.1412,242.0,0.6156,11.701,0.0,0.0,6
org_i7p5tb94,2025-07-07,storage,3.7164999999999995,121.0,5.6328,31.6699,0.0,0.0,6
org_i7p5tb94,2025-07-08,database,12.663699999999999,261.0,0.0,11.1436,0.0,0.0,3
org_i7p5tb94,2025-07-08,storage,4.6111,248.0,0.0,0.0,0.0,0.0,2
org_i7p5tb94,2025-07-09,database,20.6078,115.0,6.6719,34.565200000000004,0.0,0.0,6
org_i7p5tb94,2025-07-09,storage,2.9699,135.0,2.7103,19.063,0.0,0.0,3
org_i7p5tb94,2025-07-10,compute,31.1779,259.0,2.5803,2.253,0.0,0.0,6
org_i7p5tb94,2025-07-10,database,11.8483,210.0,0.0,15.735,0.0,0.0,3
org_i7p5tb94,2025-07-11,compute,26.871900000000004,354.0,0.0,0.0,0.0,0.0,3
org_i7p5tb94,2025-07-11,database,6.5515,111.0,0.0,2.8462,0.0,0.0,3
org_i7p5tb94,2025-07-11,storage,4.4204,235.0,0.0,13.2818,0.0,0.0,3
org_i7p5tb94,2025-07-12,compute,9.7208,122.0,0.0,0.237,0.0,0.0,3
org_i7p5tb94,2025-07-12,database,6.8966,123.0,2.2953,0.0,0.0,0.0,3
org_i7p5tb94,2025-07-12,storage,4.1533,234.0,3.7588,0.0,0.0,0.0,3
org_i7p5tb94,2025-07-13,compute,1.0811,0.0,4.0953,7.6844,0.0,0.0,3
org_i7p5tb94,2025-07-13,storage,5.2544,258.0,0.0,15.9903,0.0,0.0,3
org_i7p5tb94,2025-07-14,compute,6.9052,114.0,5.7681,10.2246,0.0,0.0,5
org_i7p5tb94,2025-07-14,database,7.4708000000000006,136.0,1.3755,4.0505,0.0,0.0,3
org_i7p5tb94,2025-07-14,storage,7.4666,360.0,1.9457,6.6411,0.0,0.0,6
org_i7p5tb94,2025-07-15,compute,7.2890999999999995,123.0,5.0377,0.0,0.0,0.0,6
org_i7p5tb94,2025-07-15,storage,2.4644999999999997,99.0,4.101,16.0807,0.0,0.0,6
org_i7p5tb94,2025-07-16,compute,28.685499999999998,353.0,0.2387,12.291799999999999,0.0,0.0,6
org_i7p5tb94,2025-07-16,database,8.5844,135.0,0.0,15.867,0.0,0.0,3
org_i7p5tb94,2025-07-16,storage,7.2445,351.0,0.0,0.0,0.0,0.0,3
org_i7p5tb94,2025-07-17,compute,9.738299999999999,129.0,5.6231,8.5152,0.0,0.0,3
org_i7p5tb94,2025-07-17,database,1.5856,0.0,0.9099,29.9088,0.0,0.0,3
org_i7p5tb94,2025-07-17,storage,5.344200000000001,251.0,0.0,8.2786,0.0,0.0,3
org_i7p5tb94,2025-07-18,compute,17.4595,236.0,0.0,8.761099999999999,0.0,0.048952999999999997,6
org_i7p5tb94,2025-07-18,database,6.4184,123.0,0.0,9.2961,0.0,0.026459,3
org_i7p5tb94,2025-07-18,storage,2.8371999999999997,115.0,0.0,21.4215,0.0,0.027284,3
org_i7p5tb94,2025-07-19,database,2.0602,0.0,1.802,39.4165,0.0,0.008243,3
org_i7p5tb94,2025-07-19,storage,5.2735,249.0,0.0,13.4142,0.0,0.052482999999999995,3
org_i7p5tb94,2025-07-20,compute,38.0732,497.0,4.1007,0.0,0.0,0.10022,6
org_i7p5tb94,2025-07-20,database,11.5352,238.0,3.1247,7.3283,0.0,0.049691,6
org_i7p5tb94,2025-07-20,storage,0.6333,0.0,1.2335,29.475900000000003,0.0,0.006142,3
org_i7p5tb94,2025-07-21,compute,2.7564,0.0,2.7619,36.790499999999994,0.0,0.00791,3
org_i7p5tb94,2025-07-21,database,15.163,256.0,0.8941,0.0,0.0,0.051378999999999994,3
org_i7p5tb94,2025-07-22,database,6.876,133.0,0.0,29.3932,0.0,0.032478999999999994,3
org_i7p5tb94,2025-07-22,storage,6.402,359.0,0.1782,5.1649,0.0,0.07286899999999999,6
org_i7p5tb94,2025-07-23,compute,11.3664,131.0,0.0,11.206,0.0,0.028441,3
org_i7p5tb94,2025-07-23,database,12.1284,254.0,2.1735,0.0,0.0,0.051235,3
org_i7p5tb94,2025-07-23,storage,5.3682,219.0,1.3723,0.0,0.0,0.044074,3
org_i7p5tb94,2025-07-24,compute,18.682899999999997,207.0,0.0,18.1695,0.0,0.045034000000000005,6
org_i7p5tb94,2025-07-24,storage,2.5381,114.0,3.4132,15.5838,0.0,0.026600000000000002,3
org_i7p5tb94,2025-07-25,database,7.360799999999999,115.0,1.5903,18.8769,0.0,0.027093,3
org_i7p5tb94,2025-07-25,storage,9.1697,373.0,0.0,16.8502,0.0,0.07797,6
org_i7p5tb94,2025-07-26,compute,10.666,109.0,1.8026,8.1093,0.0,0.023783,3
org_i7p5tb94,2025-07-26,storage,7.3568,327.0,0.0,0.0,0.0,0.0654,3
org_i7p5tb94,2025-07-27,compute,22.4717,125.0,0.0,0.0,0.0,0.025,3
org_i7p5tb94,2025-07-27,storage,2.9432,116.0,0.0,26.5584,0.0,0.028512,3
org_i7p5tb94,2025-07-28,compute,1.5111999999999999,0.0,0.5159,20.261400000000002,0.0,0.004155999999999999,3
org_i7p5tb94,2025-07-28,database,6.9184,123.0,1.3012,33.580799999999996,0.0,0.031575,6
org_i7p5tb94,2025-07-28,storage,3.9845,250.0,0.0,1.4362,0.0,0.050287000000000005,3
org_i7p5tb94,2025-07-29,compute,35.3975,384.0,0.0,0.0,0.0,0.07680000000000001,3
org_i7p5tb94,2025-07-29,database,19.5837,373.0,0.0743,45.7435,0.0,0.08376299999999999,6
org_i7p5tb94,2025-07-29,storage,6.816,334.0,0.9632,9.5754,0.0,0.068908,6
org_i7p5tb94,2025-07-30,compute,29.505899999999997,342.0,3.0866999999999996,2.7245,0.0,0.06956199999999998,6
org_i7p5tb94,2025-07-30,database,15.053999999999998,240.0,0.3324,44.702799999999996,0.0,0.057006999999999995,6
org_i7p5tb94,2025-07-30,storage,7.4366,109.0,0.0,15.9003,0.0,0.024980000000000002,3
org_i7p5tb94,2025-07-31,database,16.0261,237.0,0.0,13.1265,0.0,0.050026,6
org_i7p5tb94,2025-08-01,compute,45.6837,511.0,0.0,4.0492,0.0,0.10301,6
org_i7p5tb94,2025-08-01,database,13.4804,255.0,0.9906,0.0,0.0,0.051198,3
org_i7p5tb94,2025-08-01,storage,8.386,366.0,0.0,0.0,0.0,0.0732,3
org_i7p5tb94,2025-08-02,compute,9.8075,116.0,2.3465,1.67,0.0,0.024003,3
org_i7p5tb94,2025-08-02,database,12.8386,114.0,4.2737,16.4153,0.0,0.026938,6
org_i7p5tb94,2025-08-02,storage,7.8703,350.0,0.0,9.131599999999999,0.0,0.071827,6
org_i7p5tb94,2025-08-03,compute,17.9709,246.0,0.0,8.2818,0.0,0.050856,3
org_i7p5tb94,2025-08-03,storage,9.174399999999999,446.0,1.2403,6.003,0.0,0.090649,6
org_i7p5tb94,2025-08-04,compute,1.3342999999999998,0.0,2.8321,11.1272,0.0,0.002791,3
org_i7p5tb94,2025-08-04,database,17.2652,366.0,0.0,0.0,0.0,0.0732,3
org_i7p5tb94,2025-08-05,database,16.1205,107.0,3.0312,46.4413,0.0,0.031294999999999996,6
org_i7p5tb94,2025-08-05,storage,0.0582,0.0,0.0,3.4375,0.0,6.88E-4,3
org_i7p5tb94,2025-08-06,database,12.329,259.0,0.0,12.207,0.0,0.054241,3
org_i7p5tb94,2025-08-07,compute,11.055,123.0,0.0,25.5411,0.0,0.029708000000000002,3
org_i7p5tb94,2025-08-07,database,18.6407,367.0,3.3228,0.0,0.0,0.074065,6
org_i7p5tb94,2025-08-08,compute,18.4065,230.0,0.0,0.0,0.0,0.046,3
org_i7p5tb94,2025-08-08,database,20.9725,374.0,4.1493,0.0,0.0,0.075629,6
org_i7p5tb94,2025-08-08,storage,2.9438,111.0,0.1427,20.3488,0.0,0.026299000000000003,3
org_i7p5tb94,2025-08-09,compute,22.369799999999998,230.0,0.0,10.6791,0.0,0.048136,3
org_i7p5tb94,2025-08-09,storage,2.3945,124.0,7.8286,0.0,0.0,0.026365,3
org_i7p5tb94,2025-08-10,compute,24.855700000000002,268.0,1.4625,50.9746,0.0,0.06408799999999999,6
org_i7p5tb94,2025-08-10,database,6.9376,113.0,0.0,14.4155,0.0,0.025483,3
org_i7p5tb94,2025-08-11,compute,12.640399999999998,110.0,0.4129,12.1199,0.0,0.024506999999999998,3
org_i7p5tb94,2025-08-11,database,29.1806,597.0,0.0,33.2078,0.0,0.126042,6
org_i7p5tb94,2025-08-11,storage,0.20520000000000002,0.0,9.7581,0.0,0.0,0.0019520000000000002,3
org_i7p5tb94,2025-08-12,compute,10.5753,126.0,0.0,13.0444,0.0,0.027809,3
org_i7p5tb94,2025-08-12,database,8.7086,146.0,0.0,24.1765,0.0,0.034035,3
org_i7p5tb94,2025-08-12,storage,7.6015999999999995,381.0,0.0,0.0,0.0,0.0762,3
org_i7p5tb94,2025-08-13,compute,19.8523,244.0,3.0705,12.5903,0.0,0.05193300000000001,6
org_i7p5tb94,2025-08-13,database,5.6764,97.0,1.9872,14.2245,0.0,0.022642000000000002,3
org_i7p5tb94,2025-08-13,storage,3.3224,127.0,0.0,25.099899999999998,0.0,0.030419999999999996,3
org_i7p5tb94,2025-08-14,compute,0.6325000000000001,0.0,8.3215,0.0,0.0,0.0016640000000000001,3
org_i7p5tb94,2025-08-14,database,8.3941,122.0,1.7711,13.3387,0.0,0.027422000000000002,3
org_i7p5tb94,2025-08-14,storage,5.2418,114.0,8.0893,36.3561,0.0,0.031689,6
org_i7p5tb94,2025-08-15,compute,1.2588,0.0,1.8646,15.124,0.0,0.003398,3
org_i7p5tb94,2025-08-15,database,15.419400000000001,249.0,6.3709999999999996,5.1421,0.0,0.052102,6
org_i7p5tb94,2025-08-16,compute,21.488100000000003,234.0,0.0,25.4431,0.0,0.051889,3
org_i7p5tb94,2025-08-16,database,1.2172,0.0,3.5143,22.1458,0.0,0.005130999999999999,3
org_i7p5tb94,2025-08-17,database,15.696299999999999,352.0,1.6822,11.0,0.0,0.072936,6
org_i7p5tb94,2025-08-17,storage,4.0374,239.0,0.9127,0.0,0.0,0.047983,3
org_i7p5tb94,2025-08-18,database,4.8932,118.0,0.0,3.8406,0.0,0.024368,3
org_i7p5tb94,2025-08-18,storage,5.1854,244.0,0.0,0.0,0.0,0.048799999999999996,3
org_i7p5tb94,2025-08-19,compute,31.851800000000004,357.0,0.6394,12.9377,0.0,0.07411599999999999,6
org_i7p5tb94,2025-08-19,database,14.503499999999999,232.0,0.0,46.6652,0.0,0.055733,6
org_i7p5tb94,2025-08-19,storage,0.48139999999999994,0.0,1.2544,18.2884,0.0,0.003908,3
org_i7p5tb94,2025-08-20,compute,23.2455,235.0,0.0,36.036699999999996,0.0,0.054208,6
org_i7p5tb94,2025-08-20,database,11.774099999999997,111.0,4.1348,4.534,0.0,0.023934,6
org_i7p5tb94,2025-08-20,storage,0.2754,0.0,0.0,14.5197,0.0,0.002904,3
org_i7p5tb94,2025-08-21,compute,26.357200000000002,245.0,0.1696,43.9666,0.0,0.05782799999999999,6
org_i7p5tb94,2025-08-21,database,13.1525,243.0,0.0,13.8729,0.0,0.051375,3
org_i7p5tb94,2025-08-22,database,1.0931,0.0,0.0,23.1372,0.0,0.004627,3
org_i7p5tb94,2025-08-22,storage,10.555699999999998,352.0,0.0,16.8821,0.0,0.073776,6
org_i7p5tb94,2025-08-23,compute,12.7017,130.0,0.0,17.9485,0.0,0.029589999999999998,3
org_i7p5tb94,2025-08-23,database,8.6949,109.0,0.0,54.7465,0.0,0.03275,3
org_i7p5tb94,2025-08-23,storage,6.1549000000000005,238.0,9.009599999999999,27.3154,0.0,0.054865,6
org_i7p5tb94,2025-08-24,compute,11.1568,123.0,0.0,14.0014,0.0,0.0274,3
org_i7p5tb94,2025-08-24,database,15.7031,268.0,0.0,0.0,0.0,0.053599999999999995,3
org_i7p5tb94,2025-08-24,storage,2.7721,113.0,0.0,41.0612,0.0,0.030813,3
org_i7p5tb94,2025-08-25,compute,33.248099999999994,370.0,0.0,14.722199999999999,0.0,0.076945,5
org_i7p5tb94,2025-08-25,database,20.0198,353.0,0.0,23.9012,0.0,0.075381,6
org_i7p5tb94,2025-08-25,storage,9.5625,486.0,1.0359,9.2427,0.0,0.09925600000000001,6
org_i7p5tb94,2025-08-26,compute,13.011199999999999,152.0,1.3478,9.2785,0.0,0.032526,3
org_i7p5tb94,2025-08-26,database,14.7808,277.0,0.6858,10.3879,0.0,0.057615,6
org_i7p5tb94,2025-08-26,storage,8.8588,380.0,2.2392,0.0,0.0,0.076448,6
org_i7p5tb94,2025-08-27,database,25.909,506.0,1.4173,11.9639,0.0,0.10387600000000001,6
org_i7p5tb94,2025-08-27,storage,57.9049,265.0,0.0,6.6275,0.0,0.054326,3
org_i7p5tb94,2025-08-28,database,13.825299999999999,233.0,0.0,12.1977,0.0,0.04904,3
org_i7p5tb94,2025-08-28,storage,9.832899999999999,483.0,0.0,11.8907,0.0,0.09897800000000001,6
org_i7p5tb94,2025-08-29,compute,17.2472,228.0,0.0,34.1928,0.0,0.052439,6
org_i7p5tb94,2025-08-29,database,0.915,0.0,0.0,20.9172,0.0,0.004184,3
org_i7p5tb94,2025-08-29,storage,6.3978,254.0,3.5962,28.3841,0.0,0.05719600000000001,6
org_i7p5tb94,2025-08-30,compute,20.7583,258.0,3.364,12.5511,0.0,0.054782,6
org_i7p5tb94,2025-08-30,database,8.2958,128.0,2.4973,22.492800000000003,0.0,0.030598,6
org_i7p5tb94,2025-08-31,compute,11.8791,132.0,3.8102,15.9786,0.0,0.030358,6
org_i7p5tb94,2025-08-31,database,12.157900000000001,231.0,3.9859999999999998,5.7533,0.0,0.048147999999999996,6
org_id25owf7,2025-07-04,compute,2.0812000000000004,0.0,6.1355,19.7441,0.0,0.0,3
org_id25owf7,2025-07-04,storage,7.1492,358.0,0.0,0.0,0.0,0.0,3
org_id25owf7,2025-07-05,storage,6.356,345.0,0.0,0.0,0.0,0.0,3
org_id25owf7,2025-07-06,compute,0.33749999999999997,0.0,3.9775,0.0,0.0,0.0,3
org_id25owf7,2025-07-06,storage,7.5251,349.0,0.0,0.0,0.0,0.0,3
org_id25owf7,2025-07-07,storage,2.788,107.0,1.8774,20.8671,0.0,0.0,3
org_id25owf7,2025-07-08,compute,11.173399999999999,114.0,0.0,18.1393,0.0,0.0,3
org_id25owf7,2025-07-09,compute,11.3437,128.0,1.166,11.4793,0.0,0.0,3
org_id25owf7,2025-07-10,compute,15.438500000000001,152.0,0.0,20.5825,0.0,0.0,3
org_id25owf7,2025-07-10,storage,0.6334,0.0,0.0,30.216499999999996,0.0,0.0,3
org_id25owf7,2025-07-11,compute,12.441600000000001,138.0,0.2189,7.3416,0.0,0.0,3
org_id25owf7,2025-07-12,storage,5.0236,227.0,1.3948,0.0,0.0,0.0,3
org_id25owf7,2025-07-13,compute,11.6601,144.0,0.0,26.539700000000003,0.0,0.0,3
org_id25owf7,2025-07-13,storage,0.5665,0.0,0.0,32.3909,0.0,0.0,3
org_id25owf7,2025-07-14,storage,2.9861,118.0,0.6647,17.0848,0.0,0.0,3
org_id25owf7,2025-07-15,compute,12.8549,140.0,0.0,24.1928,0.0,0.0,3
org_id25owf7,2025-07-15,storage,2.1756,101.0,1.471,11.4243,0.0,0.0,3
org_id25owf7,2025-07-16,compute,21.6822,222.0,0.0,9.3859,0.0,0.0,3
org_id25owf7,2025-07-16,storage,7.3340000000000005,244.0,0.0,0.0,0.0,0.0,3
org_id25owf7,2025-07-21,compute,13.2227,135.0,1.7356,6.7462,0.0,0.028696,3
org_id25owf7,2025-07-24,compute,10.6356,112.0,0.0,14.3209,0.0,0.025263999999999998,3
org_id25owf7,2025-07-24,storage,4.8571,228.0,0.0,18.357,0.0,0.049270999999999995,3
org_id25owf7,2025-07-25,storage,2.1821,111.0,0.0,22.6231,0.0,0.026724,3
org_id25owf7,2025-07-26,storage,7.3151,351.0,0.0,0.0,0.0,0.0702,3
org_id25owf7,2025-07-27,compute,0.7776,0.0,3.1365,7.9098,0.0,0.002209,3
org_id25owf7,2025-07-28,storage,0.8579,0.0,0.0,34.5024,0.0,0.0069,3
org_id25owf7,2025-07-29,compute,10.881699999999999,112.0,4.5679,0.0,0.0,0.023314,3
org_id25owf7,2025-07-30,compute,0.8642,0.0,2.5007,8.6594,0.0,0.002232,3
org_id25owf7,2025-07-30,storage,0.2913,0.0,2.1599,12.6713,0.0,0.002967,3
org_id25owf7,2025-07-31,compute,9.4971,114.0,0.0,8.0906,0.0,0.024418000000000002,3
org_id25owf7,2025-08-01,storage,0.4653,0.0,6.45,15.4496,0.0,0.00438,3
org_id25owf7,2025-08-02,compute,3.1893000000000002,0.0,0.0,36.455799999999996,0.0,0.007291000000000001,3
org_id25owf7,2025-08-02,storage,6.7745,353.0,0.0,0.0,0.0,0.0706,3
org_id25owf7,2025-08-03,compute,17.988999999999997,247.0,1.064,0.0,0.0,0.049613000000000004,3
org_id25owf7,2025-08-04,compute,19.912399999999998,241.0,0.0,10.0741,0.0,0.050215,3
org_id25owf7,2025-08-04,storage,7.9884,375.0,0.0,0.0,0.0,0.075,3
org_id25owf7,2025-08-05,compute,28.9041,350.0,0.0,0.0,0.0,0.07,3
org_id25owf7,2025-08-06,storage,2.724,141.0,2.8696,4.4565,0.0,0.029665,3
org_id25owf7,2025-08-07,compute,27.9382,360.0,0.0,0.0,0.0,0.07200000000000001,3
org_id25owf7,2025-08-08,storage,4.6021,115.0,2.1366,0.0,0.0,0.023427,3
org_id25owf7,2025-08-09,storage,7.3402,359.0,0.0,0.0,0.0,0.0718,3
org_id25owf7,2025-08-11,compute,9.8637,125.0,3.8969,4.6389,0.0,0.026707,3
org_id25owf7,2025-08-12,compute,31.8223,368.0,0.0,0.0,0.0,0.0736,3
org_id25owf7,2025-08-13,compute,1.2332999999999998,0.0,7.1259999999999994,10.9894,0.0,0.003623,3
org_id25owf7,2025-08-13,storage,2.5899,121.0,0.0,6.3007,0.0,0.02546,3
org_id25owf7,2025-08-14,compute,11.1794,128.0,0.0,9.6233,0.0,0.027525,3
org_id25owf7,2025-08-14,storage,4.0518,207.0,0.0,8.8562,0.0,0.043171,3
org_id25owf7,2025-08-15,storage,0.6832,0.0,0.0,30.1751,0.0,0.0060349999999999996,3
org_id25owf7,2025-08-17,storage,0.0564,0.0,3.3312999999999997,0.0,0.0,6.670000000000001E-4,3
org_id25owf7,2025-08-19,storage,7.249199999999999,240.0,0.0,0.0,0.0,0.048,3
org_id25owf7,2025-08-20,storage,2.6498,117.0,1.5975,1.3696,0.0,0.023994,3
org_id25owf7,2025-08-21,compute,0.2824,0.0,3.1597,0.0,0.0,6.32E-4,3
org_id25owf7,2025-08-23,storage,0.33399999999999996,0.0,0.3778,16.2001,0.0,0.003316,3
org_id25owf7,2025-08-25,storage,0.4206,0.0,0.0,20.4561,0.0,0.004091,3
org_id25owf7,2025-08-28,compute,33.2276,386.0,0.0,0.0,0.0,0.0772,3
org_id25owf7,2025-08-28,storage,2.2274,89.0,0.0,16.6402,0.0,0.021128,3
org_id25owf7,2025-08-31,compute,10.2779,131.0,3.8083,0.0,0.0,0.026961000000000002,3
org_ir4cowgz,2025-07-03,database,13.485500000000002,248.0,0.0,0.0,0.0,0.0,3
org_ir4cowgz,2025-07-03,storage,9.6393,518.0,0.0,17.375,0.0,0.0,6
org_ir4cowgz,2025-07-04,analytics,20.499,258.0,6.3446,32.7688,0.0,0.0,6
org_ir4cowgz,2025-07-04,database,10.0596,227.0,0.0,0.0,0.0,0.0,3
org_ir4cowgz,2025-07-04,storage,3.0845,122.0,3.6501,18.001,0.0,0.0,3
org_ir4cowgz,2025-07-05,analytics,5.1091999999999995,119.0,0.5636,0.0,0.0,0.0,3
org_ir4cowgz,2025-07-05,storage,3.298,132.0,0.0,9.9427,0.0,0.0,3
org_ir4cowgz,2025-07-06,analytics,17.063299999999998,249.0,0.0,17.7424,0.0,0.0,3
org_ir4cowgz,2025-07-06,database,12.491900000000001,123.0,0.0,0.0,0.0,0.0,3
org_ir4cowgz,2025-07-06,storage,2.4645,127.0,5.4323,10.6944,0.0,0.0,6
org_ir4cowgz,2025-07-07,database,1.9276,0.0,2.4557,36.3913,0.0,0.0,3
org_ir4cowgz,2025-07-07,storage,5.0004,254.0,1.254,14.451799999999999,0.0,0.0,6
org_ir4cowgz,2025-07-08,analytics,12.6102,133.0,0.0,30.322300000000002,0.0,0.0,3
org_ir4cowgz,2025-07-08,database,19.4505,371.0,2.5425,4.7411,0.0,0.0,6
org_ir4cowgz,2025-07-08,storage,7.2274,351.0,0.0,0.0,0.0,0.0,3
org_ir4cowgz,2025-07-09,analytics,15.5746,264.0,2.5212,0.0,0.0,0.0,3
org_ir4cowgz,2025-07-09,database,11.0182,223.0,2.3333,0.0,0.0,0.0,3
org_ir4cowgz,2025-07-09,storage,2.1522,98.0,2.707,7.1425,0.0,0.0,3
org_ir4cowgz,2025-07-10,analytics,30.861,348.0,0.0,52.599199999999996,0.0,0.0,6
org_ir4cowgz,2025-07-10,database,0.5335,0.0,2.905,7.1589,0.0,0.0,3
org_ir4cowgz,2025-07-10,storage,6.170599999999999,244.0,5.1042,26.9972,0.0,0.0,6
org_ir4cowgz,2025-07-11,analytics,1.1117,0.0,2.6596,14.2943,0.0,0.0,3
org_ir4cowgz,2025-07-11,storage,6.107,140.0,3.2087,22.168300000000002,0.0,0.0,6
org_ir4cowgz,2025-07-12,analytics,11.6287,125.0,7.2048000000000005,28.3821,0.0,0.0,6
org_ir4cowgz,2025-07-12,database,25.2248,345.0,4.6607,18.8787,0.0,0.0,6
org_ir4cowgz,2025-07-12,storage,7.745900000000001,358.0,3.639,24.0473,0.0,0.0,6
org_ir4cowgz,2025-07-13,analytics,31.14,488.0,2.3875,15.6847,0.0,0.0,6
org_ir4cowgz,2025-07-13,database,21.7107,370.0,0.0,15.8758,0.0,0.0,6
org_ir4cowgz,2025-07-13,storage,2.6749,124.0,0.0,5.6192,0.0,0.0,3
org_ir4cowgz,2025-07-14,database,12.0508,246.0,0.0,8.3604,0.0,0.0,3
org_ir4cowgz,2025-07-14,storage,0.3528,0.0,0.0,19.2339,0.0,0.0,2
org_ir4cowgz,2025-07-15,analytics,9.9207,118.0,7.299099999999999,0.0,0.0,0.0,3
org_ir4cowgz,2025-07-15,database,11.455,250.0,1.462,0.0,0.0,0.0,3
org_ir4cowgz,2025-07-16,analytics,42.4383,481.0,0.0906,0.0,0.0,0.0,6
org_ir4cowgz,2025-07-16,database,26.2108,465.0,4.2344,19.8123,0.0,0.0,6
org_ir4cowgz,2025-07-16,storage,7.4925999999999995,357.0,1.4581,21.0626,0.0,0.0,6
org_ir4cowgz,2025-07-17,analytics,4.2928,0.0,0.0,63.3862,0.0,0.0,3
org_ir4cowgz,2025-07-17,database,22.768699999999995,473.0,2.8259,16.1414,0.0,0.0,6
org_ir4cowgz,2025-07-17,storage,7.1509,261.0,2.2683999999999997,25.0271,0.0,0.0,6
org_ir4cowgz,2025-07-18,analytics,23.6511,233.0,2.5334,48.269099999999995,0.0,0.056761,6
org_ir4cowgz,2025-07-18,database,20.168,373.0,1.875,2.4441,0.0,0.07546399999999999,6
org_ir4cowgz,2025-07-19,analytics,8.6116,138.0,2.6741,0.0,0.0,0.028135,3
org_ir4cowgz,2025-07-19,storage,9.5155,478.0,1.4319,26.4288,0.0,0.101172,6
org_ir4cowgz,2025-07-20,database,24.102200000000003,388.0,6.4716000000000005,22.5886,0.0,0.08341199999999999,6
org_ir4cowgz,2025-07-21,analytics,229.70839999999998,377.0,0.0,44.122,0.0,0.084225,6
org_ir4cowgz,2025-07-21,database,6.0237,128.0,0.0,19.6093,0.0,0.029522,3
org_ir4cowgz,2025-07-21,storage,4.9252,260.0,0.0,0.0,0.0,0.052000000000000005,3
org_ir4cowgz,2025-07-22,analytics,18.7336,253.0,1.0097,0.0,0.0,0.05080200000000001,3
org_ir4cowgz,2025-07-22,database,16.4179,363.0,0.0,0.0,0.0,0.0726,3
org_ir4cowgz,2025-07-22,storage,5.3803,236.0,2.3937,20.288400000000003,0.0,0.051737,6
org_ir4cowgz,2025-07-23,analytics,10.4957,117.0,0.0508,20.1993,0.0,0.027450000000000002,3
org_ir4cowgz,2025-07-23,database,13.0242,238.0,0.3801,11.2124,0.0,0.049918,6
org_ir4cowgz,2025-07-24,storage,2.5934,124.0,5.1797,12.8646,0.0,0.028409,6
org_ir4cowgz,2025-07-25,database,24.4143,316.0,1.7505,0.0,0.0,0.06355,6
org_ir4cowgz,2025-07-25,storage,12.9446,626.0,4.7265,0.0,0.0,0.126145,6
org_ir4cowgz,2025-07-26,analytics,14.389199999999999,276.0,0.0,7.8313,0.0,0.056766,3
org_ir4cowgz,2025-07-26,database,1.3761,0.0,5.2966,20.4857,0.0,0.005156,6
org_ir4cowgz,2025-07-26,storage,2.8813999999999997,106.0,2.3149,28.0347,0.0,0.027268999999999998,6
org_ir4cowgz,2025-07-27,analytics,13.031400000000001,116.0,2.7894,31.8067,0.0,0.030118999999999996,6
org_ir4cowgz,2025-07-27,database,29.8477,455.0,0.0,1.3441,0.0,0.091269,6
org_ir4cowgz,2025-07-27,storage,3.1973999999999996,136.0,2.5416,13.227,0.0,0.030353,3
org_ir4cowgz,2025-07-28,analytics,30.9702,495.0,2.1406,0.0,0.0,0.09942799999999999,6
org_ir4cowgz,2025-07-28,database,1.4401000000000002,0.0,0.0,31.1156,0.0,0.0062239999999999995,3
org_ir4cowgz,2025-07-28,storage,0.12480000000000001,0.0,7.963,0.0,0.0,0.001592,3
org_ir4cowgz,2025-07-29,database,11.742,253.0,6.535,2.6725,0.0,0.052442,6
org_ir4cowgz,2025-07-29,storage,5.689399999999999,266.0,0.1697,14.4352,0.0,0.056122000000000005,6
org_ir4cowgz,2025-07-30,analytics,9.5779,137.0,0.0,0.0,0.0,0.0274,3
org_ir4cowgz,2025-07-30,database,1.1727,0.0,0.9884,27.3167,0.0,0.005661,3
org_ir4cowgz,2025-07-30,storage,17.2185,214.0,5.1975999999999996,39.3793,0.0,0.051716,6
org_ir4cowgz,2025-07-31,analytics,13.451600000000001,133.0,9.2758,17.0244,0.0,0.03186,6
org_ir4cowgz,2025-07-31,database,0.7086,0.0,1.7412,12.6883,0.0,0.0028859999999999997,3
org_ir4cowgz,2025-07-31,storage,5.0232,272.0,0.0,1.6987,0.0,0.05474,3
org_ir4cowgz,2025-08-01,analytics,19.446799999999996,257.0,1.0226000000000002,8.8185,0.0,0.053368,6
org_ir4cowgz,2025-08-01,database,7.1716,112.0,0.0,16.6188,0.0,0.025723,3
org_ir4cowgz,2025-08-01,storage,1.9316,102.0,0.0,4.016,0.0,0.021203000000000003,3
org_ir4cowgz,2025-08-02,database,11.0493,224.0,0.0,17.4384,0.0,0.048288,3
org_ir4cowgz,2025-08-02,storage,2.5635,123.0,0.0,26.2733,0.0,0.029855,3
org_ir4cowgz,2025-08-03,analytics,15.3687,241.0,4.0786,36.762,0.0,0.056368,6
org_ir4cowgz,2025-08-03,database,21.3497,373.0,4.7135,27.1166,0.0,0.080966,6
org_ir4cowgz,2025-08-03,storage,2.2199999999999998,103.0,0.0,31.5773,0.0,0.026915,3
org_ir4cowgz,2025-08-04,analytics,23.605800000000002,322.0,0.0,0.0,0.0,0.0644,3
org_ir4cowgz,2025-08-04,database,9.8528,235.0,0.5364,0.0,0.0,0.047106999999999996,3
org_ir4cowgz,2025-08-04,storage,2.0768,112.0,2.4933,0.4377,0.0,0.022987,3
org_ir4cowgz,2025-08-05,analytics,19.383000000000003,255.0,5.436400000000001,16.717499999999998,0.0,0.05543,6
org_ir4cowgz,2025-08-05,storage,4.3272,217.0,3.3111,7.363300000000001,0.0,0.045534000000000005,6
org_ir4cowgz,2025-08-06,analytics,36.33839999999999,487.0,2.5418,4.3819,0.0,0.098784,6
org_ir4cowgz,2025-08-06,storage,8.756,375.0,4.0688,7.5191,0.0,0.077318,6
org_ir4cowgz,2025-08-07,analytics,30.6573,362.0,1.0016,25.253700000000002,0.0,0.077651,6
org_ir4cowgz,2025-08-07,storage,2.4189,125.0,1.6418,11.81,0.0,0.02769,3
org_ir4cowgz,2025-08-08,analytics,23.078399999999995,326.0,0.6335,7.6493,0.0,0.066857,6
org_ir4cowgz,2025-08-08,database,10.7468,221.0,0.0,12.9952,0.0,0.046799,3
org_ir4cowgz,2025-08-08,storage,4.897,226.0,0.0,7.1055,0.0,0.046620999999999996,3
org_ir4cowgz,2025-08-09,analytics,1.2614,0.0,1.5229,14.7031,0.0,0.003246,3
org_ir4cowgz,2025-08-09,database,19.8407,349.0,1.648,32.8256,0.0,0.076695,6
org_ir4cowgz,2025-08-09,storage,6.2588,248.0,1.4386,50.0781,0.0,0.059904000000000006,6
org_ir4cowgz,2025-08-10,analytics,17.7603,225.0,6.537700000000001,11.8201,0.0,0.048672,6
org_ir4cowgz,2025-08-10,database,1.4444000000000001,0.0,0.0,24.582,0.0,0.004916,3
org_ir4cowgz,2025-08-10,storage,5.3319,246.0,4.9235,16.0913,0.0,0.05340399999999999,6
org_ir4cowgz,2025-08-11,analytics,8.9378,104.0,0.0,16.125500000000002,0.0,0.024024999999999998,3
org_ir4cowgz,2025-08-11,database,12.9266,248.0,1.259,0.0,0.0,0.049851999999999994,3
org_ir4cowgz,2025-08-11,storage,3.5362,121.0,3.5526,25.8947,0.0,0.03009,6
org_ir4cowgz,2025-08-12,analytics,7.5471,116.0,3.8723,5.4006,0.0,0.025054,3
org_ir4cowgz,2025-08-12,database,6.9653,119.0,0.0,18.8384,0.0,0.027568000000000002,3
org_ir4cowgz,2025-08-12,storage,3.0446,116.0,2.2921,14.6862,0.0,0.026594999999999997,3
org_ir4cowgz,2025-08-13,analytics,35.415400000000005,466.0,0.0,27.891,0.0,0.098778,6
org_ir4cowgz,2025-08-13,database,0.4682,0.0,1.0880999999999998,8.6712,0.0,0.001951,3
org_ir4cowgz,2025-08-13,storage,3.0656,103.0,4.7238,12.5766,0.0,0.02406,3
org_ir4cowgz,2025-08-14,analytics,9.235600000000002,120.0,1.8667,0.8957,0.0,0.024551999999999997,3
org_ir4cowgz,2025-08-14,storage,5.3895,244.0,0.7969,45.590399999999995,0.0,0.058077000000000004,6
org_ir4cowgz,2025-08-15,analytics,17.2033,255.0,0.0,0.0,0.0,0.051000000000000004,3
org_ir4cowgz,2025-08-15,database,11.843,246.0,3.0968,0.0,0.0,0.049819,3
org_ir4cowgz,2025-08-15,storage,3.2486,119.0,8.7411,0.0,0.0,0.025548,6
org_ir4cowgz,2025-08-16,database,18.217299999999998,342.0,0.0,0.0,0.0,0.06839999999999999,3
org_ir4cowgz,2025-08-16,storage,5.0804,243.0,6.3605,14.7788,0.0,0.052828,6
org_ir4cowgz,2025-08-17,analytics,5.6742,110.0,2.8079,0.0,0.0,0.022562,3
org_ir4cowgz,2025-08-17,database,13.5203,249.0,0.0,17.1641,0.0,0.053232999999999996,3
org_ir4cowgz,2025-08-17,storage,2.8185,114.0,3.2413,0.0,0.0,0.023448,3
org_ir4cowgz,2025-08-18,analytics,8.2961,109.0,3.2526,18.1688,0.0,0.026084999999999997,3
org_ir4cowgz,2025-08-18,database,22.3504,467.0,0.0,11.5167,0.0,0.095703,6
org_ir4cowgz,2025-08-18,storage,6.165100000000001,238.0,1.2398,61.2031,0.0,0.060089000000000004,6
org_ir4cowgz,2025-08-19,analytics,8.897000000000002,110.0,0.5648,12.3864,0.0,0.024589999999999997,3
org_ir4cowgz,2025-08-19,database,5.1976,123.0,5.1508,0.0,0.0,0.02563,3
org_ir4cowgz,2025-08-19,storage,2.4794000000000005,120.0,0.0,19.8031,0.0,0.027961,3
org_ir4cowgz,2025-08-20,analytics,1.841,0.0,3.9413,22.1169,0.0,0.0052109999999999995,3
org_ir4cowgz,2025-08-20,database,19.130899999999997,364.0,0.0,0.0,0.0,0.0728,3
org_ir4cowgz,2025-08-20,storage,7.1609,359.0,3.7596,0.0,0.0,0.072552,6
org_ir4cowgz,2025-08-21,database,19.8062,341.0,2.9032999999999998,21.157,0.0,0.073012,6
org_ir4cowgz,2025-08-21,storage,2.8966000000000003,123.0,1.8295,19.5226,0.0,0.028871,3
org_ir4cowgz,2025-08-22,analytics,8.988100000000001,132.0,5.7766,0.0,0.0,0.027556,3
org_ir4cowgz,2025-08-23,database,17.9415,363.0,0.0,0.0,0.0,0.0726,3
org_ir4cowgz,2025-08-23,storage,2.9313,123.0,0.8548,14.5654,0.0,0.027684,3
org_ir4cowgz,2025-08-24,analytics,1.6095,0.0,2.7347,20.907000000000004,0.0,0.0047279999999999996,3
org_ir4cowgz,2025-08-24,storage,7.336600000000001,363.0,0.0,0.0,0.0,0.0726,3
org_ir4cowgz,2025-08-25,analytics,9.6263,116.0,0.0,28.2515,0.0,0.028850999999999998,3
org_ir4cowgz,2025-08-25,database,7.0341,128.0,2.2184,5.0803,0.0,0.02706,3
org_ir4cowgz,2025-08-25,storage,4.0055,226.0,1.0115,0.0,0.0,0.045402,3
org_ir4cowgz,2025-08-26,analytics,19.0307,228.0,1.2109,9.1207,0.0,0.047666,6
org_ir4cowgz,2025-08-26,database,7.573199999999999,115.0,0.0,33.5043,0.0,0.029700999999999998,3
org_ir4cowgz,2025-08-26,storage,1.5963,0.0,4.4146,40.262800000000006,0.0,0.008936000000000001,6
org_ir4cowgz,2025-08-27,analytics,0.7368,0.0,1.9135,8.3068,0.0,0.002044,3
org_ir4cowgz,2025-08-27,database,10.048300000000001,220.0,0.0,4.3645,0.0,0.044872999999999996,3
org_ir4cowgz,2025-08-27,storage,7.3697,358.0,0.0,0.0,0.0,0.0716,3
org_ir4cowgz,2025-08-28,analytics,18.565800000000003,248.0,0.7711,0.0,0.0,0.04975400000000001,3
org_ir4cowgz,2025-08-28,database,7.3944,117.0,0.0,26.476100000000002,0.0,0.028696,3
org_ir4cowgz,2025-08-28,storage,5.772600000000001,247.0,3.2885,29.8383,0.0,0.05602599999999999,6
org_ir4cowgz,2025-08-29,analytics,36.587399999999995,465.0,3.2072,19.4121,0.0,0.097523,6
org_ir4cowgz,2025-08-29,database,7.0333,129.0,0.0,26.575499999999998,0.0,0.031115,3
org_ir4cowgz,2025-08-29,storage,0.5304000000000001,0.0,2.4398,27.5291,0.0,0.005994,3
org_ir4cowgz,2025-08-30,database,11.953299999999999,232.0,0.3996,8.3053,0.0,0.048140999999999996,5
org_ir4cowgz,2025-08-30,storage,8.6994,391.0,0.0,36.38850000000001,0.0,0.085478,6
org_ir4cowgz,2025-08-31,analytics,16.1767,249.0,0.0,4.8291,0.0,0.050766,3
org_ir4cowgz,2025-08-31,database,11.477500000000001,233.0,3.2408,0.0,0.0,0.047248000000000005,3
org_ir4cowgz,2025-08-31,storage,6.293099999999999,353.0,3.2063,4.6785,0.0,0.07217699999999999,6
org_jxepq85j,2025-07-03,analytics,18.833000000000002,243.0,0.0,21.5891,0.0,0.0,3
org_jxepq85j,2025-07-03,compute,28.204699999999995,384.0,0.0,0.0,0.0,0.0,3
org_jxepq85j,2025-07-03,database,9.1748,242.0,1.8391,0.0,0.0,0.0,3
org_jxepq85j,2025-07-03,networking,3.9409,369.0,2.7781,13.1562,0.0,0.0,6
org_jxepq85j,2025-07-03,storage,4.5945,236.0,0.0,5.8829,0.0,0.0,3
org_jxepq85j,2025-07-04,database,16.330199999999998,120.0,0.0,0.0,0.0,0.0,3
org_jxepq85j,2025-07-05,analytics,8.825700000000001,135.0,0.0,13.0002,0.0,0.0,3
org_jxepq85j,2025-07-05,compute,21.7212,338.0,0.0,0.0,0.0,0.0,3
org_jxepq85j,2025-07-05,networking,3.6109,326.0,0.0,25.8953,0.0,0.0,6
org_jxepq85j,2025-07-05,storage,3.4045,119.0,1.6392,6.2203,0.0,0.0,3
org_jxepq85j,2025-07-06,analytics,1.3241,0.0,2.9267000000000003,12.11,0.0,0.0,3
org_jxepq85j,2025-07-06,database,14.883399999999998,256.0,6.6109,0.0,0.0,0.0,3
org_jxepq85j,2025-07-06,networking,1.3464000000000003,139.0,3.9033,0.0,0.0,0.0,3
org_jxepq85j,2025-07-06,storage,5.2128,236.0,0.0,9.5488,0.0,0.0,3
org_jxepq85j,2025-07-07,compute,9.4936,117.0,0.0,7.917,0.0,0.0,3
org_jxepq85j,2025-07-07,database,18.13,351.0,0.0,0.0,0.0,0.0,3
org_jxepq85j,2025-07-07,networking,2.3402000000000003,223.0,5.6217,22.9576,0.0,0.0,6
org_jxepq85j,2025-07-08,networking,2.2517,233.0,3.5914,24.462,0.0,0.0,6
org_jxepq85j,2025-07-08,storage,5.1005,248.0,0.0,0.0,0.0,0.0,3
org_jxepq85j,2025-07-09,analytics,20.1936,338.0,0.0,0.0,0.0,0.0,3
org_jxepq85j,2025-07-09,networking,2.2217000000000002,226.0,0.0,27.1974,0.0,0.0,3
org_jxepq85j,2025-07-10,analytics,9.037399999999998,130.0,3.5378999999999996,0.0,0.0,0.0,3
org_jxepq85j,2025-07-10,database,5.6879,114.0,4.1896,21.7759,0.0,0.0,3
org_jxepq85j,2025-07-10,storage,2.3635,109.0,0.0,27.2053,0.0,0.0,3
org_jxepq85j,2025-07-11,analytics,27.6152,356.0,0.0,0.0,0.0,0.0,3
org_jxepq85j,2025-07-11,compute,11.891,130.0,0.0,7.8885000000000005,0.0,0.0,3
org_jxepq85j,2025-07-11,database,5.2919,120.0,0.0323,6.2074,0.0,0.0,3
org_jxepq85j,2025-07-11,networking,1.3762999999999999,118.0,1.6806,3.2343,0.0,0.0,3
org_jxepq85j,2025-07-11,storage,0.3108,0.0,2.9479,13.0011,0.0,0.0,3
org_jxepq85j,2025-07-12,analytics,8.7754,93.0,1.9268,17.2556,0.0,0.0,3
org_jxepq85j,2025-07-12,compute,11.675,117.0,0.0,25.8153,0.0,0.0,3
org_jxepq85j,2025-07-12,database,6.6507000000000005,106.0,0.0,26.8602,0.0,0.0,3
org_jxepq85j,2025-07-12,networking,4.0051000000000005,341.0,3.6121,12.391,0.0,0.0,6
org_jxepq85j,2025-07-12,storage,0.1524,0.0,0.7856,7.1063,0.0,0.0,3
org_jxepq85j,2025-07-13,analytics,21.8236,270.0,1.4463,0.0,0.0,0.0,3
org_jxepq85j,2025-07-13,database,5.5941,120.0,0.0,11.0952,0.0,0.0,2
org_jxepq85j,2025-07-13,networking,0.9109,114.0,0.9585,0.0,0.0,0.0,3
org_jxepq85j,2025-07-14,analytics,26.749,373.0,0.0,0.0,0.0,0.0,3
org_jxepq85j,2025-07-14,compute,15.9305,224.0,0.0,11.4533,0.0,0.0,3
org_jxepq85j,2025-07-14,database,15.874600000000001,352.0,0.0,0.0,0.0,0.0,3
org_jxepq85j,2025-07-14,networking,0.127,0.0,1.7997,0.2517,0.0,0.0,3
org_jxepq85j,2025-07-14,storage,2.3956999999999997,123.0,3.5663,0.0,0.0,0.0,3
org_jxepq85j,2025-07-15,compute,16.861800000000002,233.0,3.4825,0.0,0.0,0.0,3
org_jxepq85j,2025-07-15,database,1.0859999999999999,0.0,3.411,21.0232,0.0,0.0,3
org_jxepq85j,2025-07-15,networking,1.8886,248.0,0.0,0.0,0.0,0.0,3
org_jxepq85j,2025-07-15,storage,7.397200000000001,355.0,0.0,0.0,0.0,0.0,3
org_jxepq85j,2025-07-16,analytics,8.0059,112.0,0.7662,0.0,0.0,0.0,3
org_jxepq85j,2025-07-16,compute,20.679899999999996,242.0,0.0,7.8546,0.0,0.0,3
org_jxepq85j,2025-07-16,database,11.649400000000002,223.0,0.0,5.3236,0.0,0.0,3
org_jxepq85j,2025-07-16,networking,0.34730000000000005,0.0,7.274900000000001,25.5,0.0,0.0,3
org_jxepq85j,2025-07-17,analytics,16.9989,232.0,3.8194,0.0,0.0,0.0,3
org_jxepq85j,2025-07-17,database,9.772,237.0,0.0,9.7666,0.0,0.0,3
org_jxepq85j,2025-07-17,networking,3.9703,377.0,6.6063,16.9189,0.0,0.0,6
org_jxepq85j,2025-07-17,storage,5.2326999999999995,243.0,0.0,5.8012,0.0,0.0,3
org_jxepq85j,2025-07-18,compute,19.1147,238.0,0.0,1.1434,0.0,0.047828999999999997,3
org_jxepq85j,2025-07-18,database,13.170200000000001,252.0,0.0,26.0072,0.0,0.055601,3
org_jxepq85j,2025-07-18,networking,3.0359,262.0,3.3775,10.2667,0.0,0.055127999999999996,5
org_jxepq85j,2025-07-18,storage,5.1044,242.0,0.0,18.0438,0.0,0.052009,3
org_jxepq85j,2025-07-19,compute,25.529600000000002,353.0,0.0,0.0,0.0,0.0706,3
org_jxepq85j,2025-07-19,networking,1.2354,142.0,2.1769,0.0,0.0,0.028835000000000003,2
org_jxepq85j,2025-07-19,storage,6.104699999999999,352.0,0.0,0.0,0.0,0.07039999999999999,3
org_jxepq85j,2025-07-20,networking,2.1281999999999996,226.0,1.8925,0.0,0.0,0.045579,3
org_jxepq85j,2025-07-21,analytics,2.5111,0.0,1.5123,37.2144,0.0,0.007745,3
org_jxepq85j,2025-07-21,database,6.572799999999999,118.0,2.6434,9.2664,0.0,0.025981999999999998,3
org_jxepq85j,2025-07-21,networking,4.945600000000001,508.0,1.6981,4.9788,0.0,0.102936,6
org_jxepq85j,2025-07-22,analytics,18.743000000000002,239.0,2.1652,0.0,0.0,0.048233,3
org_jxepq85j,2025-07-22,networking,4.656599999999999,455.0,0.0,33.9644,0.0,0.09779300000000002,6
org_jxepq85j,2025-07-23,database,12.537099999999999,248.0,1.0517,0.0,0.0,0.04980999999999999,3
org_jxepq85j,2025-07-23,networking,1.2888,116.0,1.0311,3.6196,0.0,0.02413,3
org_jxepq85j,2025-07-23,storage,0.2641,0.0,4.6962,0.0,0.0,9.390000000000001E-4,3
org_jxepq85j,2025-07-24,compute,11.0382,129.0,3.7705,0.0,0.0,0.026553999999999998,3
org_jxepq85j,2025-07-24,database,1.3833000000000002,0.0,4.4416,20.6717,0.0,0.005022,3
org_jxepq85j,2025-07-24,networking,0.13390000000000002,0.0,1.4004,10.8264,0.0,0.0024449999999999997,3
org_jxepq85j,2025-07-25,compute,11.016,117.0,2.8461999999999996,0.0,0.0,0.023969,3
org_jxepq85j,2025-07-25,database,11.8537,233.0,0.1623,0.0,0.0,0.046632,3
org_jxepq85j,2025-07-25,networking,1.8049,112.0,0.0,66.5253,0.0,0.035705,6
org_jxepq85j,2025-07-25,storage,3.292,123.0,2.0803,12.1119,0.0,0.027438,3
org_jxepq85j,2025-07-26,analytics,0.6277,0.0,10.3645,0.0,0.0,0.002073,3
org_jxepq85j,2025-07-26,compute,21.2059,261.0,2.9582,0.0,0.0,0.052792,3
org_jxepq85j,2025-07-26,database,7.393699999999999,118.0,1.7458,8.0188,0.0,0.025553,3
org_jxepq85j,2025-07-27,compute,3.2291999999999996,0.0,1.9733,35.794,0.0,0.007554000000000001,3
org_jxepq85j,2025-07-27,database,1.0546,0.0,0.0,20.4294,0.0,0.004086,3
org_jxepq85j,2025-07-27,networking,5.4491000000000005,516.0,4.0884,15.4301,0.0,0.107104,6
org_jxepq85j,2025-07-27,storage,2.2724,128.0,4.1505,12.1334,0.0,0.028857,3
org_jxepq85j,2025-07-28,analytics,16.3354,230.0,3.5519,0.0,0.0,0.04671,3
org_jxepq85j,2025-07-28,database,5.5019,118.0,2.8664,0.0,0.0,0.024173999999999998,3
org_jxepq85j,2025-07-28,networking,3.1315999999999997,250.0,1.8591,24.5752,0.0,0.055287,6
org_jxepq85j,2025-07-29,analytics,10.698799999999999,118.0,0.0,16.4636,0.0,0.026893,3
org_jxepq85j,2025-07-29,networking,2.2262,236.0,1.6862,0.0,0.0,0.047536999999999996,3
org_jxepq85j,2025-07-29,storage,0.2542,0.0,2.8002000000000002,11.774,0.0,0.002915,3
org_jxepq85j,2025-07-30,compute,20.8893,248.0,0.0,4.979,0.0,0.050596,3
org_jxepq85j,2025-07-30,database,6.8194,113.0,0.3613,13.8742,0.0,0.025446999999999997,3
org_jxepq85j,2025-07-30,networking,0.057300000000000004,0.0,2.7795,3.223,0.0,0.0012009999999999998,3
org_jxepq85j,2025-07-31,analytics,22.941,314.0,0.0,0.0,0.0,0.0628,3
org_jxepq85j,2025-07-31,compute,9.9989,124.0,0.0,0.0,0.0,0.0248,3
org_jxepq85j,2025-07-31,networking,1.3192000000000002,112.0,0.74,0.0141,0.0,0.022550999999999998,3
org_jxepq85j,2025-07-31,storage,7.5795,394.0,0.0,0.0,0.0,0.0788,3
org_jxepq85j,2025-08-01,analytics,0.7943,0.0,0.3226,13.4696,0.0,0.002759,3
org_jxepq85j,2025-08-01,compute,11.2744,123.0,3.7719,2.5407,0.0,0.025862000000000003,3
org_jxepq85j,2025-08-01,networking,2.2629,222.0,6.6209,7.9584,0.0,0.047316,6
org_jxepq85j,2025-08-01,storage,4.876399999999999,243.0,0.0,7.1499,0.0,0.05003,3
org_jxepq85j,2025-08-02,analytics,14.593100000000002,216.0,1.9961,0.0,0.0,0.043599,3
org_jxepq85j,2025-08-02,compute,16.338700000000003,210.0,0.873,0.0,0.0,0.042175000000000004,3
org_jxepq85j,2025-08-02,database,5.7325,107.0,4.3241,0.0,0.0,0.022265,3
org_jxepq85j,2025-08-02,networking,2.8218,234.0,3.723,8.7372,0.0,0.049292,6
org_jxepq85j,2025-08-02,storage,2.6182,124.0,6.9859,0.0,0.0,0.026196999999999998,3
org_jxepq85j,2025-08-03,analytics,27.233,364.0,0.0,0.0,0.0,0.0728,3
org_jxepq85j,2025-08-03,compute,21.063000000000002,286.0,2.9904,0.0,0.0,0.057798,3
org_jxepq85j,2025-08-03,database,7.9594,110.0,3.7452,0.0,0.0,0.022749,3
org_jxepq85j,2025-08-03,networking,3.5941000000000005,337.0,0.7646,10.3504,0.0,0.069623,6
org_jxepq85j,2025-08-03,storage,50.4333,365.0,0.0,0.0,0.0,0.07300000000000001,3
org_jxepq85j,2025-08-04,analytics,8.9642,128.0,1.9881,0.0,0.0,0.025997000000000003,3
org_jxepq85j,2025-08-04,compute,26.995900000000002,367.0,0.0,0.0,0.0,0.07339999999999999,3
org_jxepq85j,2025-08-04,database,6.7782,147.0,3.6964,8.869,0.0,0.031913,3
org_jxepq85j,2025-08-04,networking,2.8122,231.0,9.9195,0.0,0.0,0.048184000000000005,6
org_jxepq85j,2025-08-04,storage,0.4849,0.0,1.7338,23.9053,0.0,0.005128,3
org_jxepq85j,2025-08-05,compute,1.1409,0.0,0.0,15.116,0.0,0.003023,3
org_jxepq85j,2025-08-05,networking,5.9131,560.0,0.0,4.3402,0.0,0.112868,6
org_jxepq85j,2025-08-05,storage,4.7448999999999995,229.0,0.0,0.0,0.0,0.0458,3
org_jxepq85j,2025-08-06,analytics,27.1098,347.0,0.0,0.0,0.0,0.06939999999999999,3
org_jxepq85j,2025-08-06,compute,1.988,0.0,0.6025,16.9564,0.0,0.003512,3
org_jxepq85j,2025-08-06,networking,0.2677,0.0,2.7156,26.6916,0.0,0.005882,3
org_jxepq85j,2025-08-07,compute,0.9780000000000001,0.0,0.0879,16.4103,0.0,0.0033,3
org_jxepq85j,2025-08-07,storage,2.4913,120.0,2.5706,9.4015,0.0,0.026394,3
org_jxepq85j,2025-08-08,analytics,23.777,359.0,0.0,0.0,0.0,0.0718,3
org_jxepq85j,2025-08-08,compute,22.9109,254.0,0.0,17.7435,0.0,0.054348999999999995,3
org_jxepq85j,2025-08-08,database,7.6574,130.0,0.0,19.4226,0.0,0.029885,3
org_jxepq85j,2025-08-08,networking,2.3261,240.0,1.776,27.9195,0.0,0.05393900000000001,6
org_jxepq85j,2025-08-08,storage,2.7296,128.0,1.1016,11.9133,0.0,0.028203000000000002,3
org_jxepq85j,2025-08-09,analytics,8.2015,122.0,2.9551,20.4491,0.0,0.029081000000000003,3
org_jxepq85j,2025-08-09,database,6.3087,127.0,3.7551,1.5752,0.0,0.026466,3
org_jxepq85j,2025-08-09,networking,2.0926,117.0,0.0,5.9316,0.0,0.024586,3
org_jxepq85j,2025-08-10,networking,3.7582000000000004,341.0,1.083,26.406399999999998,0.0,0.07369799999999999,6
org_jxepq85j,2025-08-11,analytics,8.874500000000001,130.0,1.9038,5.5082,0.0,0.027482999999999997,3
org_jxepq85j,2025-08-11,compute,0.6305999999999999,0.0,7.6043,0.0,0.0,0.001521,3
org_jxepq85j,2025-08-11,database,1.1135,0.0,4.1337,19.0241,0.0,0.004631,3
org_jxepq85j,2025-08-11,networking,3.3586,326.0,0.0,0.0,0.0,0.06520000000000001,3
org_jxepq85j,2025-08-12,compute,21.4202,238.0,2.3978,0.0,0.0,0.048080000000000005,3
org_jxepq85j,2025-08-12,storage,0.11580000000000001,0.0,5.9584,0.0,0.0,0.001192,3
org_jxepq85j,2025-08-13,analytics,17.4877,227.0,2.3091,0.0,0.0,0.04586199999999999,3
org_jxepq85j,2025-08-13,compute,12.465599999999998,138.0,1.1891,7.8072,0.0,0.029398999999999998,3
org_jxepq85j,2025-08-13,database,19.0015,358.0,0.0,0.0,0.0,0.0716,3
org_jxepq85j,2025-08-13,networking,1.4017,110.0,0.0,15.9403,0.0,0.025189,3
org_jxepq85j,2025-08-13,storage,4.3516,226.0,0.0,1.2096,0.0,0.045442,3
org_jxepq85j,2025-08-14,analytics,9.1084,124.0,0.0,24.408,0.0,0.029682,3
org_jxepq85j,2025-08-14,compute,29.1846,227.0,0.0,0.0,0.0,0.045399999999999996,3
org_jxepq85j,2025-08-14,storage,2.736,113.0,1.6973,13.3045,0.0,0.025599999999999998,3
org_jxepq85j,2025-08-15,analytics,19.4144,137.0,0.0,0.0,0.0,0.0274,3
org_jxepq85j,2025-08-16,networking,1.4045999999999998,107.0,0.0,19.3686,0.0,0.025273999999999998,3
org_jxepq85j,2025-08-17,compute,9.972999999999999,121.0,4.7985,21.9295,0.0,0.029546,3
org_jxepq85j,2025-08-17,database,7.2508,137.0,0.0,12.0461,0.0,0.029809,3
org_jxepq85j,2025-08-17,networking,5.8809,502.0,3.9443,21.8945,0.0,0.105568,6
org_jxepq85j,2025-08-18,compute,16.706899999999997,254.0,1.4702,0.0,0.0,0.051094,3
org_jxepq85j,2025-08-18,database,16.0091,351.0,0.0,0.0,0.0,0.0702,3
org_jxepq85j,2025-08-18,networking,3.7297000000000002,346.0,0.9542999999999999,5.0612,0.0,0.070403,6
org_jxepq85j,2025-08-18,storage,7.671000000000001,382.0,0.0,0.0,0.0,0.0764,3
org_jxepq85j,2025-08-19,analytics,9.6903,101.0,0.0,24.2569,0.0,0.025051,3
org_jxepq85j,2025-08-19,networking,2.6801,253.0,0.0,17.8154,0.0,0.054163,3
org_jxepq85j,2025-08-20,analytics,10.575099999999999,124.0,1.7388,19.4973,0.0,0.029047,3
org_jxepq85j,2025-08-20,networking,2.5275999999999996,255.0,0.0,12.0071,0.0,0.053401000000000004,3
org_jxepq85j,2025-08-20,storage,2.7127,107.0,1.8958,0.0,0.0,0.021779,3
org_jxepq85j,2025-08-21,analytics,11.7678,134.0,1.5831,25.5374,0.0,0.032224,3
org_jxepq85j,2025-08-21,compute,20.8825,235.0,3.6807,0.0,0.0,0.047736,3
org_jxepq85j,2025-08-21,database,0.7555,0.0,2.7648,12.9419,0.0,0.003141,3
org_jxepq85j,2025-08-21,networking,3.0637,267.0,3.059,22.5947,0.0,0.058531,5
org_jxepq85j,2025-08-21,storage,5.5316,228.0,0.0,0.0,0.0,0.0456,3
org_jxepq85j,2025-08-22,analytics,15.1494,230.0,3.4,0.0,0.0,0.04668,3
org_jxepq85j,2025-08-23,database,6.6738,118.0,0.0,10.3844,0.0,0.025677,3
org_jxepq85j,2025-08-23,networking,1.0875000000000001,126.0,10.639,0.0,0.0,0.027328,6
org_jxepq85j,2025-08-23,storage,4.9811000000000005,269.0,0.0,14.3656,0.0,0.056673,3
org_jxepq85j,2025-08-24,analytics,21.2993,261.0,0.0,11.683,0.0,0.054536999999999995,3
org_jxepq85j,2025-08-24,database,18.6025,393.0,0.0,0.0,0.0,0.0786,3
org_jxepq85j,2025-08-24,storage,5.9514000000000005,246.0,0.0,17.7657,0.0,0.052753,3
org_jxepq85j,2025-08-25,analytics,16.552,209.0,0.0,10.6684,0.0,0.043934,3
org_jxepq85j,2025-08-25,networking,6.1015,614.0,0.0,0.0,0.0,0.1228,6
org_jxepq85j,2025-08-26,compute,19.8983,242.0,0.0,0.0,0.0,0.0484,3
org_jxepq85j,2025-08-26,networking,1.5641,136.0,0.0,15.193100000000001,0.0,0.030239,3
org_jxepq85j,2025-08-27,compute,19.867800000000003,273.0,0.0,0.0,0.0,0.054599999999999996,3
org_jxepq85j,2025-08-27,networking,2.7949,243.0,4.344799999999999,14.032300000000001,0.0,0.052275,6
org_jxepq85j,2025-08-27,storage,5.0962,223.0,0.0,18.1068,0.0,0.048221,3
org_jxepq85j,2025-08-28,analytics,7.7672,122.0,1.5244,0.1708,0.0,0.024739,3
org_jxepq85j,2025-08-28,networking,2.6262,242.0,2.4853,28.892400000000002,0.0,0.054674999999999994,6
org_jxepq85j,2025-08-29,analytics,19.2155,259.0,0.0,1.1257,0.0,0.052025,3
org_jxepq85j,2025-08-29,database,14.049299999999999,247.0,0.0,4.7271,0.0,0.050345,3
org_jxepq85j,2025-08-29,networking,3.1141,260.0,0.0,15.3675,0.0,0.055074000000000005,3
org_jxepq85j,2025-08-30,analytics,10.0892,121.0,3.508,7.1127,0.0,0.026325,3
org_jxepq85j,2025-08-30,compute,21.531499999999998,236.0,1.5032,0.0,0.0,0.04750100000000001,3
org_jxepq85j,2025-08-30,database,6.101699999999999,116.0,0.9566,17.3447,0.0,0.02686,3
org_jxepq85j,2025-08-30,networking,1.4147999999999998,114.0,1.9507,20.4965,0.0,0.027289,3
org_jxepq85j,2025-08-30,storage,9.3154,246.0,0.0,0.0,0.0,0.0492,3
org_jxepq85j,2025-08-31,compute,24.535199999999996,254.0,3.1838,0.0,0.0,0.051437,3
org_jxepq85j,2025-08-31,database,13.734,244.0,0.0,8.6944,0.0,0.050538999999999994,3
org_jxepq85j,2025-08-31,networking,0.9212,104.0,4.8343,3.8892,0.0,0.022545,3
org_jxepq85j,2025-08-31,storage,2.4039,117.0,0.0,9.4028,0.0,0.025281,3
org_kdgigatj,2025-07-03,analytics,20.4013,251.0,0.0,6.8626,0.0,0.0,3
org_kdgigatj,2025-07-03,compute,10.127799999999999,115.0,2.9544,34.8287,0.0,0.0,6
org_kdgigatj,2025-07-03,database,23.4238,482.0,0.8370000000000001,0.0,0.0,0.0,6
org_kdgigatj,2025-07-03,genai,4.9597,0.0,0.0,39.1982,0.0,0.0,3
org_kdgigatj,2025-07-04,analytics,9.575000000000001,125.0,0.0,22.6099,0.0,0.0,3
org_kdgigatj,2025-07-04,compute,33.3232,477.0,6.9536999999999995,10.0453,0.0,0.0,9
org_kdgigatj,2025-07-04,database,12.664100000000001,271.0,1.1893,0.0,0.0,0.0,3
org_kdgigatj,2025-07-04,genai,34.376599999999996,238.0,0.0,34.2745,0.0,0.0,3
org_kdgigatj,2025-07-04,networking,6.473599999999999,611.0,5.434200000000001,22.008200000000002,0.0,0.0,9
org_kdgigatj,2025-07-05,analytics,16.922600000000003,240.0,0.0,11.0885,0.0,0.0,3
org_kdgigatj,2025-07-05,compute,42.9725,352.0,4.481,5.1665,0.0,0.0,9
org_kdgigatj,2025-07-05,database,0.9046000000000001,0.0,2.5674,1.5307,0.0,0.0,3
org_kdgigatj,2025-07-05,networking,2.2223,230.0,1.3221,0.0,0.0,0.0,3
org_kdgigatj,2025-07-06,analytics,17.607799999999997,227.0,0.0,16.7411,0.0,0.0,3
org_kdgigatj,2025-07-06,compute,11.038599999999999,116.0,3.4348,0.0,0.0,0.0,3
org_kdgigatj,2025-07-06,database,37.227199999999996,744.0,0.0,0.0,0.0,0.0,6
org_kdgigatj,2025-07-06,genai,29.805999999999997,241.0,3.0919,0.0,0.0,0.0,3
org_kdgigatj,2025-07-06,networking,2.7205,233.0,0.0,55.5934,0.0,0.0,6
org_kdgigatj,2025-07-07,analytics,9.0832,128.0,0.2847,0.0,0.0,0.0,3
org_kdgigatj,2025-07-07,compute,43.4491,369.0,7.0032,29.8585,0.0,0.0,9
org_kdgigatj,2025-07-07,networking,3.2637,348.0,1.6301,17.4162,0.0,0.0,6
org_kdgigatj,2025-07-08,compute,13.6448,123.0,4.1776,46.4541,0.0,0.0,6
org_kdgigatj,2025-07-08,database,13.788899999999998,248.0,7.4994,10.0403,0.0,0.0,6
org_kdgigatj,2025-07-08,genai,34.7322,258.0,2.6155,0.0,0.0,0.0,3
org_kdgigatj,2025-07-08,networking,10.756799999999998,702.0,1.8765,14.5013,0.0,0.0,9
org_kdgigatj,2025-07-09,compute,23.232,276.0,2.8827,0.0,0.0,0.0,3
org_kdgigatj,2025-07-09,networking,7.8365,732.0,1.9499,8.5901,0.0,0.0,9
org_kdgigatj,2025-07-10,compute,30.612099999999998,403.0,3.9139,13.105,0.0,0.0,6
org_kdgigatj,2025-07-10,database,21.517699999999998,480.0,0.0,4.4601,0.0,0.0,6
org_kdgigatj,2025-07-10,genai,23.6923,189.0,0.0,7.6913,0.0,0.0,3
org_kdgigatj,2025-07-10,networking,5.116099999999999,489.0,4.6572000000000005,0.0,0.0,0.0,6
org_kdgigatj,2025-07-11,analytics,18.8488,246.0,0.0,10.8656,0.0,0.0,3
org_kdgigatj,2025-07-11,compute,39.4625,466.0,0.0,43.3975,0.0,0.0,6
org_kdgigatj,2025-07-11,database,6.1573,108.0,0.0,29.5169,0.0,0.0,3
org_kdgigatj,2025-07-11,genai,45.2419,376.0,0.0,0.0,0.0,0.0,3
org_kdgigatj,2025-07-11,networking,0.2216,0.0,2.7319,18.6957,0.0,0.0,3
org_kdgigatj,2025-07-12,analytics,14.436900000000001,235.0,1.2001,0.0,0.0,0.0,3
org_kdgigatj,2025-07-12,compute,31.1608,373.0,4.2484,13.2419,0.0,0.0,6
org_kdgigatj,2025-07-12,genai,15.2081,128.0,2.2630999999999997,0.0,0.0,0.0,3
org_kdgigatj,2025-07-12,networking,6.5191,566.0,1.1233,18.7959,0.0,0.0,9
org_kdgigatj,2025-07-13,analytics,15.281400000000001,236.0,0.0,2.5476,0.0,0.0,3
org_kdgigatj,2025-07-13,compute,36.159200000000006,370.0,6.5884,24.075400000000002,0.0,0.0,9
org_kdgigatj,2025-07-13,database,14.5518,267.0,3.5569,13.9224,0.0,0.0,6
org_kdgigatj,2025-07-13,networking,4.6644000000000005,375.0,3.9375,23.3394,0.0,0.0,6
org_kdgigatj,2025-07-14,analytics,8.9162,122.0,0.0,18.685100000000002,0.0,0.0,3
org_kdgigatj,2025-07-14,compute,3.909,0.0,5.2258,39.1776,0.0,0.0,5
org_kdgigatj,2025-07-14,genai,18.2192,110.0,3.1243,14.0531,0.0,0.0,3
org_kdgigatj,2025-07-14,networking,0.2656,0.0,4.1977,24.4722,0.0,0.0,3
org_kdgigatj,2025-07-15,analytics,9.9316,129.0,0.0,14.4971,0.0,0.0,3
org_kdgigatj,2025-07-15,compute,10.9085,103.0,0.0,32.6257,0.0,0.0,3
org_kdgigatj,2025-07-15,database,22.9739,470.0,0.0,23.8551,0.0,0.0,6
org_kdgigatj,2025-07-15,genai,18.0344,115.0,0.0,22.6398,0.0,0.0,3
org_kdgigatj,2025-07-15,networking,0.1593,0.0,4.3391,13.4853,0.0,0.0,3
org_kdgigatj,2025-07-16,analytics,7.7445,120.0,4.2721,0.0,0.0,0.0,3
org_kdgigatj,2025-07-16,compute,23.5786,247.0,1.8835,0.0,0.0,0.0,3
org_kdgigatj,2025-07-16,database,12.7503,235.0,4.3876,14.2448,0.0,0.0,6
org_kdgigatj,2025-07-16,networking,2.2507,238.0,0.0,23.5934,0.0,0.0,3
org_kdgigatj,2025-07-17,compute,251.64300000000003,839.0,1.6573,1.1481,0.0,0.0,9
org_kdgigatj,2025-07-17,database,12.3212,253.0,0.0,33.966499999999996,0.0,0.0,6
org_kdgigatj,2025-07-17,genai,38.5508,321.0,0.0,0.0,0.0,0.0,3
org_kdgigatj,2025-07-17,networking,5.0977,463.0,2.0604,28.149,0.0,0.0,9
org_kdgigatj,2025-07-18,database,23.4552,460.0,0.1575,8.9005,0.0,0.093811,6
org_kdgigatj,2025-07-18,networking,1.8628999999999998,134.0,0.0,37.3261,0.0,0.034264,6
org_kdgigatj,2025-07-19,analytics,7.3939,101.0,0.0,8.428,0.0,0.021886,3
org_kdgigatj,2025-07-19,compute,38.5064,494.0,3.0962,0.3244,0.0,0.09948399999999999,6
org_kdgigatj,2025-07-19,database,22.451,343.0,2.337,31.418599999999998,0.0,0.075351,6
org_kdgigatj,2025-07-19,networking,2.5290999999999997,274.0,3.4735,0.0,0.0,0.055495,3
org_kdgigatj,2025-07-20,compute,47.7802,579.0,1.3766,0.0,0.0,0.11607500000000001,6
org_kdgigatj,2025-07-20,database,10.1202,139.0,3.5714,45.39059999999999,0.0,0.037592,6
org_kdgigatj,2025-07-20,genai,30.2871,237.0,0.0,18.0545,2063.0,0.051011,3
org_kdgigatj,2025-07-20,networking,3.5074,352.0,5.0486,0.0,0.0,0.07140899999999999,6
org_kdgigatj,2025-07-21,compute,35.02160000000001,392.0,0.0,43.8194,0.0,0.087164,6
org_kdgigatj,2025-07-21,database,16.2262,252.0,0.0,67.7299,0.0,0.063946,6
org_kdgigatj,2025-07-21,genai,31.2003,277.0,1.3288,0.0,1889.0,0.055666,3
org_kdgigatj,2025-07-21,networking,2.6375,245.0,5.0241,11.955,0.0,0.052396,6
org_kdgigatj,2025-07-22,compute,18.0232,253.0,1.1301,0.0,0.0,0.050825999999999996,3
org_kdgigatj,2025-07-22,database,15.983799999999999,255.0,0.0,8.9473,0.0,0.052789,6
org_kdgigatj,2025-07-22,genai,34.0885,230.0,4.4475,0.0,2226.0,0.046889,3
org_kdgigatj,2025-07-22,networking,3.0502000000000002,343.0,0.0,0.0,0.0,0.0686,3
org_kdgigatj,2025-07-23,analytics,26.227,225.0,0.0,0.0,0.0,0.045,3
org_kdgigatj,2025-07-23,compute,38.2658,446.0,5.7463,28.076099999999997,0.0,0.095964,9
org_kdgigatj,2025-07-23,database,147.3653,349.0,1.8384,3.8932,0.0,0.070947,6
org_kdgigatj,2025-07-23,genai,29.044600000000003,219.0,0.3352,0.0,3357.0,0.043867,3
org_kdgigatj,2025-07-23,networking,4.019699999999999,369.0,1.9431,27.514899999999997,0.0,0.079692,6
org_kdgigatj,2025-07-24,analytics,8.1068,114.0,0.0,0.0,0.0,0.0228,3
org_kdgigatj,2025-07-24,compute,44.7726,605.0,0.0,10.2031,0.0,0.123041,6
org_kdgigatj,2025-07-24,database,15.478200000000001,319.0,0.0,5.8394,0.0,0.064968,6
org_kdgigatj,2025-07-24,genai,1.1688,0.0,0.0,8.8703,2905.0,0.001774,3
org_kdgigatj,2025-07-24,networking,4.796200000000001,464.0,3.1495,0.087,0.0,0.093447,6
org_kdgigatj,2025-07-25,analytics,19.6017,262.0,0.0,15.1995,0.0,0.05544,3
org_kdgigatj,2025-07-25,compute,32.2277,351.0,0.0,36.4587,0.0,0.077492,6
org_kdgigatj,2025-07-25,database,20.5328,338.0,3.4523,14.2423,0.0,0.071138,6
org_kdgigatj,2025-07-25,networking,6.4092,639.0,8.835,22.4311,0.0,0.134053,12
org_kdgigatj,2025-07-26,compute,33.8052,370.0,0.0,13.6263,0.0,0.076725,6
org_kdgigatj,2025-07-26,database,18.0006,330.0,2.2717,4.2686,0.0,0.067308,6
org_kdgigatj,2025-07-26,genai,52.529,349.0,0.0,0.0,2957.0,0.0698,3
org_kdgigatj,2025-07-26,networking,5.2747,515.0,8.6918,26.0002,0.0,0.10994,12
org_kdgigatj,2025-07-27,compute,19.3943,225.0,7.2339,21.3478,0.0,0.050717,6
org_kdgigatj,2025-07-27,database,7.4767,123.0,4.1326,0.0,0.0,0.025426,3
org_kdgigatj,2025-07-27,genai,17.7223,124.0,0.0,15.4083,1594.0,0.027882,3
org_kdgigatj,2025-07-27,networking,3.0926,227.0,3.5147000000000004,36.666,0.0,0.053437,6
org_kdgigatj,2025-07-28,compute,21.574,232.0,6.277200000000001,10.9329,0.0,0.049843,6
org_kdgigatj,2025-07-28,database,7.9795,125.0,0.0,26.562,0.0,0.030312000000000002,3
org_kdgigatj,2025-07-28,networking,6.369,578.0,9.404,49.1513,0.0,0.12730999999999998,11
org_kdgigatj,2025-07-29,analytics,1.0495999999999999,0.0,2.7736,12.1288,0.0,0.002981,3
org_kdgigatj,2025-07-29,compute,47.8934,403.0,1.1265,21.9884,0.0,0.08522199999999999,6
org_kdgigatj,2025-07-29,database,17.9212,335.0,0.0,46.21589999999999,0.0,0.076243,6
org_kdgigatj,2025-07-29,genai,14.9745,141.0,1.4805,5.4731,2020.0,0.029591,3
org_kdgigatj,2025-07-29,networking,2.4195,221.0,8.7517,0.0,0.0,0.045951000000000006,6
org_kdgigatj,2025-07-30,analytics,7.3161000000000005,114.0,5.3027999999999995,0.0,0.0,0.02386,3
org_kdgigatj,2025-07-30,compute,8.346499999999999,122.0,1.4988,9.6386,0.0,0.026628000000000002,3
org_kdgigatj,2025-07-30,database,14.782099999999998,239.0,0.0,0.0,0.0,0.0478,3
org_kdgigatj,2025-07-30,genai,30.5886,254.0,0.0,17.5898,2040.0,0.054318,3
org_kdgigatj,2025-07-30,networking,6.5600000000000005,575.0,4.9014,33.3155,0.0,0.12264400000000002,9
org_kdgigatj,2025-07-31,analytics,8.9407,122.0,0.0,6.2401,0.0,0.025648,3
org_kdgigatj,2025-07-31,compute,7.3311,102.0,0.1263,0.0,0.0,0.020425000000000002,3
org_kdgigatj,2025-07-31,database,10.4661,0.0,1.911,79.35900000000001,0.0,0.016253,6
org_kdgigatj,2025-07-31,networking,4.3521,477.0,3.108,24.6492,0.0,0.10095199999999999,9
org_kdgigatj,2025-08-01,analytics,1.24,0.0,0.0,18.3739,0.0,0.003675,3
org_kdgigatj,2025-08-01,compute,10.0476,106.0,11.3912,4.8181,0.0,0.024442,6
org_kdgigatj,2025-08-01,database,21.7549,357.0,0.0,31.9362,0.0,0.077788,6
org_kdgigatj,2025-08-01,networking,4.2905999999999995,334.0,0.6905,18.797,0.0,0.070697,6
org_kdgigatj,2025-08-02,analytics,8.2174,116.0,0.9998,0.0,0.0,0.023399999999999997,3
org_kdgigatj,2025-08-02,compute,9.611500000000001,128.0,2.8989,18.8685,0.0,0.029954,3
org_kdgigatj,2025-08-02,database,10.737800000000002,222.0,3.2697,0.0,0.0,0.045054000000000004,3
org_kdgigatj,2025-08-02,genai,26.772,240.0,3.7395,0.0,3031.0,0.048748,3
org_kdgigatj,2025-08-02,networking,1.2625,123.0,4.6863,0.0,0.0,0.025538,3
org_kdgigatj,2025-08-03,compute,36.9872,466.0,0.0,21.7575,0.0,0.097552,6
org_kdgigatj,2025-08-03,database,18.5826,360.0,2.8246,9.1166,0.0,0.07438800000000001,6
org_kdgigatj,2025-08-03,networking,1.0984,136.0,2.557,7.023,0.0,0.029116,3
org_kdgigatj,2025-08-04,analytics,15.3354,217.0,0.0,2.7065,0.0,0.043941,3
org_kdgigatj,2025-08-04,genai,3.1643,0.0,2.2297,23.043300000000002,2836.0,0.0050539999999999995,3
org_kdgigatj,2025-08-04,networking,2.2055000000000002,235.0,2.447,21.8637,0.0,0.051862,6
org_kdgigatj,2025-08-05,analytics,12.015,156.0,0.0214,0.0,0.0,0.031204,3
org_kdgigatj,2025-08-05,compute,59.4289,717.0,2.9288,5.72,0.0,0.14512999999999998,9
org_kdgigatj,2025-08-05,database,14.7757,367.0,0.0,0.0,0.0,0.0734,3
org_kdgigatj,2025-08-05,genai,40.9671,369.0,0.0,0.0,2668.0,0.0738,3
org_kdgigatj,2025-08-05,networking,6.0041,607.0,0.0,24.3142,0.0,0.12626300000000001,6
org_kdgigatj,2025-08-06,analytics,16.2078,229.0,0.0961,0.0,0.0,0.045819,3
org_kdgigatj,2025-08-06,compute,24.9411,281.0,4.7146,61.7489,0.0,0.069494,9
org_kdgigatj,2025-08-06,database,5.1326,109.0,4.8035,3.6521,0.0,0.023491,3
org_kdgigatj,2025-08-06,genai,22.4542,237.0,0.0,0.0,3824.0,0.0474,3
org_kdgigatj,2025-08-06,networking,6.059099999999999,628.0,1.1049,40.184,0.0,0.133858,9
org_kdgigatj,2025-08-07,analytics,16.657899999999998,247.0,0.0,14.6446,0.0,0.052329,3
org_kdgigatj,2025-08-07,compute,25.8468,230.0,0.0,66.712,0.0,0.059343,9
org_kdgigatj,2025-08-07,networking,3.0967,330.0,0.0,15.5648,0.0,0.06911300000000001,6
org_kdgigatj,2025-08-08,compute,23.3853,271.0,0.0,0.0,0.0,0.0542,3
org_kdgigatj,2025-08-08,database,1.5606,0.0,0.0,36.002900000000004,0.0,0.0072,3
org_kdgigatj,2025-08-08,networking,1.283,134.0,0.0,18.4238,0.0,0.030484999999999998,3
org_kdgigatj,2025-08-09,compute,20.3142,234.0,3.4867,10.1444,0.0,0.04952600000000001,6
org_kdgigatj,2025-08-09,database,5.8902,104.0,0.0,7.7389,0.0,0.022348,3
org_kdgigatj,2025-08-09,genai,13.846,113.0,0.5701,0.0,1117.0,0.022713999999999998,3
org_kdgigatj,2025-08-09,networking,3.5269000000000004,352.0,3.9467,0.5763,0.0,0.07130399999999999,6
org_kdgigatj,2025-08-10,analytics,18.5779,214.0,0.0,12.374,0.0,0.045275,3
org_kdgigatj,2025-08-10,compute,42.9791,477.0,5.021,17.11,0.0,0.099826,9
org_kdgigatj,2025-08-10,database,12.240599999999999,228.0,2.7927,16.6937,0.0,0.049497,6
org_kdgigatj,2025-08-10,genai,5.323,0.0,1.6714,37.0514,4159.0,0.007744000000000001,3
org_kdgigatj,2025-08-10,networking,5.7653,565.0,0.0,12.3307,0.0,0.115466,9
org_kdgigatj,2025-08-11,compute,48.86330000000001,515.0,3.2065,11.2175,0.0,0.10588399999999999,6
org_kdgigatj,2025-08-11,database,10.386,198.0,0.0,7.6816,0.0,0.041136,3
org_kdgigatj,2025-08-11,genai,11.2517,118.0,1.4502,12.2128,3031.0,0.026333,3
org_kdgigatj,2025-08-11,networking,5.789000000000001,509.0,0.0,37.400999999999996,0.0,0.10928,6
org_kdgigatj,2025-08-12,analytics,16.341700000000003,229.0,1.5721,0.0,0.0,0.046114,3
org_kdgigatj,2025-08-12,compute,35.3219,360.0,0.0,40.3441,0.0,0.080068,9
org_kdgigatj,2025-08-12,database,5.941599999999999,107.0,2.1016,11.3854,0.0,0.024097,3
org_kdgigatj,2025-08-12,genai,12.873,106.0,0.0,17.8574,3292.0,0.024770999999999998,3
org_kdgigatj,2025-08-12,networking,5.4611,369.0,0.5136,19.2743,0.0,0.077758,6
org_kdgigatj,2025-08-13,analytics,10.178899999999999,140.0,1.5279,11.1498,0.0,0.030536,3
org_kdgigatj,2025-08-13,compute,43.3761,376.0,0.0,17.0549,0.0,0.078611,6
org_kdgigatj,2025-08-13,database,20.1794,360.0,3.6473,17.4629,0.0,0.076222,6
org_kdgigatj,2025-08-13,genai,14.270399999999999,131.0,0.2693,0.0,2663.0,0.026254,3
org_kdgigatj,2025-08-13,networking,3.1379,337.0,3.9631999999999996,43.9038,0.0,0.076973,9
org_kdgigatj,2025-08-14,analytics,0.5358,0.0,7.6701999999999995,0.0,0.0,0.001534,3
org_kdgigatj,2025-08-14,compute,28.280600000000003,354.0,0.0,21.1535,0.0,0.075031,9
org_kdgigatj,2025-08-14,genai,40.4809,340.0,0.0,0.0,1701.0,0.068,3
org_kdgigatj,2025-08-14,networking,2.7938,233.0,0.0,32.198800000000006,0.0,0.05304,6
org_kdgigatj,2025-08-15,compute,24.724799999999995,366.0,5.0901,9.1813,0.0,0.076054,6
org_kdgigatj,2025-08-15,database,6.4415000000000004,98.0,0.0,31.6521,0.0,0.025929999999999998,3
org_kdgigatj,2025-08-15,genai,26.016399999999997,238.0,0.0,3.9577,1883.0,0.048392000000000004,3
org_kdgigatj,2025-08-15,networking,1.5997000000000003,126.0,8.2235,50.1578,0.0,0.036876,9
org_kdgigatj,2025-08-16,compute,35.6772,446.0,0.0,26.1192,0.0,0.094424,6
org_kdgigatj,2025-08-16,database,18.3857,317.0,3.931,39.3607,0.0,0.072058,6
org_kdgigatj,2025-08-16,networking,5.2253,481.0,7.5108999999999995,51.6189,0.0,0.10802600000000001,12
org_kdgigatj,2025-08-17,analytics,9.976199999999999,131.0,0.0,24.6627,0.0,0.031132000000000003,3
org_kdgigatj,2025-08-17,compute,1.3541,0.0,1.4211,14.3197,0.0,0.003148,3
org_kdgigatj,2025-08-17,database,17.686700000000002,342.0,0.0,0.0,0.0,0.0684,3
org_kdgigatj,2025-08-17,genai,41.9563,389.0,0.0,0.0,4489.0,0.07780000000000001,3
org_kdgigatj,2025-08-17,networking,7.1151,625.0,3.2058,57.9829,0.0,0.137237,12
org_kdgigatj,2025-08-18,analytics,25.555,343.0,0.0,0.0,0.0,0.06860000000000001,3
org_kdgigatj,2025-08-18,compute,19.9985,135.0,0.0,0.0,0.0,0.027,3
org_kdgigatj,2025-08-18,database,5.7359,136.0,1.4824,17.8155,0.0,0.031059,3
org_kdgigatj,2025-08-18,genai,13.8376,127.0,1.8652,8.1417,3243.0,0.027401,3
org_kdgigatj,2025-08-18,networking,2.485,242.0,0.0,36.1849,0.0,0.055637,6
org_kdgigatj,2025-08-19,compute,19.7779,120.0,12.9407,52.0205,0.0,0.036993,9
org_kdgigatj,2025-08-19,database,12.076,238.0,0.0,0.0,0.0,0.0476,2
org_kdgigatj,2025-08-19,genai,24.5251,255.0,3.285,0.0,1649.0,0.051657,3
org_kdgigatj,2025-08-19,networking,6.878400000000001,630.0,0.0,11.3466,0.0,0.12826900000000002,6
org_kdgigatj,2025-08-20,compute,3.2088,0.0,0.3936,34.859,0.0,0.007051,3
org_kdgigatj,2025-08-20,database,29.1631,476.0,0.0,40.548,0.0,0.10330999999999999,6
org_kdgigatj,2025-08-20,networking,6.6799,483.0,8.0291,47.833999999999996,0.0,0.107772,12
org_kdgigatj,2025-08-21,compute,9.9464,128.0,0.3625,12.0643,0.0,0.028086000000000003,3
org_kdgigatj,2025-08-21,database,6.633,130.0,3.6357999999999997,0.0,0.0,0.026727,3
org_kdgigatj,2025-08-21,genai,10.4219,113.0,5.4518,0.0,1574.0,0.02369,3
org_kdgigatj,2025-08-21,networking,1.6406,124.0,3.3487,24.8183,0.0,0.030434,3
org_kdgigatj,2025-08-22,compute,21.506700000000002,257.0,7.034000000000001,4.702,0.0,0.053747,6
org_kdgigatj,2025-08-22,database,16.6876,352.0,7.4167000000000005,0.0,0.0,0.071884,6
org_kdgigatj,2025-08-22,genai,16.329700000000003,137.0,2.4845,12.5476,2087.0,0.030407,3
org_kdgigatj,2025-08-22,networking,2.7213000000000003,237.0,9.1755,21.3979,0.0,0.05351399999999999,9
org_kdgigatj,2025-08-23,analytics,15.714,236.0,0.0,12.9493,0.0,0.04979,3
org_kdgigatj,2025-08-23,compute,44.57899999999999,514.0,0.0,31.560899999999997,0.0,0.109112,6
org_kdgigatj,2025-08-23,database,6.9009,120.0,9.1315,5.6318,0.0,0.026952999999999998,5
org_kdgigatj,2025-08-23,networking,6.0353,601.0,3.121,0.0,0.0,0.12082399999999999,6
org_kdgigatj,2025-08-24,compute,37.8674,509.0,6.4864,0.0,0.0,0.103097,6
org_kdgigatj,2025-08-24,database,7.4364,116.0,0.0,33.3715,0.0,0.029875,3
org_kdgigatj,2025-08-24,networking,6.588900000000001,727.0,4.6082,2.0829,0.0,0.14673799999999998,9
org_kdgigatj,2025-08-25,analytics,0.3648,0.0,4.1232,0.8084,0.0,9.860000000000001E-4,3
org_kdgigatj,2025-08-25,compute,50.049899999999994,615.0,0.0,27.369799999999998,0.0,0.128474,9
org_kdgigatj,2025-08-25,database,11.201400000000001,234.0,8.3842,20.1826,0.0,0.052514,6
org_kdgigatj,2025-08-25,networking,5.098199999999999,435.0,2.9118,31.5343,0.0,0.09388999999999999,9
org_kdgigatj,2025-08-26,analytics,18.9416,233.0,0.0,26.6424,0.0,0.051928,3
org_kdgigatj,2025-08-26,compute,27.154600000000002,258.0,2.3708,31.4844,0.0,0.058371,9
org_kdgigatj,2025-08-26,database,133.8056,230.0,0.0,2.3896,0.0,0.046478,3
org_kdgigatj,2025-08-26,networking,6.819599999999999,723.0,2.526,10.0365,0.0,0.147112,9
org_kdgigatj,2025-08-27,compute,30.364200000000004,334.0,3.2568,34.7426,0.0,0.0744,9
org_kdgigatj,2025-08-27,database,15.727400000000001,340.0,2.5845000000000002,4.1472,0.0,0.069346,6
org_kdgigatj,2025-08-27,networking,7.5039,719.0,1.8964,55.4549,0.0,0.15527,12
org_kdgigatj,2025-08-28,analytics,20.0154,237.0,0.0,19.9084,0.0,0.051382,3
org_kdgigatj,2025-08-28,database,16.2773,236.0,6.1934000000000005,29.490000000000002,0.0,0.054337,6
org_kdgigatj,2025-08-28,networking,2.4656000000000002,218.0,2.4908,0.0,0.0,0.044098,6
org_kdgigatj,2025-08-29,analytics,2.2957,0.0,0.0,32.0519,0.0,0.00641,3
org_kdgigatj,2025-08-29,compute,28.997600000000002,352.0,1.3335,20.5026,0.0,0.074768,5
org_kdgigatj,2025-08-29,database,6.9270000000000005,114.0,2.231,0.0,0.0,0.023246,3
org_kdgigatj,2025-08-29,genai,17.2932,119.0,0.0,40.4601,1752.0,0.031892000000000004,3
org_kdgigatj,2025-08-29,networking,1.303,104.0,5.4108,0.0,0.0,0.021882,3
org_kdgigatj,2025-08-30,compute,24.1173,118.0,3.0115,30.7215,0.0,0.030347,6
org_kdgigatj,2025-08-30,database,14.159600000000003,240.0,1.6126999999999998,35.2729,0.0,0.055377,6
org_kdgigatj,2025-08-30,genai,16.5979,106.0,1.6357,16.5274,1624.0,0.024832,3
org_kdgigatj,2025-08-30,networking,1.1989,122.0,0.0,15.0026,0.0,0.027401000000000002,3
org_kdgigatj,2025-08-31,analytics,8.2683,112.0,0.0,14.2141,0.0,0.025243,3
org_kdgigatj,2025-08-31,compute,36.0579,400.0,11.2788,13.1736,0.0,0.084891,9
org_kdgigatj,2025-08-31,networking,5.376799999999999,506.0,4.448,44.0082,0.0,0.11089099999999999,9
org_ktakpuxq,2025-07-03,compute,51.6512,635.0,7.089700000000001,2.2076,0.0,0.0,9
org_ktakpuxq,2025-07-03,database,0.8732000000000001,0.0,1.1865,18.5512,0.0,0.0,3
org_ktakpuxq,2025-07-03,genai,13.9807,115.0,0.0,8.7028,0.0,0.0,3
org_ktakpuxq,2025-07-03,networking,3.0442,235.0,0.0,38.3111,0.0,0.0,3
org_ktakpuxq,2025-07-04,compute,63.038399999999996,707.0,5.5987,85.60040000000001,0.0,0.0,12
org_ktakpuxq,2025-07-04,networking,0.1932,0.0,0.0,18.2979,0.0,0.0,3
org_ktakpuxq,2025-07-05,compute,45.2975,492.0,8.1935,55.9752,0.0,0.0,12
org_ktakpuxq,2025-07-06,compute,12.2446,140.0,0.9018,22.5016,0.0,0.0,3
org_ktakpuxq,2025-07-06,genai,2.983,0.0,2.3936,22.4997,0.0,0.0,3
org_ktakpuxq,2025-07-07,compute,45.3001,494.0,7.3823,12.3399,0.0,0.0,9
org_ktakpuxq,2025-07-07,genai,16.3768,136.0,5.5652,0.0,0.0,0.0,3
org_ktakpuxq,2025-07-07,networking,1.3951,111.0,0.0,20.0764,0.0,0.0,3
org_ktakpuxq,2025-07-08,compute,51.899,608.0,8.0455,15.1226,0.0,0.0,9
org_ktakpuxq,2025-07-08,database,13.1249,257.0,0.0,34.129,0.0,0.0,3
org_ktakpuxq,2025-07-08,genai,18.6031,116.0,0.0,36.0082,0.0,0.0,3
org_ktakpuxq,2025-07-08,networking,0.0797,0.0,3.5688,1.3277,0.0,0.0,3
org_ktakpuxq,2025-07-09,compute,29.557499999999997,365.0,1.3171,15.8189,0.0,0.0,8
org_ktakpuxq,2025-07-09,genai,33.737300000000005,247.0,4.0877,0.0,0.0,0.0,3
org_ktakpuxq,2025-07-10,compute,47.992900000000006,610.0,4.4242,10.1947,0.0,0.0,9
org_ktakpuxq,2025-07-10,database,21.9921,400.0,0.0,0.0,0.0,0.0,3
org_ktakpuxq,2025-07-10,genai,5.689,0.0,0.0,47.7511,0.0,0.0,3
org_ktakpuxq,2025-07-11,compute,52.14,612.0,8.1107,3.2392,0.0,0.0,12
org_ktakpuxq,2025-07-11,genai,48.4686,359.0,0.0,0.0,0.0,0.0,3
org_ktakpuxq,2025-07-12,compute,52.996700000000004,603.0,5.6047,48.5325,0.0,0.0,12
org_ktakpuxq,2025-07-12,genai,19.0061,118.0,0.0,21.6693,0.0,0.0,3
org_ktakpuxq,2025-07-13,compute,53.438900000000004,665.0,12.1988,40.991899999999994,0.0,0.0,15
org_ktakpuxq,2025-07-13,genai,17.147299999999998,123.0,4.7256,7.3631,0.0,0.0,3
org_ktakpuxq,2025-07-13,networking,1.2572,0.0,3.7878,14.3819,0.0,0.0,3
org_ktakpuxq,2025-07-14,compute,65.414,824.0,2.9509,12.2649,0.0,0.0,12
org_ktakpuxq,2025-07-14,database,18.1251,340.0,0.0,0.0,0.0,0.0,3
org_ktakpuxq,2025-07-14,networking,1.0628,105.0,0.0,13.7332,0.0,0.0,3
org_ktakpuxq,2025-07-15,compute,45.884,563.0,12.870000000000001,21.578699999999998,0.0,0.0,12
org_ktakpuxq,2025-07-15,genai,16.8495,116.0,0.9263,13.4554,0.0,0.0,3
org_ktakpuxq,2025-07-16,compute,56.4667,706.0,6.4472000000000005,39.318200000000004,0.0,0.0,12
org_ktakpuxq,2025-07-16,networking,2.3057,243.0,2.5114,0.0,0.0,0.0,3
org_ktakpuxq,2025-07-17,compute,34.5409,462.0,1.9987,28.436200000000003,0.0,0.0,9
org_ktakpuxq,2025-07-17,database,13.830300000000001,237.0,0.0,17.8118,0.0,0.0,3
org_ktakpuxq,2025-07-18,compute,13.923200000000001,112.0,4.3822,38.547799999999995,0.0,0.030986,9
org_ktakpuxq,2025-07-18,database,12.5137,257.0,2.3826,0.0,0.0,0.051877,3
org_ktakpuxq,2025-07-18,genai,12.6262,121.0,2.4012000000000002,0.0,1395.0,0.024680999999999998,3
org_ktakpuxq,2025-07-18,networking,1.4438,135.0,2.6341,5.1982,0.0,0.028567,3
org_ktakpuxq,2025-07-19,compute,33.049099999999996,360.0,5.6202,60.874,0.0,0.085299,12
org_ktakpuxq,2025-07-19,database,6.2416,104.0,0.5879,20.6257,0.0,0.025043,3
org_ktakpuxq,2025-07-19,genai,1.7348,0.0,0.0,16.9654,1710.0,0.003393,3
org_ktakpuxq,2025-07-19,networking,1.2482,117.0,0.0,4.1263,0.0,0.024225,3
org_ktakpuxq,2025-07-20,compute,28.7007,232.0,4.4167000000000005,3.4235,0.0,0.047969,6
org_ktakpuxq,2025-07-20,database,0.1436,0.0,3.4383,0.0,0.0,6.879999999999999E-4,3
org_ktakpuxq,2025-07-20,networking,2.3756,238.0,0.0,22.3163,0.0,0.052063000000000005,3
org_ktakpuxq,2025-07-21,compute,29.915899999999997,355.0,2.7318,17.1013,0.0,0.074966,6
org_ktakpuxq,2025-07-21,database,16.956,349.0,0.0,0.0,0.0,0.0698,3
org_ktakpuxq,2025-07-21,networking,4.4882,367.0,0.0,0.0,0.0,0.07339999999999999,3
org_ktakpuxq,2025-07-22,compute,55.5781,712.0,0.3467,41.6579,0.0,0.150801,12
org_ktakpuxq,2025-07-22,database,6.6193,125.0,3.5243,13.7517,0.0,0.028455,3
org_ktakpuxq,2025-07-22,genai,17.7208,125.0,2.0449,21.1671,2320.0,0.029642,3
org_ktakpuxq,2025-07-23,compute,36.6282,478.0,6.9302,15.1359,0.0,0.100014,9
org_ktakpuxq,2025-07-23,database,13.5644,268.0,0.1345,0.0,0.0,0.053627,3
org_ktakpuxq,2025-07-23,genai,17.1915,117.0,0.0,18.4339,2661.0,0.027087,3
org_ktakpuxq,2025-07-23,networking,0.2196,0.0,5.8147,14.4687,0.0,0.004057,3
org_ktakpuxq,2025-07-24,compute,37.691599999999994,369.0,15.3127,0.0,0.0,0.076862,9
org_ktakpuxq,2025-07-24,database,4.4821,110.0,1.1299,10.745,0.0,0.024375,3
org_ktakpuxq,2025-07-25,compute,62.01820000000001,707.0,0.0,72.8994,0.0,0.15598,12
org_ktakpuxq,2025-07-25,genai,31.5975,222.0,0.0,16.0315,1986.0,0.047605999999999996,3
org_ktakpuxq,2025-07-25,networking,0.0432,0.0,4.2457,0.0,0.0,8.49E-4,3
org_ktakpuxq,2025-07-26,compute,22.183300000000003,227.0,2.8924,23.898300000000003,0.0,0.050757000000000004,9
org_ktakpuxq,2025-07-26,database,7.707,126.0,0.0,13.775500000000001,0.0,0.027955,3
org_ktakpuxq,2025-07-26,genai,19.5155,129.0,1.8411,13.4968,2314.0,0.028867,3
org_ktakpuxq,2025-07-26,networking,2.4412000000000003,132.0,0.0,0.0,0.0,0.0264,3
org_ktakpuxq,2025-07-27,compute,11.8029,113.0,3.9406999999999996,28.3747,0.0,0.029063,6
org_ktakpuxq,2025-07-27,genai,30.9962,244.0,3.9369,0.0,4389.0,0.049587,3
org_ktakpuxq,2025-07-28,compute,51.615399999999994,645.0,2.9736,4.0855,0.0,0.130412,9
org_ktakpuxq,2025-07-28,networking,3.5702,350.0,0.0,0.0,0.0,0.06999999999999999,3
org_ktakpuxq,2025-07-29,compute,18.3892,247.0,0.0,16.5933,0.0,0.052719,3
org_ktakpuxq,2025-07-29,database,3.6895000000000002,108.0,2.6511,0.9276,0.0,0.022316000000000003,3
org_ktakpuxq,2025-07-29,genai,12.7438,125.0,0.7978,0.0,4577.0,0.025160000000000002,3
org_ktakpuxq,2025-07-29,networking,0.49970000000000003,0.0,0.0,45.9156,0.0,0.009184000000000001,3
org_ktakpuxq,2025-07-30,compute,97.30789999999999,1219.0,9.6731,17.4661,0.0,0.249228,15
org_ktakpuxq,2025-07-31,compute,31.286500000000004,340.0,4.1368,34.3204,0.0,0.075692,9
org_ktakpuxq,2025-07-31,database,8.1313,132.0,0.0,36.599000000000004,0.0,0.033719,3
org_ktakpuxq,2025-07-31,genai,13.689799999999998,114.0,1.2771,15.5535,2283.0,0.026166,3
org_ktakpuxq,2025-07-31,networking,2.2448,238.0,0.0,8.1713,0.0,0.049234,3
org_ktakpuxq,2025-08-01,compute,42.855999999999995,380.0,0.9705,37.6034,0.0,0.08371500000000001,11
org_ktakpuxq,2025-08-01,database,14.5428,247.0,0.0,15.442,0.0,0.052488,3
org_ktakpuxq,2025-08-01,genai,16.1008,132.0,0.0,17.0574,1820.0,0.029811,3
org_ktakpuxq,2025-08-01,networking,2.6041,238.0,0.0,0.0,0.0,0.0476,3
org_ktakpuxq,2025-08-02,compute,17.664599999999997,232.0,1.1278,2.1391,0.0,0.047054,6
org_ktakpuxq,2025-08-02,database,9.0191,194.0,3.6037,0.0,0.0,0.039521,3
org_ktakpuxq,2025-08-02,genai,3.7278000000000002,0.0,0.0,31.8615,3957.0,0.006372,3
org_ktakpuxq,2025-08-03,compute,3.3647,0.0,16.4038,25.007799999999996,0.0,0.008282000000000001,9
org_ktakpuxq,2025-08-03,database,1.4425,0.0,3.8641,24.8122,0.0,0.005735,3
org_ktakpuxq,2025-08-03,genai,40.9918,349.0,0.0,0.0,1964.0,0.0698,3
org_ktakpuxq,2025-08-04,compute,15.4717,125.0,0.0,73.6927,0.0,0.039739000000000003,6
org_ktakpuxq,2025-08-04,database,6.3372,115.0,2.5787,5.9569,0.0,0.024707,3
org_ktakpuxq,2025-08-05,compute,52.791799999999995,462.0,4.2309,69.7269,0.0,0.10719200000000001,12
org_ktakpuxq,2025-08-05,database,8.5995,124.0,0.0,25.0442,0.0,0.029809,3
org_ktakpuxq,2025-08-05,networking,1.4121,126.0,5.2791,0.0,0.0,0.026256,3
org_ktakpuxq,2025-08-06,compute,108.76160000000002,1282.0,12.462800000000001,18.6933,0.0,0.262631,15
org_ktakpuxq,2025-08-06,genai,44.6923,364.0,0.0,0.0,3411.0,0.0728,3
org_ktakpuxq,2025-08-06,networking,0.10469999999999999,0.0,1.5638,10.1694,0.0,0.0023469999999999997,3
org_ktakpuxq,2025-08-07,compute,48.92,642.0,0.0,1.4579,0.0,0.128692,6
org_ktakpuxq,2025-08-08,compute,39.29,369.0,15.4136,19.7578,0.0,0.080835,9
org_ktakpuxq,2025-08-08,networking,2.5743000000000005,248.0,3.5054,0.0,0.0,0.050301000000000005,3
org_ktakpuxq,2025-08-09,compute,24.7288,242.0,0.0,23.3185,0.0,0.053063,6
org_ktakpuxq,2025-08-10,compute,36.286199999999994,498.0,10.8655,25.551099999999998,0.0,0.10688399999999999,12
org_ktakpuxq,2025-08-10,genai,26.5935,229.0,2.8031,0.0,788.0,0.046361,3
org_ktakpuxq,2025-08-11,compute,20.7377,235.0,1.3302,27.6216,0.0,0.052790000000000004,9
org_ktakpuxq,2025-08-11,database,19.9086,369.0,0.0,0.0,0.0,0.07379999999999999,3
org_ktakpuxq,2025-08-11,genai,17.6103,121.0,3.1077,0.0,1405.0,0.024822,3
org_ktakpuxq,2025-08-12,compute,52.02640000000001,595.0,11.0298,48.0066,0.0,0.130808,15
org_ktakpuxq,2025-08-13,compute,55.388799999999996,592.0,4.944,8.6923,0.0,0.12112699999999998,9
org_ktakpuxq,2025-08-13,networking,2.5643000000000002,251.0,0.0,4.0657,0.0,0.051013,3
org_ktakpuxq,2025-08-14,compute,37.974,442.0,6.0361,73.5629,0.0,0.10432000000000001,12
org_ktakpuxq,2025-08-14,networking,1.2627000000000002,132.0,0.0,18.5886,0.0,0.030118,3
org_ktakpuxq,2025-08-15,compute,39.8691,500.0,0.4278,38.0621,0.0,0.10769899999999999,9
org_ktakpuxq,2025-08-15,genai,13.1761,122.0,4.7901,0.0,4842.0,0.025358000000000002,3
org_ktakpuxq,2025-08-16,compute,22.651400000000002,233.0,9.7069,28.0003,0.0,0.054141,9
org_ktakpuxq,2025-08-16,genai,35.3902,348.0,0.0,0.0,2506.0,0.06960000000000001,3
org_ktakpuxq,2025-08-17,compute,31.755200000000002,379.0,3.4913000000000003,40.675200000000004,0.0,0.08463299999999999,9
org_ktakpuxq,2025-08-17,database,14.5188,250.0,0.0,2.0825,0.0,0.050417000000000003,3
org_ktakpuxq,2025-08-17,networking,2.7427,246.0,0.0,0.0,0.0,0.049199999999999994,3
org_ktakpuxq,2025-08-18,compute,46.8441,531.0,5.2935,15.4796,0.0,0.11035500000000001,8
org_ktakpuxq,2025-08-18,database,17.8682,376.0,0.0,0.0,0.0,0.0752,3
org_ktakpuxq,2025-08-19,compute,46.9234,519.0,1.4985,0.0,0.0,0.1041,6
org_ktakpuxq,2025-08-19,database,0.4088,0.0,8.0275,0.0,0.0,0.001605,3
org_ktakpuxq,2025-08-20,compute,53.3694,600.0,3.4412,40.0412,0.0,0.128696,12
org_ktakpuxq,2025-08-21,compute,72.23590000000002,956.0,6.1676,39.7482,0.0,0.20038300000000003,15
org_ktakpuxq,2025-08-22,compute,69.8615,875.0,0.0,43.607800000000005,0.0,0.183722,12
org_ktakpuxq,2025-08-22,networking,2.8519000000000005,247.0,0.0,24.0057,0.0,0.054201,3
org_ktakpuxq,2025-08-23,compute,44.7278,481.0,4.2194,39.724599999999995,0.0,0.104989,9
org_ktakpuxq,2025-08-23,database,10.607199999999999,234.0,0.0,0.0,0.0,0.046799999999999994,3
org_ktakpuxq,2025-08-23,genai,37.3758,275.0,2.4633,0.0,3439.0,0.055493,3
org_ktakpuxq,2025-08-24,compute,32.8164,132.0,0.0,48.2573,0.0,0.036051,6
org_ktakpuxq,2025-08-24,database,0.777,0.0,6.238300000000001,8.2668,0.0,0.0029,3
org_ktakpuxq,2025-08-24,genai,12.3651,109.0,1.379,0.0,1628.0,0.022076,3
org_ktakpuxq,2025-08-24,networking,1.3355,138.0,3.9522000000000004,0.0,0.0,0.028390000000000002,3
org_ktakpuxq,2025-08-25,compute,40.6636,458.0,4.835,22.3314,0.0,0.09703300000000001,9
org_ktakpuxq,2025-08-25,database,1.1828999999999998,0.0,2.2959,21.2532,0.0,0.0047090000000000005,3
org_ktakpuxq,2025-08-25,genai,20.455099999999998,133.0,4.0078,10.9132,1264.0,0.029585,3
org_ktakpuxq,2025-08-25,networking,0.24230000000000002,0.0,8.2254,17.4646,0.0,0.005137999999999999,3
org_ktakpuxq,2025-08-26,compute,69.3691,828.0,3.9349,54.9735,0.0,0.17738199999999998,15
org_ktakpuxq,2025-08-26,database,15.5775,346.0,0.0,0.0,0.0,0.0692,3
org_ktakpuxq,2025-08-26,genai,19.734699999999997,140.0,5.2585,18.6824,2314.0,0.032788,3
org_ktakpuxq,2025-08-26,networking,1.2037,104.0,5.4103,3.9562,0.0,0.022673,3
org_ktakpuxq,2025-08-27,compute,65.1642,715.0,1.7885,7.3014,0.0,0.144818,9
org_ktakpuxq,2025-08-27,database,7.8073999999999995,119.0,0.0,17.1503,0.0,0.02723,3
org_ktakpuxq,2025-08-28,compute,49.370200000000004,469.0,4.2299,72.4386,0.0,0.10913300000000001,12
org_ktakpuxq,2025-08-28,genai,24.6706,227.0,0.0,10.334,2053.0,0.047466999999999995,3
org_ktakpuxq,2025-08-28,networking,1.1422999999999999,110.0,1.7876,0.0,0.0,0.022358,3
org_ktakpuxq,2025-08-29,compute,10.2654,123.0,2.6513,3.928,0.0,0.025915999999999998,3
org_ktakpuxq,2025-08-29,database,10.165400000000002,221.0,1.4057,0.0,0.0,0.04448100000000001,3
org_ktakpuxq,2025-08-30,compute,21.998199999999997,225.0,3.5113000000000003,34.3998,0.0,0.052582,6
org_ktakpuxq,2025-08-30,genai,16.2525,123.0,0.0,3.9713000000000003,3960.0,0.025394,3
org_ktakpuxq,2025-08-30,networking,1.4874,134.0,0.0,12.6605,0.0,0.029332,3
org_ktakpuxq,2025-08-31,compute,27.9866,344.0,5.3458,8.0952,0.0,0.071488,6
org_ktakpuxq,2025-08-31,genai,10.966899999999999,108.0,0.9202,0.0,2934.0,0.021784,3
org_l58kxo9t,2025-07-03,compute,1.3934,0.0,3.6197,14.1995,0.0,0.0,3
org_l58kxo9t,2025-07-03,storage,5.5943,227.0,0.456,0.0,0.0,0.0,3
org_l58kxo9t,2025-07-04,analytics,9.0542,121.0,0.0,33.8312,0.0,0.0,3
org_l58kxo9t,2025-07-04,compute,11.885,116.0,2.7969,11.6614,0.0,0.0,3
org_l58kxo9t,2025-07-05,compute,32.62479999999999,359.0,2.3034,20.2737,0.0,0.0,6
org_l58kxo9t,2025-07-06,compute,28.688899999999997,372.0,0.0526,17.2372,0.0,0.0,6
org_l58kxo9t,2025-07-06,networking,0.3338,0.0,0.0,32.349000000000004,0.0,0.0,3
org_l58kxo9t,2025-07-06,storage,2.3218,106.0,3.8326000000000002,0.0,0.0,0.0,3
org_l58kxo9t,2025-07-07,analytics,7.8901,110.0,2.5106,7.7658,0.0,0.0,3
org_l58kxo9t,2025-07-07,compute,50.1456,480.0,2.7263,0.0,0.0,0.0,6
org_l58kxo9t,2025-07-07,networking,3.2504,356.0,0.0,0.0,0.0,0.0,3
org_l58kxo9t,2025-07-08,analytics,26.0122,354.0,0.0,0.0,0.0,0.0,3
org_l58kxo9t,2025-07-08,compute,1.4451,0.0,2.1055,17.4358,0.0,0.0,3
org_l58kxo9t,2025-07-08,networking,2.6142000000000003,271.0,0.0,15.0147,0.0,0.0,3
org_l58kxo9t,2025-07-09,compute,8.7793,115.0,2.4961,4.781,0.0,0.0,3
org_l58kxo9t,2025-07-09,networking,0.16610000000000003,0.0,3.7197000000000005,11.0866,0.0,0.0,3
org_l58kxo9t,2025-07-09,storage,2.2091,110.0,2.121,0.0,0.0,0.0,3
org_l58kxo9t,2025-07-10,analytics,9.5011,122.0,1.2906,0.0,0.0,0.0,3
org_l58kxo9t,2025-07-10,compute,20.4048,244.0,5.4077,15.1282,0.0,0.0,6
org_l58kxo9t,2025-07-10,networking,3.0842,252.0,2.8384,0.0,0.0,0.0,3
org_l58kxo9t,2025-07-10,storage,2.3586,117.0,0.0,10.466700000000001,0.0,0.0,3
org_l58kxo9t,2025-07-11,analytics,6.1578,102.0,5.787800000000001,0.0,0.0,0.0,3
org_l58kxo9t,2025-07-11,compute,18.5713,221.0,0.0,11.5004,0.0,0.0,3
org_l58kxo9t,2025-07-11,networking,2.0399,129.0,4.2817,14.1001,0.0,0.0,3
org_l58kxo9t,2025-07-11,storage,6.2362,252.0,0.0,5.2498,0.0,0.0,3
org_l58kxo9t,2025-07-12,compute,46.2946,495.0,2.5289,23.3918,0.0,0.0,6
org_l58kxo9t,2025-07-12,networking,3.8764000000000003,377.0,0.0,0.0,0.0,0.0,3
org_l58kxo9t,2025-07-13,compute,2.3676,0.0,0.0,27.994999999999997,0.0,0.0,3
org_l58kxo9t,2025-07-14,analytics,13.1174,228.0,2.85,0.0,0.0,0.0,3
org_l58kxo9t,2025-07-14,compute,8.8988,119.0,0.7299,14.1369,0.0,0.0,3
org_l58kxo9t,2025-07-14,storage,0.584,0.0,0.6928,32.3713,0.0,0.0,3
org_l58kxo9t,2025-07-15,analytics,13.7985,234.0,0.0,0.0,0.0,0.0,3
org_l58kxo9t,2025-07-15,compute,17.7606,221.0,2.5974,0.0,0.0,0.0,3
org_l58kxo9t,2025-07-15,networking,3.1225,361.0,0.0,0.0,0.0,0.0,3
org_l58kxo9t,2025-07-16,analytics,8.8447,122.0,4.6469,13.456,0.0,0.0,3
org_l58kxo9t,2025-07-16,compute,34.329800000000006,394.0,0.0,34.4821,0.0,0.0,6
org_l58kxo9t,2025-07-16,storage,2.7747,111.0,1.2954,2.8542,0.0,0.0,3
org_l58kxo9t,2025-07-17,analytics,27.485599999999998,385.0,0.0,0.0,0.0,0.0,3
org_l58kxo9t,2025-07-17,networking,2.4082,235.0,0.0,9.9235,0.0,0.0,3
org_l58kxo9t,2025-07-18,analytics,0.1428,0.0,2.211,0.0,0.0,4.42E-4,3
org_l58kxo9t,2025-07-18,compute,22.3556,234.0,5.4037,16.2633,0.0,0.051134,6
org_l58kxo9t,2025-07-18,networking,0.0761,0.0,3.0285,5.5592,0.0,0.001718,3
org_l58kxo9t,2025-07-18,storage,3.1445,125.0,2.7151,0.0,0.0,0.025543000000000003,3
org_l58kxo9t,2025-07-19,compute,16.0492,262.0,2.7347,0.0,0.0,0.052947,3
org_l58kxo9t,2025-07-20,analytics,9.0184,115.0,0.0,23.214499999999997,0.0,0.027643,3
org_l58kxo9t,2025-07-20,compute,20.4161,220.0,0.0,26.5582,0.0,0.049311999999999995,3
org_l58kxo9t,2025-07-20,networking,2.8824,244.0,4.6673,0.0,0.0,0.049733,3
org_l58kxo9t,2025-07-20,storage,1.9622000000000002,134.0,5.2547,0.0,0.0,0.027851,3
org_l58kxo9t,2025-07-21,compute,0.8401000000000001,0.0,0.0,10.3369,0.0,0.002068,3
org_l58kxo9t,2025-07-22,compute,18.0939,247.0,0.0,6.7988,0.0,0.05076,3
org_l58kxo9t,2025-07-22,networking,2.6426,234.0,3.0735,0.0,0.0,0.047415,3
org_l58kxo9t,2025-07-23,compute,7.9024,122.0,4.9941,0.0,0.0,0.025399,3
org_l58kxo9t,2025-07-24,compute,19.3523,253.0,0.0,6.0945,0.0,0.051819000000000004,3
org_l58kxo9t,2025-07-24,networking,0.8605,121.0,1.3348,1.047,0.0,0.024676,3
org_l58kxo9t,2025-07-25,compute,7.4088,108.0,0.0,8.3975,0.0,0.023280000000000002,2
org_l58kxo9t,2025-07-25,storage,5.1423000000000005,243.0,1.7892,0.0,0.0,0.048958,3
org_l58kxo9t,2025-07-26,compute,2.1673,0.0,11.6898,12.3059,0.0,0.0047989999999999994,6
org_l58kxo9t,2025-07-26,networking,3.3266999999999998,363.0,0.0,0.0,0.0,0.0726,3
org_l58kxo9t,2025-07-26,storage,2.5086000000000004,115.0,0.6778,0.0,0.0,0.023136,3
org_l58kxo9t,2025-07-27,analytics,10.2567,108.0,1.3975,6.8248,0.0,0.023245000000000002,3
org_l58kxo9t,2025-07-27,networking,0.09759999999999999,0.0,4.8139,3.6623,0.0,0.001695,3
org_l58kxo9t,2025-07-28,compute,13.3311,125.0,3.2886,17.4018,0.0,0.029138,3
org_l58kxo9t,2025-07-28,networking,0.3244,0.0,3.8729,39.7806,0.0,0.008731,3
org_l58kxo9t,2025-07-28,storage,0.3223,0.0,1.4684,18.0804,0.0,0.003909999999999999,3
org_l58kxo9t,2025-07-29,analytics,10.3864,119.0,0.0,24.8012,0.0,0.02876,3
org_l58kxo9t,2025-07-29,compute,19.7304,218.0,0.0,8.6906,0.0,0.045338,3
org_l58kxo9t,2025-07-29,networking,0.1989,0.0,2.3715,17.4074,0.0,0.003955,2
org_l58kxo9t,2025-07-29,storage,0.2595,0.0,0.0,16.630200000000002,0.0,0.003326,3
org_l58kxo9t,2025-07-30,storage,3.1799999999999997,131.0,0.5974,0.0,0.0,0.026319000000000002,3
org_l58kxo9t,2025-07-31,networking,1.5926,122.0,0.725,12.1151,0.0,0.026968000000000002,3
org_l58kxo9t,2025-08-01,compute,27.3319,329.0,0.0,0.0,0.0,0.0658,3
org_l58kxo9t,2025-08-02,compute,1.8807,0.0,0.0,17.2042,0.0,0.003441,2
org_l58kxo9t,2025-08-02,networking,2.9972000000000003,273.0,0.8373,0.0,0.0,0.054766999999999996,3
org_l58kxo9t,2025-08-02,storage,2.5135,117.0,0.0,0.0,0.0,0.0234,3
org_l58kxo9t,2025-08-03,analytics,9.3026,126.0,3.8164,0.0,0.0,0.025963,3
org_l58kxo9t,2025-08-03,compute,21.8181,235.0,2.1118,43.289500000000004,0.0,0.05608,6
org_l58kxo9t,2025-08-03,networking,0.0039,0.0,0.3776,0.0,0.0,7.6E-5,3
org_l58kxo9t,2025-08-03,storage,3.1224000000000003,125.0,0.0,14.6278,0.0,0.027926000000000003,3
org_l58kxo9t,2025-08-04,analytics,19.2195,234.0,0.0,10.5627,0.0,0.048913,3
org_l58kxo9t,2025-08-04,storage,1.9020000000000001,94.0,2.5713,0.0,0.0,0.019313999999999998,3
org_l58kxo9t,2025-08-05,compute,20.4737,248.0,0.0,0.0,0.0,0.0496,3
org_l58kxo9t,2025-08-05,storage,0.0768,0.0,4.1538,0.0,0.0,8.31E-4,3
org_l58kxo9t,2025-08-06,compute,24.003500000000003,246.0,2.7801,0.0,0.0,0.049756,3
org_l58kxo9t,2025-08-06,storage,2.4724999999999997,108.0,2.3348,10.3597,0.0,0.024139,3
org_l58kxo9t,2025-08-07,analytics,19.064000000000004,250.0,1.1825,0.0,0.0,0.050237000000000004,3
org_l58kxo9t,2025-08-07,networking,1.4188999999999998,119.0,7.6945,0.0,0.0,0.025339,3
org_l58kxo9t,2025-08-08,networking,2.5865,260.0,0.9224,0.0,0.0,0.052183999999999994,3
org_l58kxo9t,2025-08-08,storage,8.3799,363.0,0.0,0.0,0.0,0.0726,3
org_l58kxo9t,2025-08-09,analytics,18.7481,255.0,3.1657,0.0,0.0,0.051633,3
org_l58kxo9t,2025-08-09,compute,1.0585,0.0,1.1608,14.8417,0.0,0.0032,3
org_l58kxo9t,2025-08-09,networking,1.2918999999999998,128.0,2.2383,8.9571,0.0,0.027839000000000003,3
org_l58kxo9t,2025-08-10,compute,18.482799999999997,255.0,0.0,16.4591,0.0,0.054292,3
org_l58kxo9t,2025-08-10,networking,1.5756999999999999,134.0,0.0,6.3537,0.0,0.02807,3
org_l58kxo9t,2025-08-11,analytics,11.729299999999999,132.0,1.6088,15.1039,0.0,0.029743,3
org_l58kxo9t,2025-08-11,compute,30.876000000000005,378.0,2.577,19.4293,0.0,0.08,6
org_l58kxo9t,2025-08-11,networking,1.3109000000000002,106.0,1.2819,0.0,0.0,0.021457,3
org_l58kxo9t,2025-08-11,storage,4.8987,230.0,2.9771,0.0,0.0,0.046595,3
org_l58kxo9t,2025-08-12,analytics,3.2024,0.0,0.0,42.113699999999994,0.0,0.008423,3
org_l58kxo9t,2025-08-12,compute,10.7498,127.0,3.6504,0.0,0.0,0.026131,3
org_l58kxo9t,2025-08-12,networking,2.1553999999999998,216.0,0.0999,0.0,0.0,0.043219999999999995,3
org_l58kxo9t,2025-08-12,storage,2.1012999999999997,110.0,1.1205,11.3271,0.0,0.024488999999999997,3
org_l58kxo9t,2025-08-13,analytics,1.1254,0.0,2.3759,16.941,0.0,0.003863,3
org_l58kxo9t,2025-08-13,storage,4.490600000000001,228.0,0.0,0.0,0.0,0.0456,2
org_l58kxo9t,2025-08-14,networking,1.4345999999999999,112.0,2.4097,22.3905,0.0,0.02736,3
org_l58kxo9t,2025-08-15,analytics,18.3431,236.0,0.0,11.0268,0.0,0.049405,3
org_l58kxo9t,2025-08-15,compute,24.3974,240.0,4.227,0.0,0.0,0.048846,6
org_l58kxo9t,2025-08-15,storage,0.732,0.0,4.2464,28.5932,0.0,0.006568,3
org_l58kxo9t,2025-08-16,analytics,0.8058000000000001,0.0,1.8815,9.1171,0.0,0.002199,3
org_l58kxo9t,2025-08-16,compute,18.0821,101.0,0.0,8.1893,0.0,0.021838,3
org_l58kxo9t,2025-08-16,networking,2.3609,241.0,0.0,9.3328,0.0,0.050067,3
org_l58kxo9t,2025-08-16,storage,3.7872000000000003,244.0,0.0,0.0,0.0,0.0488,3
org_l58kxo9t,2025-08-17,analytics,12.9317,99.0,0.0,14.0697,0.0,0.022614000000000002,3
org_l58kxo9t,2025-08-17,compute,9.4412,121.0,0.0,12.4219,0.0,0.026684,3
org_l58kxo9t,2025-08-17,networking,2.4032,246.0,0.0,10.6687,0.0,0.051334000000000005,3
org_l58kxo9t,2025-08-17,storage,5.1529,238.0,3.4535,0.0,0.0,0.048291,3
org_l58kxo9t,2025-08-18,compute,3.9177999999999997,0.0,4.0817,47.4992,0.0,0.010317000000000002,6
org_l58kxo9t,2025-08-18,networking,1.3175000000000001,119.0,0.7563,17.524,0.0,0.027456,3
org_l58kxo9t,2025-08-18,storage,2.2159000000000004,111.0,2.793,0.0,0.0,0.022759,3
org_l58kxo9t,2025-08-19,analytics,8.6237,130.0,1.3738,7.3199,0.0,0.027739,3
org_l58kxo9t,2025-08-19,compute,23.1553,254.0,0.0,5.7113,0.0,0.051941999999999995,3
org_l58kxo9t,2025-08-19,networking,0.18769999999999998,0.0,3.1681,16.0016,0.0,0.0038350000000000003,3
org_l58kxo9t,2025-08-20,analytics,8.5662,126.0,2.8676,14.3072,0.0,0.028635,3
org_l58kxo9t,2025-08-20,compute,21.1794,215.0,0.0,41.399699999999996,0.0,0.05128,6
org_l58kxo9t,2025-08-20,networking,1.3759,119.0,0.0,8.9586,0.0,0.025592,3
org_l58kxo9t,2025-08-21,analytics,22.6214,334.0,0.0,0.0,0.0,0.0668,3
org_l58kxo9t,2025-08-21,networking,1.1469,121.0,2.1599,0.0,0.0,0.024631999999999998,3
org_l58kxo9t,2025-08-22,analytics,7.0622,119.0,2.2849,0.0,0.0,0.024257,3
org_l58kxo9t,2025-08-22,compute,10.275,120.0,2.8528,10.6304,0.0,0.026697,3
org_l58kxo9t,2025-08-22,storage,5.193899999999999,228.0,0.0,15.203,0.0,0.048641000000000004,3
org_l58kxo9t,2025-08-23,analytics,9.2128,109.0,0.0,0.0,0.0,0.0218,3
org_l58kxo9t,2025-08-23,compute,18.3809,236.0,0.0,9.436,0.0,0.049087,3
org_l58kxo9t,2025-08-23,networking,2.4101,248.0,3.5016,0.0,0.0,0.050300000000000004,3
org_l58kxo9t,2025-08-23,storage,2.9794,129.0,0.0,14.5307,0.0,0.028706,3
org_l58kxo9t,2025-08-24,networking,1.2180000000000002,121.0,0.0,1.5526,0.0,0.024510999999999998,3
org_l58kxo9t,2025-08-25,analytics,17.5188,258.0,1.4379,0.0,0.0,0.051888000000000004,3
org_l58kxo9t,2025-08-25,compute,23.9703,246.0,0.0,8.8153,0.0,0.050963,3
org_l58kxo9t,2025-08-25,networking,1.1022999999999998,118.0,3.5038,0.0,0.0,0.024301,2
org_l58kxo9t,2025-08-25,storage,1.9712,113.0,1.4113,0.0,0.0,0.022882,3
org_l58kxo9t,2025-08-26,compute,12.2723,118.0,6.887499999999999,32.682700000000004,0.0,0.031513,6
org_l58kxo9t,2025-08-26,storage,5.4544999999999995,245.0,1.9622,0.0,0.0,0.049392,3
org_l58kxo9t,2025-08-27,compute,10.714099999999998,127.0,2.7913,16.93,0.0,0.029344,3
org_l58kxo9t,2025-08-27,networking,2.253,257.0,0.0,0.0,0.0,0.0514,3
org_l58kxo9t,2025-08-27,storage,5.836,255.0,1.3504,0.0,0.0,0.05127,3
org_l58kxo9t,2025-08-28,analytics,9.748299999999999,121.0,3.6591,10.8928,0.0,0.027111,3
org_l58kxo9t,2025-08-28,compute,18.253,263.0,0.0,0.0,0.0,0.0526,3
org_l58kxo9t,2025-08-28,networking,2.9135,269.0,0.0,17.2543,0.0,0.057251,3
org_l58kxo9t,2025-08-28,storage,2.8733,112.0,5.38,9.1291,0.0,0.025302,3
org_l58kxo9t,2025-08-29,compute,9.56,108.0,0.0,30.503,0.0,0.027701000000000003,3
org_l58kxo9t,2025-08-29,storage,4.4964,263.0,1.8519,0.0,0.0,0.05297,3
org_l58kxo9t,2025-08-30,compute,28.612299999999998,359.0,0.0,49.742900000000006,0.0,0.081748,6
org_l58kxo9t,2025-08-30,storage,5.3785,236.0,0.0,22.2644,0.0,0.051653000000000004,3
org_l58kxo9t,2025-08-31,compute,28.255900000000004,355.0,4.3391,19.697699999999998,0.0,0.075808,6
org_l58kxo9t,2025-08-31,storage,4.553,109.0,0.0,10.0679,0.0,0.023814000000000002,3
org_ly8ozcyw,2025-07-03,compute,10.809500000000002,119.0,0.0,15.2515,0.0,0.0,3
org_ly8ozcyw,2025-07-03,database,7.6802,127.0,0.0,24.758,0.0,0.0,3
org_ly8ozcyw,2025-07-03,networking,1.316,115.0,0.0,17.302,0.0,0.0,3
org_ly8ozcyw,2025-07-03,storage,2.7123,129.0,0.0,27.006999999999998,0.0,0.0,3
org_ly8ozcyw,2025-07-04,analytics,17.7079,254.0,3.3034,21.0997,0.0,0.0,6
org_ly8ozcyw,2025-07-04,compute,1.6760000000000002,0.0,0.0,17.2014,0.0,0.0,3
org_ly8ozcyw,2025-07-04,database,7.6688,142.0,0.6081,3.87,0.0,0.0,3
org_ly8ozcyw,2025-07-04,genai,34.0905,255.0,3.9882,0.0,0.0,0.0,3
org_ly8ozcyw,2025-07-04,networking,2.1083,246.0,2.6235,0.0,0.0,0.0,3
org_ly8ozcyw,2025-07-04,storage,4.6041,228.0,2.7531,0.0,0.0,0.0,3
org_ly8ozcyw,2025-07-05,analytics,0.6624,0.0,4.2804,7.1412,0.0,0.0,3
org_ly8ozcyw,2025-07-05,networking,1.4764,113.0,0.0,18.1161,0.0,0.0,3
org_ly8ozcyw,2025-07-05,storage,5.1190999999999995,255.0,0.8946,0.0,0.0,0.0,3
org_ly8ozcyw,2025-07-06,analytics,19.0994,234.0,0.0,0.0,0.0,0.0,3
org_ly8ozcyw,2025-07-06,database,11.527,242.0,0.3813,0.0,0.0,0.0,3
org_ly8ozcyw,2025-07-06,networking,3.1994999999999996,362.0,0.0,0.0,0.0,0.0,3
org_ly8ozcyw,2025-07-06,storage,4.4913,237.0,1.8594,0.0,0.0,0.0,3
org_ly8ozcyw,2025-07-07,analytics,21.616,245.0,1.8729,30.6998,0.0,0.0,6
org_ly8ozcyw,2025-07-07,compute,22.0111,252.0,0.0,15.6155,0.0,0.0,3
org_ly8ozcyw,2025-07-07,database,11.8279,228.0,0.0,15.7754,0.0,0.0,3
org_ly8ozcyw,2025-07-07,genai,24.988500000000002,235.0,0.0,0.0,0.0,0.0,3
org_ly8ozcyw,2025-07-07,networking,2.6390000000000002,244.0,1.8552,0.0,0.0,0.0,3
org_ly8ozcyw,2025-07-08,compute,8.0696,105.0,2.2899,10.8203,0.0,0.0,3
org_ly8ozcyw,2025-07-08,genai,35.628,245.0,0.0,23.7008,0.0,0.0,3
org_ly8ozcyw,2025-07-08,networking,1.3846999999999998,114.0,5.7423,0.0,0.0,0.0,3
org_ly8ozcyw,2025-07-08,storage,4.897,265.0,0.0,14.8738,0.0,0.0,3
org_ly8ozcyw,2025-07-09,analytics,17.4363,240.0,3.1864,24.5039,0.0,0.0,6
org_ly8ozcyw,2025-07-09,compute,19.3519,229.0,0.0,3.9173,0.0,0.0,3
org_ly8ozcyw,2025-07-09,storage,4.4352,228.0,3.2056,0.0,0.0,0.0,3
org_ly8ozcyw,2025-07-10,analytics,9.994100000000001,127.0,0.0,4.1133,0.0,0.0,3
org_ly8ozcyw,2025-07-10,compute,5.9025,118.0,0.8637,0.0,0.0,0.0,3
org_ly8ozcyw,2025-07-10,genai,15.8617,121.0,1.969,20.4025,0.0,0.0,3
org_ly8ozcyw,2025-07-10,storage,2.342,108.0,2.2541,14.479,0.0,0.0,3
org_ly8ozcyw,2025-07-11,compute,14.174000000000001,230.0,3.132,0.0,0.0,0.0,3
org_ly8ozcyw,2025-07-11,storage,0.1096,0.0,5.1065000000000005,0.0,0.0,0.0,2
org_ly8ozcyw,2025-07-12,analytics,11.664,145.0,0.0,27.7172,0.0,0.0,3
org_ly8ozcyw,2025-07-12,compute,33.021499999999996,388.0,0.0,0.0,0.0,0.0,3
org_ly8ozcyw,2025-07-12,genai,25.7897,241.0,1.6611,0.0,0.0,0.0,3
org_ly8ozcyw,2025-07-12,networking,0.24500000000000002,0.0,3.4287,22.4198,0.0,0.0,3
org_ly8ozcyw,2025-07-13,analytics,38.7038,516.0,1.9485,33.0558,0.0,0.0,6
org_ly8ozcyw,2025-07-13,compute,22.8252,242.0,0.0,2.4376,0.0,0.0,3
org_ly8ozcyw,2025-07-13,networking,1.0691,116.0,2.9353,7.3983,0.0,0.0,3
org_ly8ozcyw,2025-07-13,storage,2.7125000000000004,123.0,0.0,14.3101,0.0,0.0,2
org_ly8ozcyw,2025-07-14,analytics,2.3226999999999998,0.0,0.0,27.416900000000002,0.0,0.0,3
org_ly8ozcyw,2025-07-14,storage,3.4505,119.0,2.7037,13.4686,0.0,0.0,3
org_ly8ozcyw,2025-07-15,analytics,7.663,107.0,0.0,4.648,0.0,0.0,3
org_ly8ozcyw,2025-07-15,database,7.312,131.0,0.551,0.0,0.0,0.0,3
org_ly8ozcyw,2025-07-15,networking,2.3159,219.0,0.0,0.0,0.0,0.0,3
org_ly8ozcyw,2025-07-16,analytics,10.487,114.0,2.2145,27.5824,0.0,0.0,6
org_ly8ozcyw,2025-07-16,database,12.9376,245.0,0.0,10.2947,0.0,0.0,3
org_ly8ozcyw,2025-07-16,genai,32.75149999999999,244.0,0.0,5.2195,0.0,0.0,3
org_ly8ozcyw,2025-07-16,storage,3.1952000000000003,132.0,2.7096,4.1008,0.0,0.0,3
org_ly8ozcyw,2025-07-17,analytics,11.0455,116.0,0.0,30.5392,0.0,0.0,3
org_ly8ozcyw,2025-07-17,genai,11.995000000000001,99.0,0.8517,0.0,0.0,0.0,3
org_ly8ozcyw,2025-07-17,networking,3.0887000000000002,338.0,0.0,0.0,0.0,0.0,3
org_ly8ozcyw,2025-07-17,storage,2.4331,107.0,0.0,25.6226,0.0,0.0,3
org_ly8ozcyw,2025-07-18,compute,13.2183,211.0,0.0,10.8409,0.0,0.044368000000000005,3
org_ly8ozcyw,2025-07-18,database,2.3423,0.0,0.0,39.621300000000005,0.0,0.007925000000000001,3
org_ly8ozcyw,2025-07-18,genai,18.0816,110.0,0.0,13.241,2351.0,0.024648,3
org_ly8ozcyw,2025-07-18,networking,1.6844,115.0,7.243500000000001,0.0,0.0,0.024449,3
org_ly8ozcyw,2025-07-18,storage,6.5878,355.0,0.0,0.0,0.0,0.07100000000000001,3
org_ly8ozcyw,2025-07-19,analytics,26.213,375.0,3.5137,0.0,0.0,0.075704,6
org_ly8ozcyw,2025-07-19,database,0.4102,0.0,7.8324,0.0,0.0,0.0015660000000000001,3
org_ly8ozcyw,2025-07-20,analytics,10.875399999999999,111.0,5.4408,29.167299999999997,0.0,0.029123,6
org_ly8ozcyw,2025-07-20,compute,18.7679,250.0,0.0,7.1235,0.0,0.051425,3
org_ly8ozcyw,2025-07-20,database,6.3469,101.0,0.6118,7.2263,0.0,0.021767,3
org_ly8ozcyw,2025-07-20,genai,19.3007,139.0,0.0,3.6039,2419.0,0.028520999999999998,3
org_ly8ozcyw,2025-07-20,networking,2.0216000000000003,217.0,1.206,0.0,0.0,0.043641,3
org_ly8ozcyw,2025-07-21,analytics,0.044199999999999996,0.0,1.2211,0.0,0.0,2.44E-4,3
org_ly8ozcyw,2025-07-21,compute,14.4543,133.0,0.0,28.0266,0.0,0.032205,3
org_ly8ozcyw,2025-07-21,storage,4.5385,250.0,0.0,0.0,0.0,0.05,3
org_ly8ozcyw,2025-07-22,analytics,0.9257,0.0,0.7213,14.2274,0.0,0.00299,3
org_ly8ozcyw,2025-07-22,storage,1.9485999999999999,112.0,5.562099999999999,0.0,0.0,0.023513,3
org_ly8ozcyw,2025-07-23,analytics,16.6258,223.0,4.181,23.8943,0.0,0.050215,6
org_ly8ozcyw,2025-07-23,genai,17.0638,131.0,3.2631,6.4219,1672.0,0.028137000000000002,3
org_ly8ozcyw,2025-07-23,networking,2.4335,221.0,0.0,2.7527,0.0,0.044751000000000006,3
org_ly8ozcyw,2025-07-24,analytics,17.0338,230.0,2.2909,34.1867,0.0,0.053294999999999995,6
org_ly8ozcyw,2025-07-24,database,6.9168,127.0,0.0,0.393,0.0,0.025478999999999998,3
org_ly8ozcyw,2025-07-24,networking,3.3211,347.0,0.0,0.0,0.0,0.0694,3
org_ly8ozcyw,2025-07-24,storage,4.4622,241.0,1.3833,0.0,0.0,0.048477,3
org_ly8ozcyw,2025-07-25,analytics,28.565800000000003,387.0,0.7374,9.6107,0.0,0.07946900000000001,6
org_ly8ozcyw,2025-07-25,database,19.5702,364.0,0.0,0.0,0.0,0.0728,3
org_ly8ozcyw,2025-07-25,networking,0.2658,0.0,0.8762,25.5327,0.0,0.005282,3
org_ly8ozcyw,2025-07-26,analytics,10.5682,128.0,3.9559,16.8097,0.0,0.029753,3
org_ly8ozcyw,2025-07-26,genai,15.354800000000001,124.0,0.0,16.5474,3367.0,0.02811,3
org_ly8ozcyw,2025-07-26,networking,2.2305,212.0,4.2142,0.0,0.0,0.043243000000000004,3
org_ly8ozcyw,2025-07-26,storage,3.2828,121.0,0.0,19.4485,0.0,0.02809,3
org_ly8ozcyw,2025-07-27,analytics,26.7463,342.0,3.8802,13.9421,0.0,0.071964,5
org_ly8ozcyw,2025-07-27,compute,0.3451,0.0,4.3426,0.0,0.0,8.69E-4,3
org_ly8ozcyw,2025-07-27,database,5.6158,113.0,3.3735999999999997,0.0,0.0,0.023274999999999997,3
org_ly8ozcyw,2025-07-27,genai,1.8557000000000001,0.0,4.071,11.1908,1804.0,0.003052,3
org_ly8ozcyw,2025-07-27,storage,0.3468,0.0,2.1609,16.6533,0.0,0.0037630000000000003,3
org_ly8ozcyw,2025-07-28,analytics,35.1182,516.0,5.645,0.0,0.0,0.104329,6
org_ly8ozcyw,2025-07-28,database,15.1049,260.0,0.0,14.4282,0.0,0.054886,3
org_ly8ozcyw,2025-07-28,genai,31.8893,229.0,0.0,0.0,941.0,0.0458,3
org_ly8ozcyw,2025-07-28,networking,1.7831000000000001,221.0,0.966,0.0,0.0,0.044393,3
org_ly8ozcyw,2025-07-29,analytics,20.3756,237.0,0.0,20.6896,0.0,0.051538,3
org_ly8ozcyw,2025-07-29,genai,12.7873,90.0,0.0,10.185500000000001,2603.0,0.020037,3
org_ly8ozcyw,2025-07-29,networking,2.0664,217.0,0.0,9.9096,0.0,0.045382,3
org_ly8ozcyw,2025-07-30,analytics,15.4213,229.0,5.9599,5.2979,0.0,0.048052,6
org_ly8ozcyw,2025-07-30,compute,11.129699999999998,130.0,3.8963,0.0,0.0,0.026779,3
org_ly8ozcyw,2025-07-30,database,15.061,252.0,0.0,16.6637,0.0,0.053733,3
org_ly8ozcyw,2025-07-30,networking,2.4722999999999997,236.0,0.0,0.0,0.0,0.047200000000000006,3
org_ly8ozcyw,2025-07-31,analytics,28.809600000000003,387.0,3.0369,30.6409,0.0,0.084135,6
org_ly8ozcyw,2025-07-31,compute,22.5084,246.0,0.0,16.8508,0.0,0.052570000000000006,3
org_ly8ozcyw,2025-07-31,genai,28.8578,216.0,0.0,17.042,3324.0,0.046608,3
org_ly8ozcyw,2025-07-31,networking,1.4790999999999999,113.0,0.6067,20.6783,0.0,0.026857,3
org_ly8ozcyw,2025-08-01,analytics,15.1058,243.0,0.0,0.867,0.0,0.048773,3
org_ly8ozcyw,2025-08-01,compute,28.8755,346.0,0.0,0.0,0.0,0.06920000000000001,3
org_ly8ozcyw,2025-08-01,database,8.091199999999999,141.0,0.0,27.560499999999998,0.0,0.033712000000000006,3
org_ly8ozcyw,2025-08-02,analytics,21.7042,257.0,4.9736,20.595100000000002,0.0,0.056512999999999994,6
org_ly8ozcyw,2025-08-02,database,11.051599999999999,232.0,0.0,10.1417,0.0,0.048428,3
org_ly8ozcyw,2025-08-02,networking,1.5613,123.0,0.2788,19.2674,0.0,0.028509,3
org_ly8ozcyw,2025-08-02,storage,4.5497,245.0,0.0,3.0976,0.0,0.04962,3
org_ly8ozcyw,2025-08-03,analytics,26.720799999999997,337.0,0.0,27.932699999999997,0.0,0.072986,5
org_ly8ozcyw,2025-08-03,database,17.9282,372.0,0.0,0.0,0.0,0.07440000000000001,3
org_ly8ozcyw,2025-08-03,networking,0.23399999999999999,0.0,2.2628,24.0805,0.0,0.005268999999999999,3
org_ly8ozcyw,2025-08-04,analytics,14.909600000000001,234.0,11.763399999999999,0.0,0.0,0.049154,6
org_ly8ozcyw,2025-08-04,compute,13.3973,111.0,0.0,21.794500000000003,0.0,0.026559,3
org_ly8ozcyw,2025-08-04,database,0.2855,0.0,4.2231000000000005,1.7555,0.0,0.001195,3
org_ly8ozcyw,2025-08-04,genai,29.8223,218.0,1.1456,0.0,1878.0,0.043829,3
org_ly8ozcyw,2025-08-04,networking,1.425,111.0,4.8916,0.0,0.0,0.023178,3
org_ly8ozcyw,2025-08-04,storage,2.4904,116.0,3.5135,0.0,0.0,0.023902999999999997,3
org_ly8ozcyw,2025-08-05,analytics,17.6209,260.0,4.574,8.4253,0.0,0.0546,6
org_ly8ozcyw,2025-08-05,database,1.3099,0.0,1.2486,22.1358,0.0,0.004677,3
org_ly8ozcyw,2025-08-05,networking,2.7264,235.0,0.0,4.0024,0.0,0.047799999999999995,3
org_ly8ozcyw,2025-08-06,analytics,14.5088,249.0,0.0,0.0,0.0,0.0498,3
org_ly8ozcyw,2025-08-06,database,5.5089,107.0,0.0,10.6693,0.0,0.023534,3
org_ly8ozcyw,2025-08-06,genai,27.0697,228.0,3.3527,0.0,3329.0,0.046271,3
org_ly8ozcyw,2025-08-06,storage,2.3249,99.0,0.0,26.351499999999998,0.0,0.025070000000000002,3
org_ly8ozcyw,2025-08-07,analytics,14.108,241.0,1.8909,0.0,0.0,0.048577999999999996,3
org_ly8ozcyw,2025-08-07,database,11.567200000000001,257.0,2.6824,0.0,0.0,0.051936,3
org_ly8ozcyw,2025-08-07,genai,41.8782,262.0,0.0,10.9623,3543.0,0.054592,3
org_ly8ozcyw,2025-08-08,analytics,7.0238,121.0,8.4545,7.9023,0.0,0.027471000000000002,6
org_ly8ozcyw,2025-08-08,genai,26.3574,216.0,0.0,11.1119,1853.0,0.045422000000000004,3
org_ly8ozcyw,2025-08-08,storage,0.1282,0.0,6.8046,0.0,0.0,0.001361,3
org_ly8ozcyw,2025-08-09,analytics,20.3178,261.0,0.0,32.3019,0.0,0.05866,6
org_ly8ozcyw,2025-08-09,genai,19.4416,139.0,0.0,0.0,2223.0,0.0278,3
org_ly8ozcyw,2025-08-09,networking,1.1367,118.0,0.0,14.8864,0.0,0.026577,3
org_ly8ozcyw,2025-08-10,analytics,30.0265,372.0,0.0,34.8367,0.0,0.081367,6
org_ly8ozcyw,2025-08-10,compute,2.1521,0.0,0.0,31.1352,0.0,0.006227,3
org_ly8ozcyw,2025-08-10,networking,3.5795000000000003,385.0,0.0,0.0,0.0,0.07700000000000001,3
org_ly8ozcyw,2025-08-10,storage,2.7421,126.0,0.0,14.9051,0.0,0.028181,3
org_ly8ozcyw,2025-08-11,analytics,14.8476,247.0,0.0,3.8015,0.0,0.050159999999999996,3
org_ly8ozcyw,2025-08-11,compute,7.6095999999999995,118.0,3.8783000000000003,0.0,0.0,0.024374999999999997,3
org_ly8ozcyw,2025-08-11,database,11.061599999999999,231.0,0.0,5.9417,0.0,0.047388,3
org_ly8ozcyw,2025-08-11,networking,1.4656,127.0,1.6983,8.0346,0.0,0.027347,3
org_ly8ozcyw,2025-08-11,storage,5.9319,246.0,3.9287,0.0,0.0,0.049986,3
org_ly8ozcyw,2025-08-12,analytics,5.2406999999999995,105.0,5.5838,0.0,0.0,0.022117,3
org_ly8ozcyw,2025-08-12,genai,29.9163,236.0,0.0,6.892,4267.0,0.048578,3
org_ly8ozcyw,2025-08-12,networking,1.5293,118.0,0.0,21.728,0.0,0.027946,3
org_ly8ozcyw,2025-08-13,compute,2.0932999999999997,0.0,0.0,31.1571,0.0,0.006232,3
org_ly8ozcyw,2025-08-13,genai,10.238499999999998,99.0,5.5982,0.0,2224.0,0.02092,3
org_ly8ozcyw,2025-08-13,networking,0.2652,0.0,0.0,25.4277,0.0,0.005086,3
org_ly8ozcyw,2025-08-14,analytics,18.2261,240.0,1.4651,23.9187,0.0,0.053076,6
org_ly8ozcyw,2025-08-14,compute,54.93000000000001,252.0,0.0,28.8561,0.0,0.056171,3
org_ly8ozcyw,2025-08-14,genai,48.4791,366.0,0.0,0.0,2438.0,0.0732,3
org_ly8ozcyw,2025-08-14,networking,2.3890000000000002,220.0,0.0,0.0,0.0,0.044,3
org_ly8ozcyw,2025-08-14,storage,4.1579999999999995,250.0,0.0,0.0,0.0,0.05,3
org_ly8ozcyw,2025-08-15,analytics,16.7741,229.0,3.1471999999999998,28.0229,0.0,0.052034000000000004,6
org_ly8ozcyw,2025-08-15,compute,16.3888,218.0,0.0,1.7595,0.0,0.043952000000000005,3
org_ly8ozcyw,2025-08-15,database,6.5816,108.0,2.1898,16.4857,0.0,0.025335000000000003,3
org_ly8ozcyw,2025-08-15,genai,29.816,228.0,0.0,9.4091,3480.0,0.047482,3
org_ly8ozcyw,2025-08-15,networking,2.0841000000000003,240.0,0.0,0.0,0.0,0.048,3
org_ly8ozcyw,2025-08-15,storage,3.1403,138.0,0.0,27.417,0.0,0.033083999999999995,3
org_ly8ozcyw,2025-08-16,analytics,8.602699999999999,139.0,3.4737,0.0,0.0,0.028495,3
org_ly8ozcyw,2025-08-16,genai,35.691900000000004,254.0,0.0,0.0,2392.0,0.0508,3
org_ly8ozcyw,2025-08-16,networking,2.5371,243.0,0.0,11.0793,0.0,0.050816,3
org_ly8ozcyw,2025-08-17,compute,9.2634,120.0,1.5547,5.214,0.0,0.025354,3
org_ly8ozcyw,2025-08-17,database,14.484000000000002,250.0,0.0,17.8635,0.0,0.053573,3
org_ly8ozcyw,2025-08-17,storage,0.3992,0.0,5.4406,12.4799,0.0,0.003584,3
org_ly8ozcyw,2025-08-18,analytics,9.1793,111.0,0.3318,48.252700000000004,0.0,0.031916,6
org_ly8ozcyw,2025-08-18,compute,0.6387,0.0,1.5043,6.777,0.0,0.0016560000000000001,3
org_ly8ozcyw,2025-08-18,networking,2.7732,253.0,0.0,14.5441,0.0,0.053509,3
org_ly8ozcyw,2025-08-19,analytics,23.2381,373.0,0.0,16.4496,0.0,0.07789,5
org_ly8ozcyw,2025-08-19,compute,19.86,251.0,0.0,0.0503,0.0,0.050210000000000005,3
org_ly8ozcyw,2025-08-19,database,4.8898,116.0,0.5547,0.0,0.0,0.023311,3
org_ly8ozcyw,2025-08-19,genai,15.144799999999998,125.0,3.3666,9.333,2699.0,0.027540000000000002,3
org_ly8ozcyw,2025-08-19,networking,1.3109000000000002,117.0,2.6776,18.4974,0.0,0.027635,3
org_ly8ozcyw,2025-08-19,storage,7.0289,313.0,0.0,0.0,0.0,0.0626,3
org_ly8ozcyw,2025-08-20,analytics,18.022,213.0,0.0,6.6416,0.0,0.043927999999999995,3
org_ly8ozcyw,2025-08-20,compute,18.922900000000002,246.0,1.8243,0.0,0.0,0.049565,3
org_ly8ozcyw,2025-08-20,networking,1.5844,131.0,1.9035,2.1263,0.0,0.027006,3
org_ly8ozcyw,2025-08-20,storage,2.662,133.0,1.586,7.0486,0.0,0.028327,3
org_ly8ozcyw,2025-08-21,analytics,3.0554,0.0,15.175600000000001,31.650100000000002,0.0,0.009365,6
org_ly8ozcyw,2025-08-21,compute,2.077,0.0,8.0922,14.6819,0.0,0.004553999999999999,3
org_ly8ozcyw,2025-08-21,database,7.8048,111.0,1.0926,34.2056,0.0,0.02926,3
org_ly8ozcyw,2025-08-21,genai,47.337199999999996,357.0,0.0,0.0,2675.0,0.0714,3
org_ly8ozcyw,2025-08-21,networking,1.2427,115.0,0.0,13.52,0.0,0.025703999999999998,3
org_ly8ozcyw,2025-08-22,analytics,20.3434,258.0,6.9424,7.1931,0.0,0.054427,6
org_ly8ozcyw,2025-08-22,database,6.0385,124.0,0.0,1.6531,0.0,0.025131,3
org_ly8ozcyw,2025-08-22,genai,1.7336,0.0,2.8235,10.1938,2574.0,0.002604,3
org_ly8ozcyw,2025-08-22,networking,0.04240000000000001,0.0,4.071400000000001,0.404,0.0,8.95E-4,3
org_ly8ozcyw,2025-08-22,storage,2.3165,125.0,0.0,9.3989,0.0,0.02688,3
org_ly8ozcyw,2025-08-23,analytics,11.136099999999999,133.0,3.4863999999999997,0.0,0.0,0.027297,3
org_ly8ozcyw,2025-08-23,database,17.697400000000002,351.0,0.0,0.0,0.0,0.0702,3
org_ly8ozcyw,2025-08-23,genai,16.1407,123.0,2.1317,10.4563,1548.0,0.027117,3
org_ly8ozcyw,2025-08-23,storage,2.3072,136.0,0.7152,0.0,0.0,0.027343,3
org_ly8ozcyw,2025-08-24,analytics,23.852899999999998,368.0,0.0,9.9229,0.0,0.075584,6
org_ly8ozcyw,2025-08-24,compute,12.5643,125.0,3.2524,12.189,0.0,0.028088000000000002,3
org_ly8ozcyw,2025-08-24,database,4.6212,109.0,3.6645,0.0,0.0,0.022533,3
org_ly8ozcyw,2025-08-25,analytics,43.105900000000005,598.0,0.0,9.459,0.0,0.121492,6
org_ly8ozcyw,2025-08-25,compute,19.156999999999996,250.0,1.0796,0.0,0.0,0.050216000000000004,3
org_ly8ozcyw,2025-08-25,database,1.0881,0.0,2.664,23.5678,0.0,0.005247,3
org_ly8ozcyw,2025-08-25,genai,3.0698,0.0,2.598,18.4242,3350.0,0.004205,3
org_ly8ozcyw,2025-08-26,analytics,10.0107,134.0,0.4843,8.5504,0.0,0.028607,3
org_ly8ozcyw,2025-08-26,compute,22.4673,244.0,2.2262,0.0,0.0,0.049245,3
org_ly8ozcyw,2025-08-26,genai,1.9888,0.0,3.8449,15.0059,2105.0,0.00377,3
org_ly8ozcyw,2025-08-26,networking,3.4871999999999996,375.0,0.0,0.0,0.0,0.075,3
org_ly8ozcyw,2025-08-26,storage,3.1548000000000003,0.0,0.0,36.751000000000005,0.0,0.00735,3
org_ly8ozcyw,2025-08-27,analytics,17.6187,231.0,0.0,5.2325,0.0,0.047247,3
org_ly8ozcyw,2025-08-27,compute,1.0196,0.0,7.7645,4.4365,0.0,0.0024400000000000003,3
org_ly8ozcyw,2025-08-27,storage,6.4764,359.0,0.0,0.0,0.0,0.0718,3
org_ly8ozcyw,2025-08-28,analytics,18.063299999999998,250.0,1.5419,0.0,0.0,0.050308,6
org_ly8ozcyw,2025-08-28,compute,16.1824,117.0,2.1378,0.0,0.0,0.023828000000000002,3
org_ly8ozcyw,2025-08-28,database,6.8366,120.0,0.0,28.5238,0.0,0.029705000000000002,3
org_ly8ozcyw,2025-08-28,genai,27.213500000000003,248.0,0.0,3.3587,2803.0,0.050272,3
org_ly8ozcyw,2025-08-28,networking,1.1183,116.0,3.4875,0.0,0.0,0.023897999999999996,3
org_ly8ozcyw,2025-08-28,storage,2.7602,123.0,4.0728,10.7679,0.0,0.027569,3
org_ly8ozcyw,2025-08-29,analytics,11.8157,121.0,0.0,18.6809,0.0,0.027936,3
org_ly8ozcyw,2025-08-29,compute,20.7624,237.0,0.0,0.0,0.0,0.0474,3
org_ly8ozcyw,2025-08-29,genai,25.5886,233.0,0.0,0.0,1520.0,0.0466,3
org_ly8ozcyw,2025-08-29,storage,2.3159,110.0,0.6528,0.0,0.0,0.022130999999999998,3
org_ly8ozcyw,2025-08-30,analytics,10.5686,128.0,5.7347,23.927999999999997,0.0,0.031533000000000005,6
org_ly8ozcyw,2025-08-30,compute,2.6465,0.0,0.0,31.9689,0.0,0.006394,3
org_ly8ozcyw,2025-08-30,database,11.953199999999999,251.0,0.0,0.0,0.0,0.0502,3
org_ly8ozcyw,2025-08-30,networking,1.843,242.0,3.2601,0.0,0.0,0.049052,3
org_ly8ozcyw,2025-08-31,analytics,11.9403,130.0,0.0,47.026700000000005,0.0,0.035406,3
org_ly8ozcyw,2025-08-31,compute,9.6846,112.0,2.5014000000000003,0.0,0.0,0.0229,3
org_ly8ozcyw,2025-08-31,database,14.1982,254.0,0.0,23.6081,0.0,0.055522,3
org_ly8ozcyw,2025-08-31,networking,0.9974,115.0,0.8886,11.1667,0.0,0.025411,3
org_n9j2qp89,2025-07-03,analytics,17.1528,229.0,1.2423,0.0,0.0,0.0,3
org_n9j2qp89,2025-07-03,compute,35.4565,487.0,0.0,11.7535,0.0,0.0,5
org_n9j2qp89,2025-07-03,genai,17.1177,113.0,0.0,25.4118,0.0,0.0,3
org_n9j2qp89,2025-07-03,networking,2.5295,234.0,0.0,19.2415,0.0,0.0,6
org_n9j2qp89,2025-07-04,analytics,0.539,0.0,2.0846999999999998,5.1231,0.0,0.0,3
org_n9j2qp89,2025-07-04,compute,12.894499999999999,145.0,8.218,5.5559,0.0,0.0,6
org_n9j2qp89,2025-07-04,genai,3.1014999999999997,0.0,0.0,28.444300000000002,0.0,0.0,3
org_n9j2qp89,2025-07-04,networking,0.2763,0.0,1.5129,27.1339,0.0,0.0,3
org_n9j2qp89,2025-07-04,storage,2.8682,127.0,1.5709,0.0,0.0,0.0,3
org_n9j2qp89,2025-07-05,analytics,22.1409,256.0,0.0,15.8452,0.0,0.0,3
org_n9j2qp89,2025-07-05,compute,36.965599999999995,454.0,3.8014,14.9449,0.0,0.0,6
org_n9j2qp89,2025-07-05,genai,3.3325,0.0,0.0,32.0561,0.0,0.0,3
org_n9j2qp89,2025-07-05,networking,2.3401,219.0,2.383,35.778400000000005,0.0,0.0,6
org_n9j2qp89,2025-07-05,storage,2.6405,121.0,0.0,16.875700000000002,0.0,0.0,3
org_n9j2qp89,2025-07-06,analytics,15.4152,214.0,0.2007,0.0,0.0,0.0,3
org_n9j2qp89,2025-07-06,compute,40.035999999999994,541.0,3.6076,0.0,0.0,0.0,6
org_n9j2qp89,2025-07-06,genai,26.8809,241.0,0.0,0.0,0.0,0.0,3
org_n9j2qp89,2025-07-06,networking,0.1318,0.0,0.0,13.465399999999999,0.0,0.0,3
org_n9j2qp89,2025-07-06,storage,5.411099999999999,265.0,0.0,17.102,0.0,0.0,3
org_n9j2qp89,2025-07-07,analytics,15.2365,219.0,0.0,5.0068,0.0,0.0,3
org_n9j2qp89,2025-07-07,compute,14.7468,202.0,0.0,5.7169,0.0,0.0,3
org_n9j2qp89,2025-07-07,genai,38.439400000000006,346.0,0.0,0.0,0.0,0.0,3
org_n9j2qp89,2025-07-07,networking,2.45,238.0,0.0,23.4878,0.0,0.0,6
org_n9j2qp89,2025-07-08,analytics,7.3844,110.0,0.0,3.1659,0.0,0.0,3
org_n9j2qp89,2025-07-08,compute,44.0681,476.0,0.7744,1.8942,0.0,0.0,6
org_n9j2qp89,2025-07-08,genai,13.4894,118.0,2.7269,0.0,0.0,0.0,3
org_n9j2qp89,2025-07-08,networking,1.3012000000000001,113.0,6.206199999999999,38.9002,0.0,0.0,6
org_n9j2qp89,2025-07-09,compute,25.7998,355.0,0.0,0.0,0.0,0.0,3
org_n9j2qp89,2025-07-09,networking,2.1449,242.0,0.0,10.8589,0.0,0.0,3
org_n9j2qp89,2025-07-09,storage,5.0301,239.0,0.0,5.9881,0.0,0.0,3
org_n9j2qp89,2025-07-10,compute,13.828000000000001,127.0,1.6172,0.0,0.0,0.0,3
org_n9j2qp89,2025-07-10,genai,14.9502,121.0,4.888999999999999,0.0,0.0,0.0,3
org_n9j2qp89,2025-07-10,networking,1.2488000000000001,105.0,1.8974,10.0612,0.0,0.0,3
org_n9j2qp89,2025-07-10,storage,5.8026,246.0,0.0,0.0,0.0,0.0,3
org_n9j2qp89,2025-07-11,analytics,9.5312,110.0,5.6365,0.0,0.0,0.0,3
org_n9j2qp89,2025-07-11,compute,9.452200000000001,116.0,2.6133,0.0,0.0,0.0,3
org_n9j2qp89,2025-07-11,networking,0.2111,0.0,0.0,20.040300000000002,0.0,0.0,3
org_n9j2qp89,2025-07-12,analytics,22.293599999999998,360.0,0.0,0.0,0.0,0.0,3
org_n9j2qp89,2025-07-12,compute,11.025699999999999,115.0,5.3843000000000005,10.5488,0.0,0.0,6
org_n9j2qp89,2025-07-12,networking,4.2593,349.0,0.0,0.0,0.0,0.0,3
org_n9j2qp89,2025-07-13,analytics,8.205,99.0,0.6776,7.6465,0.0,0.0,3
org_n9j2qp89,2025-07-13,compute,24.1918,235.0,6.5781,9.1306,0.0,0.0,6
org_n9j2qp89,2025-07-13,genai,17.8623,135.0,0.0,0.0,0.0,0.0,3
org_n9j2qp89,2025-07-13,networking,2.5328000000000004,138.0,4.2004,3.6154,0.0,0.0,6
org_n9j2qp89,2025-07-13,storage,2.7603,138.0,0.0,6.1282,0.0,0.0,3
org_n9j2qp89,2025-07-14,compute,30.0455,356.0,1.4958,7.4463,0.0,0.0,6
org_n9j2qp89,2025-07-14,networking,1.353,116.0,0.0,12.8312,0.0,0.0,6
org_n9j2qp89,2025-07-14,storage,7.4914,345.0,0.0,0.0,0.0,0.0,3
org_n9j2qp89,2025-07-15,analytics,7.5671,100.0,0.0,21.3688,0.0,0.0,2
org_n9j2qp89,2025-07-15,compute,8.7833,104.0,1.2507,7.6687,0.0,0.0,3
org_n9j2qp89,2025-07-15,genai,0.8298000000000001,0.0,6.544099999999999,0.0,0.0,0.0,3
org_n9j2qp89,2025-07-15,networking,2.5629999999999997,243.0,0.0,2.8029,0.0,0.0,3
org_n9j2qp89,2025-07-15,storage,6.1062,247.0,0.0,0.0,0.0,0.0,3
org_n9j2qp89,2025-07-16,analytics,7.4636000000000005,111.0,0.0,18.9807,0.0,0.0,3
org_n9j2qp89,2025-07-16,genai,32.4786,241.0,2.5645,0.0,0.0,0.0,3
org_n9j2qp89,2025-07-16,networking,3.1122,261.0,4.2028,23.8282,0.0,0.0,6
org_n9j2qp89,2025-07-16,storage,3.2118,134.0,2.2642,25.0706,0.0,0.0,3
org_n9j2qp89,2025-07-17,analytics,11.3442,119.0,0.0,24.5371,0.0,0.0,3
org_n9j2qp89,2025-07-17,compute,13.237,124.0,1.8444,19.8332,0.0,0.0,3
org_n9j2qp89,2025-07-17,genai,29.9022,235.0,0.3255,0.0,0.0,0.0,3
org_n9j2qp89,2025-07-17,networking,2.5465,220.0,0.0,0.0,0.0,0.0,3
org_n9j2qp89,2025-07-17,storage,2.7777999999999996,124.0,3.7288,0.0,0.0,0.0,3
org_n9j2qp89,2025-07-18,compute,11.3245,115.0,2.3753,1.3592,0.0,0.023747,3
org_n9j2qp89,2025-07-18,genai,10.5518,121.0,2.9077,0.0,2566.0,0.024782,3
org_n9j2qp89,2025-07-18,networking,5.5037,487.0,0.0,49.932199999999995,0.0,0.107387,6
org_n9j2qp89,2025-07-18,storage,4.6464,234.0,0.1181,0.0,0.0,0.046824000000000005,3
org_n9j2qp89,2025-07-19,analytics,9.3816,127.0,0.0,31.6344,0.0,0.031727,3
org_n9j2qp89,2025-07-19,compute,8.1628,125.0,0.0,0.0,0.0,0.025,3
org_n9j2qp89,2025-07-19,networking,1.4278,113.0,1.9581,16.1722,0.0,0.026226,3
org_n9j2qp89,2025-07-19,storage,3.0613,127.0,2.5656,0.0,0.0,0.025913,3
org_n9j2qp89,2025-07-20,compute,12.0179,124.0,5.608,0.0,0.0,0.025922,3
org_n9j2qp89,2025-07-20,networking,1.1731,115.0,0.0,15.725,0.0,0.026145,3
org_n9j2qp89,2025-07-21,analytics,1.6625,0.0,0.0,22.007,0.0,0.004402,3
org_n9j2qp89,2025-07-21,genai,39.384,331.0,0.0,0.0,2916.0,0.06620000000000001,3
org_n9j2qp89,2025-07-22,analytics,2.3312,0.0,0.0,36.486599999999996,0.0,0.0072970000000000005,3
org_n9j2qp89,2025-07-22,compute,30.571,356.0,7.5527999999999995,0.0,0.0,0.07271,6
org_n9j2qp89,2025-07-22,genai,31.4739,256.0,1.3183,0.0,1628.0,0.051463999999999996,3
org_n9j2qp89,2025-07-22,networking,2.2385,233.0,0.0,7.007,0.0,0.048001,3
org_n9j2qp89,2025-07-23,compute,8.5298,132.0,2.2707,17.0426,0.0,0.030262999999999998,3
org_n9j2qp89,2025-07-23,networking,2.5117,259.0,0.919,22.1282,0.0,0.056409999999999995,6
org_n9j2qp89,2025-07-24,analytics,15.376000000000001,232.0,0.0,16.6173,0.0,0.049722999999999996,3
org_n9j2qp89,2025-07-24,compute,11.858,121.0,0.0,7.744,0.0,0.025749,3
org_n9j2qp89,2025-07-24,genai,17.5086,110.0,0.0,21.7809,2304.0,0.026355999999999997,3
org_n9j2qp89,2025-07-24,networking,2.1702,229.0,0.0,23.85,0.0,0.050570000000000004,3
org_n9j2qp89,2025-07-24,storage,2.2809999999999997,121.0,1.068,0.0,0.0,0.024413999999999998,2
org_n9j2qp89,2025-07-25,analytics,0.8278,0.0,0.0,11.4492,0.0,0.00229,3
org_n9j2qp89,2025-07-25,compute,3.4258,0.0,4.769299999999999,33.4892,0.0,0.007652,6
org_n9j2qp89,2025-07-25,genai,29.5928,229.0,0.0,0.0,3114.0,0.0458,3
org_n9j2qp89,2025-07-25,storage,4.9124,248.0,0.0,16.9126,0.0,0.052983,3
org_n9j2qp89,2025-07-26,analytics,17.6705,257.0,1.8316,0.0,0.0,0.05176599999999999,3
org_n9j2qp89,2025-07-26,compute,1.7395999999999998,0.0,0.0,25.4329,0.0,0.005087,3
org_n9j2qp89,2025-07-26,genai,2.6551,0.0,0.2676,23.594,1898.0,0.004773,3
org_n9j2qp89,2025-07-27,analytics,7.7575,137.0,0.2888,1.1758,0.0,0.027693,3
org_n9j2qp89,2025-07-27,compute,33.7387,460.0,4.1769,10.8189,0.0,0.094999,6
org_n9j2qp89,2025-07-27,genai,27.8318,214.0,0.0,13.9257,1599.0,0.045585,3
org_n9j2qp89,2025-07-27,networking,0.2681,0.0,0.0,26.8331,0.0,0.005366,3
org_n9j2qp89,2025-07-28,genai,20.7825,140.0,1.0396,18.1926,1920.0,0.031847,3
org_n9j2qp89,2025-07-28,networking,4.9253,487.0,3.3286,8.936,0.0,0.099853,6
org_n9j2qp89,2025-07-28,storage,4.9495,243.0,4.7993,0.0,0.0,0.04956000000000001,3
org_n9j2qp89,2025-07-29,analytics,2.3708,0.0,0.3272,34.1426,0.0,0.006894,3
org_n9j2qp89,2025-07-29,compute,9.0371,123.0,2.9839,0.0,0.0,0.025197,3
org_n9j2qp89,2025-07-29,networking,2.7277,232.0,0.0,16.1928,0.0,0.049639,3
org_n9j2qp89,2025-07-29,storage,2.6423,122.0,0.0,21.7664,0.0,0.028754000000000002,3
org_n9j2qp89,2025-07-30,analytics,19.740099999999998,253.0,0.0,20.0728,0.0,0.054615,3
org_n9j2qp89,2025-07-30,compute,26.232300000000002,352.0,0.0,0.0,0.0,0.0704,3
org_n9j2qp89,2025-07-30,genai,29.4216,220.0,0.0,3.2212,3612.0,0.044644,3
org_n9j2qp89,2025-07-30,networking,2.7671,249.0,4.4821,20.8908,0.0,0.054874,6
org_n9j2qp89,2025-07-30,storage,0.4388,0.0,5.9372,15.739,0.0,0.004335,3
org_n9j2qp89,2025-07-31,analytics,8.6252,114.0,4.4553,14.3601,0.0,0.026563,3
org_n9j2qp89,2025-07-31,compute,33.818599999999996,482.0,0.0,17.6345,0.0,0.09992699999999999,6
org_n9j2qp89,2025-07-31,networking,0.0517,0.0,3.4058,0.0,0.0,6.81E-4,3
org_n9j2qp89,2025-08-01,compute,10.761300000000002,129.0,8.9529,0.0,0.0,0.02759,3
org_n9j2qp89,2025-08-01,genai,27.5175,227.0,0.1377,0.0,2570.0,0.045428,3
org_n9j2qp89,2025-08-01,networking,3.4718,325.0,0.0,0.0,0.0,0.065,3
org_n9j2qp89,2025-08-01,storage,6.0346,258.0,2.8495,0.0,0.0,0.05217,3
org_n9j2qp89,2025-08-02,analytics,15.488399999999999,238.0,0.6742,0.0,0.0,0.047735,3
org_n9j2qp89,2025-08-02,compute,20.6201,259.0,3.7893,4.5063,0.0,0.053459,6
org_n9j2qp89,2025-08-02,networking,2.6066000000000003,256.0,2.2137,0.0,0.0,0.051642999999999994,3
org_n9j2qp89,2025-08-02,storage,0.29910000000000003,0.0,2.4612,10.2684,0.0,0.0025459999999999997,3
org_n9j2qp89,2025-08-03,compute,22.602999999999998,260.0,2.641,0.0,0.0,0.052528000000000005,3
org_n9j2qp89,2025-08-03,genai,15.115400000000001,90.0,1.3302,24.3783,1775.0,0.023141999999999996,3
org_n9j2qp89,2025-08-03,networking,0.2103,0.0,0.1024,19.2149,0.0,0.003863,3
org_n9j2qp89,2025-08-03,storage,1.8052,104.0,2.9734,0.0,0.0,0.021393999999999996,3
org_n9j2qp89,2025-08-04,compute,54.4016,645.0,0.0,0.0,0.0,0.129,6
org_n9j2qp89,2025-08-05,compute,36.1089,496.0,0.0,26.7906,0.0,0.10455800000000001,6
org_n9j2qp89,2025-08-05,genai,41.4185,354.0,0.0,0.0,1386.0,0.0708,3
org_n9j2qp89,2025-08-05,networking,1.4796,122.0,1.2026,18.344,0.0,0.028310000000000002,6
org_n9j2qp89,2025-08-06,genai,0.9911000000000001,0.0,6.9935,0.0,1903.0,0.001398,3
org_n9j2qp89,2025-08-06,networking,4.781700000000001,468.0,0.0,5.3648,0.0,0.09467300000000001,6
org_n9j2qp89,2025-08-06,storage,2.471,126.0,5.2068,0.0,0.0,0.026242,3
org_n9j2qp89,2025-08-07,analytics,17.8416,249.0,0.0,16.8056,0.0,0.053161,3
org_n9j2qp89,2025-08-07,compute,22.250799999999998,257.0,0.0,25.2346,0.0,0.056447,3
org_n9j2qp89,2025-08-07,genai,36.3885,240.0,2.6595,0.0,3272.0,0.048532,3
org_n9j2qp89,2025-08-07,networking,3.6606,353.0,0.5547,29.0461,0.0,0.07652,6
org_n9j2qp89,2025-08-07,storage,2.1666,113.0,2.0063,14.0147,0.0,0.025803999999999997,3
org_n9j2qp89,2025-08-08,analytics,17.018,257.0,2.5307,0.0,0.0,0.051906,3
org_n9j2qp89,2025-08-08,compute,38.0704,473.0,0.0,7.2591,0.0,0.096051,6
org_n9j2qp89,2025-08-08,genai,21.287499999999998,124.0,2.7894,26.2932,3686.0,0.030617,3
org_n9j2qp89,2025-08-08,networking,2.2371,240.0,3.8707,0.0,0.0,0.048774,6
org_n9j2qp89,2025-08-08,storage,4.417199999999999,269.0,0.2498,0.0,0.0,0.05385,3
org_n9j2qp89,2025-08-09,compute,2.7597,0.0,4.485,33.2069,0.0,0.007538,3
org_n9j2qp89,2025-08-09,networking,3.6995000000000005,381.0,4.9943,25.6327,0.0,0.08232500000000001,6
org_n9j2qp89,2025-08-09,storage,4.3888,239.0,0.9438,0.0,0.0,0.047989000000000004,3
org_n9j2qp89,2025-08-10,compute,50.896,597.0,0.0,17.5123,0.0,0.12290200000000001,6
org_n9j2qp89,2025-08-10,genai,0.8538,0.0,1.9286,5.624,2094.0,0.001511,3
org_n9j2qp89,2025-08-10,networking,1.1718,110.0,1.1783,15.7305,0.0,0.025382,3
org_n9j2qp89,2025-08-10,storage,2.2481,96.0,1.0727,18.6198,0.0,0.023139,3
org_n9j2qp89,2025-08-11,genai,3.5844000000000005,0.0,0.0,28.159399999999998,2439.0,0.005632,3
org_n9j2qp89,2025-08-11,networking,1.6003,130.0,3.9072999999999998,0.0,0.0,0.026781,3
org_n9j2qp89,2025-08-12,compute,0.626,0.0,7.4473,0.0,0.0,0.001489,3
org_n9j2qp89,2025-08-12,genai,34.994,250.0,0.0,6.2836,2557.0,0.051257,3
org_n9j2qp89,2025-08-12,networking,3.8938,392.0,0.0,0.0,0.0,0.0784,3
org_n9j2qp89,2025-08-12,storage,4.7131,211.0,0.0,12.6099,0.0,0.044722,3
org_n9j2qp89,2025-08-13,genai,14.418099999999999,111.0,0.0,5.7864,1814.0,0.023357000000000003,2
org_n9j2qp89,2025-08-13,networking,3.6896999999999998,349.0,0.0,34.197,0.0,0.076639,6
org_n9j2qp89,2025-08-13,storage,2.2402,106.0,2.1341,2.9975,0.0,0.022226,3
org_n9j2qp89,2025-08-14,analytics,7.7996,129.0,3.3721,7.2041,0.0,0.027915000000000002,3
org_n9j2qp89,2025-08-14,compute,32.5266,399.0,0.0,0.0,0.0,0.07980000000000001,3
org_n9j2qp89,2025-08-14,genai,15.4686,118.0,0.0,18.4398,2373.0,0.027288,3
org_n9j2qp89,2025-08-14,storage,6.0617,247.0,0.0,16.2945,0.0,0.052659,3
org_n9j2qp89,2025-08-15,compute,17.9866,238.0,3.9873,0.0,0.0,0.048397,3
org_n9j2qp89,2025-08-15,networking,3.103,258.0,3.9964,21.855600000000003,0.0,0.056771,6
org_n9j2qp89,2025-08-16,analytics,12.205200000000001,128.0,3.9555,12.1216,0.0,0.028815,3
org_n9j2qp89,2025-08-16,compute,28.392400000000002,343.0,4.0632,0.6762,0.0,0.069548,6
org_n9j2qp89,2025-08-16,genai,0.707,0.0,5.9201,0.0,3090.0,0.001184,3
org_n9j2qp89,2025-08-16,networking,2.8823,240.0,0.0,0.0,0.0,0.048,3
org_n9j2qp89,2025-08-17,compute,18.3308,234.0,0.0,2.9425,0.0,0.047389,3
org_n9j2qp89,2025-08-17,genai,18.4531,134.0,0.989,0.0,1745.0,0.026998,3
org_n9j2qp89,2025-08-17,networking,2.1057,252.0,6.5331,2.2479,0.0,0.052157,6
org_n9j2qp89,2025-08-17,storage,2.4533,116.0,1.0456,12.7573,0.0,0.02596,3
org_n9j2qp89,2025-08-18,analytics,9.3029,101.0,0.2258,18.5923,0.0,0.023962999999999998,3
org_n9j2qp89,2025-08-18,compute,34.9689,489.0,0.6558,0.0,0.0,0.09793099999999999,6
org_n9j2qp89,2025-08-18,genai,14.4176,118.0,3.5628,16.3556,2289.0,0.027583999999999997,3
org_n9j2qp89,2025-08-18,storage,2.8426,126.0,0.9915,2.433,0.0,0.025885000000000002,3
org_n9j2qp89,2025-08-19,compute,30.1603,349.0,0.0,12.9149,0.0,0.072383,6
org_n9j2qp89,2025-08-19,networking,1.2168999999999999,103.0,4.0392,14.4605,0.0,0.0243,3
org_n9j2qp89,2025-08-19,storage,5.2758,220.0,0.0,13.3188,0.0,0.046664,3
org_n9j2qp89,2025-08-20,analytics,17.413899999999998,227.0,0.0,6.852,0.0,0.04677,3
org_n9j2qp89,2025-08-20,genai,30.5106,227.0,0.0,5.6047,1884.0,0.046521,3
org_n9j2qp89,2025-08-21,analytics,13.9999,235.0,0.0,9.1991,0.0,0.04884,3
org_n9j2qp89,2025-08-21,compute,22.327800000000003,231.0,1.2441,33.9109,0.0,0.053231,6
org_n9j2qp89,2025-08-21,genai,13.8988,102.0,2.7055,10.1977,1824.0,0.022981,3
org_n9j2qp89,2025-08-21,networking,2.5174,248.0,0.0,27.6658,0.0,0.055134,6
org_n9j2qp89,2025-08-22,compute,9.7034,113.0,1.7661,14.0257,0.0,0.025759,5
org_n9j2qp89,2025-08-22,genai,19.820500000000003,127.0,0.718,0.0,2671.0,0.025543999999999997,3
org_n9j2qp89,2025-08-22,networking,2.8003,237.0,0.0,23.2733,0.0,0.052055000000000004,3
org_n9j2qp89,2025-08-22,storage,2.7095000000000002,131.0,5.8056,5.2403,0.0,0.028409,3
org_n9j2qp89,2025-08-23,analytics,7.749,109.0,1.1852,11.5155,0.0,0.02434,3
org_n9j2qp89,2025-08-23,compute,11.3485,131.0,0.0,10.221,0.0,0.028244000000000002,3
org_n9j2qp89,2025-08-23,genai,1.7301000000000002,0.0,5.0585,11.4503,4224.0,0.0033020000000000002,3
org_n9j2qp89,2025-08-23,networking,2.4298,238.0,2.6477,0.0,0.0,0.048130000000000006,3
org_n9j2qp89,2025-08-23,storage,4.1761,204.0,4.1395,0.0,0.0,0.041628,3
org_n9j2qp89,2025-08-24,analytics,10.0674,123.0,3.7563,0.0,0.0,0.025351000000000002,2
org_n9j2qp89,2025-08-24,compute,49.914100000000005,622.0,3.3767,0.0,0.0,0.125075,6
org_n9j2qp89,2025-08-24,genai,32.031,266.0,2.3867,0.0,2963.0,0.053677,3
org_n9j2qp89,2025-08-24,networking,4.682500000000001,461.0,1.9914,0.0,0.0,0.092598,6
org_n9j2qp89,2025-08-24,storage,0.5775,0.0,4.5809,22.872,0.0,0.00549,3
org_n9j2qp89,2025-08-25,analytics,0.2683,0.0,4.2166,0.0,0.0,8.43E-4,3
org_n9j2qp89,2025-08-25,networking,2.4261,246.0,0.4909,0.0,0.0,0.049298,3
org_n9j2qp89,2025-08-25,storage,1.9766,129.0,3.2797,0.0,0.0,0.026455,3
org_n9j2qp89,2025-08-26,analytics,9.609,129.0,4.4153,6.9429,0.0,0.028072,3
org_n9j2qp89,2025-08-26,compute,9.1347,118.0,2.1782,7.8697,0.0,0.025609999999999997,3
org_n9j2qp89,2025-08-26,networking,1.8655,0.0,0.0,67.4615,0.0,0.013491999999999999,6
org_n9j2qp89,2025-08-27,compute,9.3264,0.0,2.9791,0.0,0.0,5.960000000000001E-4,3
org_n9j2qp89,2025-08-27,networking,5.5263,498.0,0.0,27.4683,0.0,0.105094,6
org_n9j2qp89,2025-08-27,storage,2.7568,118.0,0.0,21.8401,0.0,0.027968,3
org_n9j2qp89,2025-08-28,networking,5.024,507.0,4.233,26.915,0.0,0.10763,6
org_n9j2qp89,2025-08-28,storage,0.652,0.0,2.2697,27.5315,0.0,0.00596,3
org_n9j2qp89,2025-08-29,analytics,16.4649,239.0,6.0917,0.0,0.0,0.049018,3
org_n9j2qp89,2025-08-29,compute,17.465,223.0,0.0,19.0839,0.0,0.048417,3
org_n9j2qp89,2025-08-29,genai,25.4246,245.0,3.5833,0.0,4399.0,0.049717,3
org_n9j2qp89,2025-08-29,networking,2.6357,238.0,11.5954,13.5428,0.0,0.052628,6
org_n9j2qp89,2025-08-30,analytics,8.7728,116.0,1.2697,3.7408,0.0,0.024201999999999998,3
org_n9j2qp89,2025-08-30,compute,22.998499999999996,243.0,0.7582,11.136199999999999,0.0,0.050979,6
org_n9j2qp89,2025-08-30,genai,0.6407,0.0,3.2066,0.0,3097.0,6.41E-4,3
org_n9j2qp89,2025-08-30,networking,3.3594999999999997,252.0,0.0,78.05019999999999,0.0,0.06601,6
org_n9j2qp89,2025-08-30,storage,6.7733,373.0,0.0,0.0,0.0,0.0746,3
org_n9j2qp89,2025-08-31,compute,38.7134,496.0,3.8006,9.2923,0.0,0.10181799999999999,6
org_n9j2qp89,2025-08-31,genai,16.9742,129.0,1.5325,9.4786,3587.0,0.028002999999999997,3
org_n9j2qp89,2025-08-31,networking,1.0876,143.0,0.0,9.527,0.0,0.030505,3
org_nam148p0,2025-07-03,compute,39.3858,496.0,0.0,11.5393,0.0,0.0,6
org_nam148p0,2025-07-03,database,13.281600000000001,255.0,0.0,13.1247,0.0,0.0,3
org_nam148p0,2025-07-03,storage,12.2625,613.0,2.4233000000000002,17.3983,0.0,0.0,9
org_nam148p0,2025-07-04,compute,29.656600000000005,386.0,7.778,0.0,0.0,0.0,6
org_nam148p0,2025-07-04,database,15.9665,366.0,0.0,0.0,0.0,0.0,3
org_nam148p0,2025-07-04,storage,14.2076,616.0,5.3089,39.2756,0.0,0.0,9
org_nam148p0,2025-07-05,compute,33.7603,373.0,0.0,0.0,0.0,0.0,3
org_nam148p0,2025-07-05,database,7.2274,133.0,2.7919,0.0,0.0,0.0,3
org_nam148p0,2025-07-05,networking,1.0575,114.0,3.3857,3.3285,0.0,0.0,3
org_nam148p0,2025-07-05,storage,15.8748,742.0,1.591,34.5038,0.0,0.0,9
org_nam148p0,2025-07-06,networking,2.1469,245.0,2.3848,0.0,0.0,0.0,3
org_nam148p0,2025-07-06,storage,13.514399999999998,356.0,0.6011,69.78,0.0,0.0,12
org_nam148p0,2025-07-07,compute,21.1279,248.0,4.1915,7.2464,0.0,0.0,6
org_nam148p0,2025-07-07,database,7.5301,128.0,0.0,23.6924,0.0,0.0,3
org_nam148p0,2025-07-07,storage,3.0272,0.0,2.2236,23.3328,0.0,0.0,6
org_nam148p0,2025-07-08,compute,22.537700000000005,256.0,2.681,5.8623,0.0,0.0,6
org_nam148p0,2025-07-08,storage,0.1734,0.0,9.615400000000001,0.0,0.0,0.0,3
org_nam148p0,2025-07-09,compute,30.2206,357.0,0.4298,36.5165,0.0,0.0,6
org_nam148p0,2025-07-09,database,7.1333,127.0,0.0,19.038400000000003,0.0,0.0,3
org_nam148p0,2025-07-09,networking,1.3297,115.0,1.5841,11.5697,0.0,0.0,3
org_nam148p0,2025-07-09,storage,11.510100000000001,487.0,0.0,27.541400000000003,0.0,0.0,6
org_nam148p0,2025-07-10,database,6.4803,142.0,0.0,0.0,0.0,0.0,3
org_nam148p0,2025-07-11,compute,8.4017,110.0,0.0,10.3324,0.0,0.0,3
org_nam148p0,2025-07-11,networking,0.0877,0.0,0.0,10.9544,0.0,0.0,3
org_nam148p0,2025-07-11,storage,6.606699999999999,372.0,4.0129,5.5119,0.0,0.0,6
org_nam148p0,2025-07-12,compute,15.022300000000001,243.0,2.0926,0.0,0.0,0.0,3
org_nam148p0,2025-07-12,networking,0.1181,0.0,1.9755,9.4521,0.0,0.0,3
org_nam148p0,2025-07-12,storage,7.7424,382.0,6.7454,3.9081,0.0,0.0,9
org_nam148p0,2025-07-13,compute,19.8953,216.0,9.962100000000001,7.4993,0.0,0.0,6
org_nam148p0,2025-07-13,networking,2.7325000000000004,260.0,2.0025,0.0,0.0,0.0,3
org_nam148p0,2025-07-13,storage,5.3458,224.0,8.3702,2.8844,0.0,0.0,6
org_nam148p0,2025-07-14,compute,24.3028,346.0,0.0,0.0,0.0,0.0,3
org_nam148p0,2025-07-14,database,5.8518,128.0,2.6348,5.0332,0.0,0.0,3
org_nam148p0,2025-07-14,networking,0.1857,0.0,0.0,15.1497,0.0,0.0,3
org_nam148p0,2025-07-14,storage,0.7344999999999999,0.0,0.0,30.5578,0.0,0.0,3
org_nam148p0,2025-07-15,compute,8.937199999999999,121.0,2.4791,0.0,0.0,0.0,3
org_nam148p0,2025-07-15,networking,0.2818,0.0,0.0,30.426099999999998,0.0,0.0,3
org_nam148p0,2025-07-15,storage,2.6667999999999994,119.0,6.7735,11.246599999999999,0.0,0.0,6
org_nam148p0,2025-07-16,compute,36.704100000000004,427.0,0.9603,0.0,0.0,0.0,5
org_nam148p0,2025-07-16,database,4.2884,107.0,0.0,12.079,0.0,0.0,3
org_nam148p0,2025-07-16,networking,2.0478,240.0,0.0,3.631,0.0,0.0,3
org_nam148p0,2025-07-16,storage,7.683,369.0,2.0664,1.3147,0.0,0.0,6
org_nam148p0,2025-07-17,compute,32.2552,260.0,0.0,0.0,0.0,0.0,3
org_nam148p0,2025-07-17,database,16.118,334.0,0.0,0.0,0.0,0.0,3
org_nam148p0,2025-07-17,storage,8.2576,323.0,8.55,17.7879,0.0,0.0,9
org_nam148p0,2025-07-18,compute,1.3713000000000002,0.0,1.2859,4.9194,0.0,0.0012410000000000001,3
org_nam148p0,2025-07-18,networking,2.5604999999999998,243.0,0.0,10.2628,0.0,0.050653000000000004,3
org_nam148p0,2025-07-18,storage,9.499199999999998,451.0,3.3942,7.8988,0.0,0.092459,9
org_nam148p0,2025-07-19,compute,28.4545,363.0,0.0,0.0,0.0,0.0726,3
org_nam148p0,2025-07-19,database,6.3812,127.0,1.0829,5.8649,0.0,0.026789999999999998,3
org_nam148p0,2025-07-19,networking,0.39309999999999995,0.0,0.0,35.8027,0.0,0.007161,3
org_nam148p0,2025-07-19,storage,11.3845,498.0,3.7495,43.6858,0.0,0.109086,9
org_nam148p0,2025-07-20,compute,22.8323,256.0,0.0,12.4159,0.0,0.053682999999999995,3
org_nam148p0,2025-07-20,database,13.052999999999999,243.0,0.0,15.6229,0.0,0.051725,3
org_nam148p0,2025-07-20,storage,5.714499999999999,252.0,1.2611,0.0,0.0,0.050652,3
org_nam148p0,2025-07-21,compute,13.8714,130.0,0.8268,0.0,0.0,0.026164999999999997,3
org_nam148p0,2025-07-21,networking,2.0937,233.0,0.0,7.0227,0.0,0.048005,3
org_nam148p0,2025-07-21,storage,2.3706,100.0,5.3505,0.0,0.0,0.02107,3
org_nam148p0,2025-07-22,networking,1.0831,117.0,0.6595,11.7459,0.0,0.025881,3
org_nam148p0,2025-07-22,storage,16.825,722.0,1.5706,74.0131,0.0,0.159516,12
org_nam148p0,2025-07-23,database,5.3004999999999995,125.0,0.0,12.685,0.0,0.027537000000000002,3
org_nam148p0,2025-07-23,networking,1.2357,98.0,0.0,0.3535,0.0,0.019671,3
org_nam148p0,2025-07-23,storage,15.7401,756.0,0.0,15.3392,0.0,0.15426800000000002,11
org_nam148p0,2025-07-24,compute,11.4276,131.0,0.0,17.9444,0.0,0.029789000000000003,3
org_nam148p0,2025-07-24,database,11.9123,224.0,0.0,10.2729,0.0,0.04685500000000001,3
org_nam148p0,2025-07-24,networking,0.9358,117.0,2.2229,0.0,0.0,0.023845,3
org_nam148p0,2025-07-24,storage,14.701300000000002,732.0,7.5373,15.2654,0.0,0.15095999999999998,12
org_nam148p0,2025-07-25,compute,9.5358,108.0,3.1163,8.4485,0.0,0.023913,3
org_nam148p0,2025-07-25,database,12.8001,232.0,0.0,12.9495,0.0,0.04899,3
org_nam148p0,2025-07-25,storage,7.4335,354.0,2.2625,0.0,0.0,0.07125300000000001,6
org_nam148p0,2025-07-26,compute,54.5758,662.0,0.0,0.0,0.0,0.13240000000000002,6
org_nam148p0,2025-07-26,database,6.2596,0.0,3.1094,0.0,0.0,6.22E-4,3
org_nam148p0,2025-07-26,networking,1.1083,123.0,1.1848,9.0713,0.0,0.026651,3
org_nam148p0,2025-07-26,storage,4.5209,225.0,1.1355,0.0,0.0,0.045227,3
org_nam148p0,2025-07-27,compute,15.637300000000002,239.0,0.6658,0.0,0.0,0.047933,3
org_nam148p0,2025-07-27,database,6.1068,131.0,1.5653,19.7401,0.0,0.030461000000000002,3
org_nam148p0,2025-07-27,storage,4.5145,225.0,7.453399999999999,0.0,0.0,0.046491000000000005,6
org_nam148p0,2025-07-28,compute,11.1191,119.0,0.0,29.1512,0.0,0.029630000000000004,3
org_nam148p0,2025-07-28,database,7.463,105.0,0.0,37.9627,0.0,0.028592000000000003,3
org_nam148p0,2025-07-28,networking,1.3915,115.0,3.5631,12.6536,0.0,0.026243999999999996,3
org_nam148p0,2025-07-28,storage,0.2744,0.0,4.3894,11.0765,0.0,0.0030930000000000003,6
org_nam148p0,2025-07-29,compute,37.5277,501.0,0.0,0.0,0.0,0.10020000000000001,6
org_nam148p0,2025-07-29,networking,1.1922,129.0,3.9997,7.7319,0.0,0.028145999999999997,3
org_nam148p0,2025-07-29,storage,8.246599999999999,265.0,0.0,40.618300000000005,0.0,0.061123,6
org_nam148p0,2025-07-30,compute,25.690099999999997,329.0,0.0,19.878700000000002,0.0,0.069776,6
org_nam148p0,2025-07-30,database,12.7577,260.0,0.0,23.5008,0.0,0.0567,3
org_nam148p0,2025-07-30,storage,14.923200000000001,631.0,0.0,48.592,0.0,0.135919,9
org_nam148p0,2025-07-31,compute,12.372499999999999,114.0,3.6,26.2387,0.0,0.028768000000000002,6
org_nam148p0,2025-07-31,database,6.244,119.0,0.0,26.6218,0.0,0.029124,3
org_nam148p0,2025-07-31,networking,3.5860000000000003,352.0,0.0,0.0,0.0,0.0704,3
org_nam148p0,2025-08-01,compute,21.5443,233.0,0.0,11.604,0.0,0.048921000000000006,3
org_nam148p0,2025-08-01,networking,1.5537999999999998,120.0,0.0,14.651699999999998,0.0,0.02693,3
org_nam148p0,2025-08-01,storage,11.208299999999998,449.0,3.7396,13.7283,0.0,0.09329399999999999,6
org_nam148p0,2025-08-02,compute,9.8692,129.0,2.6073,18.6555,0.0,0.030052000000000002,3
org_nam148p0,2025-08-02,database,6.457,116.0,0.4142,15.5864,0.0,0.0264,3
org_nam148p0,2025-08-02,networking,2.3232,121.0,2.4771,0.0,0.0,0.024694999999999998,3
org_nam148p0,2025-08-02,storage,4.318099999999999,212.0,16.148,0.0,0.0,0.045628,8
org_nam148p0,2025-08-03,compute,22.091,258.0,0.0,11.9913,0.0,0.053998000000000004,3
org_nam148p0,2025-08-03,database,0.7799999999999999,0.0,7.2882,10.5465,0.0,0.003567,3
org_nam148p0,2025-08-03,networking,2.4200999999999997,256.0,0.1781,0.0,0.0,0.051236000000000004,3
org_nam148p0,2025-08-03,storage,2.9686000000000003,138.0,3.9638,0.0,0.0,0.028393,3
org_nam148p0,2025-08-04,compute,19.7063,221.0,0.0,37.3227,0.0,0.051664,6
org_nam148p0,2025-08-04,storage,15.658,718.0,0.6765,12.0363,0.0,0.146142,9
org_nam148p0,2025-08-05,compute,19.8346,117.0,1.2454,20.6573,0.0,0.02778,6
org_nam148p0,2025-08-05,database,12.0748,235.0,4.6929,0.0,0.0,0.047939,3
org_nam148p0,2025-08-05,networking,0.1601,0.0,0.0,12.8189,0.0,0.0025640000000000003,3
org_nam148p0,2025-08-05,storage,4.977399999999999,232.0,0.0,31.2245,0.0,0.052645000000000004,6
org_nam148p0,2025-08-06,database,5.8574,123.0,0.0,10.293700000000001,0.0,0.026659,3
org_nam148p0,2025-08-06,networking,3.1001,267.0,3.936,0.0,0.0,0.054187000000000006,3
org_nam148p0,2025-08-06,storage,10.3351,499.0,3.2172,0.0,0.0,0.10044399999999998,6
org_nam148p0,2025-08-07,compute,7.8826,116.0,0.0,0.0,0.0,0.0232,3
org_nam148p0,2025-08-07,database,4.5779,109.0,3.1638,2.7169,0.0,0.022976,3
org_nam148p0,2025-08-07,storage,8.0225,380.0,6.4165,40.867999999999995,0.0,0.085457,9
org_nam148p0,2025-08-08,compute,27.9829,334.0,0.0,0.0,0.0,0.0668,3
org_nam148p0,2025-08-08,database,7.2306,128.0,0.0,12.567899999999998,0.0,0.028113000000000003,3
org_nam148p0,2025-08-08,networking,1.3128,115.0,7.2172,0.0,0.0,0.024443,3
org_nam148p0,2025-08-08,storage,18.744,689.0,7.213,0.0,0.0,0.139242,12
org_nam148p0,2025-08-09,compute,2.1585,0.0,0.232,30.308699999999998,0.0,0.006107,3
org_nam148p0,2025-08-09,networking,1.2329,126.0,1.8998,12.7374,0.0,0.028127,3
org_nam148p0,2025-08-09,storage,5.5807,254.0,3.0104,14.9192,0.0,0.054386000000000004,6
org_nam148p0,2025-08-10,compute,29.6483,351.0,2.534,14.351099999999999,0.0,0.073577,6
org_nam148p0,2025-08-10,storage,9.908900000000001,467.0,3.4444,0.0,0.0,0.094089,6
org_nam148p0,2025-08-11,compute,18.5494,246.0,1.8713,0.0,0.0,0.049574,3
org_nam148p0,2025-08-11,database,15.916,368.0,0.0,0.0,0.0,0.0736,3
org_nam148p0,2025-08-11,networking,1.9012,213.0,0.0,0.8985,0.0,0.04278,3
org_nam148p0,2025-08-12,compute,9.083499999999999,105.0,2.4152,6.1237,0.0,0.022708000000000002,3
org_nam148p0,2025-08-12,networking,1.5609,128.0,1.1425,5.9799,0.0,0.027025,3
org_nam148p0,2025-08-12,storage,12.206700000000001,581.0,9.804,40.122099999999996,0.0,0.126186,12
org_nam148p0,2025-08-13,compute,37.672200000000004,451.0,5.5643,0.0,0.0,0.091313,6
org_nam148p0,2025-08-13,storage,9.508299999999998,460.0,5.4249,25.802,0.0,0.09824599999999999,9
org_nam148p0,2025-08-14,networking,1.3563999999999998,118.0,2.135,1.9774,0.0,0.024422,3
org_nam148p0,2025-08-14,storage,9.5019,517.0,1.3055,12.3029,0.0,0.106122,6
org_nam148p0,2025-08-15,compute,22.5335,262.0,4.1711,37.8956,0.0,0.060813000000000006,6
org_nam148p0,2025-08-15,networking,2.9134,254.0,0.0336,0.0,0.0,0.050807,3
org_nam148p0,2025-08-15,storage,5.572800000000001,241.0,1.6196,34.9033,0.0,0.055504,6
org_nam148p0,2025-08-16,compute,2.2691,0.0,1.4013,28.2618,0.0,0.005933,3
org_nam148p0,2025-08-16,database,2.1438,0.0,0.0,38.3247,0.0,0.007665,3
org_nam148p0,2025-08-16,storage,10.3214,377.0,3.137,2.7191,0.0,0.076571,6
org_nam148p0,2025-08-17,compute,13.817300000000001,136.0,2.7371,12.2331,0.0,0.030194,3
org_nam148p0,2025-08-17,database,11.5473,226.0,0.0,23.3023,0.0,0.04986,3
org_nam148p0,2025-08-17,networking,1.0746,130.0,0.92,18.3639,0.0,0.029856999999999998,3
org_nam148p0,2025-08-17,storage,7.1187000000000005,351.0,4.7479,12.1527,0.0,0.07358100000000001,6
org_nam148p0,2025-08-18,compute,12.336,119.0,0.0,23.468600000000002,0.0,0.028493,3
org_nam148p0,2025-08-18,storage,21.753,992.0,1.9643,21.9709,0.0,0.203187,12
org_nam148p0,2025-08-19,compute,21.2897,243.0,3.6675,28.6241,0.0,0.055057,6
org_nam148p0,2025-08-19,networking,1.0565,118.0,0.0,12.6863,0.0,0.026137,3
org_nam148p0,2025-08-19,storage,12.2409,615.0,2.7706999999999997,13.0269,0.0,0.12615900000000002,9
org_nam148p0,2025-08-20,compute,20.712799999999998,254.0,0.2298,7.4498,0.0,0.05233600000000001,6
org_nam148p0,2025-08-20,database,12.9904,247.0,2.9645,0.0,0.0,0.049993,3
org_nam148p0,2025-08-20,storage,7.5017,104.0,2.1452999999999998,10.3756,0.0,0.023304,6
org_nam148p0,2025-08-21,compute,29.360600000000005,349.0,0.0,13.0547,0.0,0.072411,6
org_nam148p0,2025-08-21,networking,2.9232,341.0,0.0,0.0,0.0,0.06820000000000001,3
org_nam148p0,2025-08-21,storage,4.7061,208.0,1.9837,35.8908,0.0,0.049174999999999996,6
org_nam148p0,2025-08-22,storage,7.734,331.0,4.7073,53.281400000000005,0.0,0.077797,9
org_nam148p0,2025-08-23,compute,12.7038,143.0,0.0,8.4437,0.0,0.030289,3
org_nam148p0,2025-08-23,networking,4.1194,355.0,0.0,0.0,0.0,0.07100000000000001,3
org_nam148p0,2025-08-23,storage,9.7287,489.0,2.7578,43.094300000000004,0.0,0.10697100000000001,9
org_nam148p0,2025-08-24,networking,1.2159,108.0,6.2292000000000005,0.0,0.0,0.022846,3
org_nam148p0,2025-08-24,storage,11.8509,572.0,2.5081,33.9446,0.0,0.121691,9
org_nam148p0,2025-08-25,compute,29.4505,371.0,0.0,0.0,0.0,0.07419999999999999,3
org_nam148p0,2025-08-25,storage,7.599100000000001,353.0,0.0839,10.7748,0.0,0.072772,6
org_nam148p0,2025-08-26,compute,2.109,0.0,1.7272,20.8697,0.0,0.0045190000000000004,3
org_nam148p0,2025-08-26,networking,1.1839000000000002,109.0,0.0,25.0599,0.0,0.026812,3
org_nam148p0,2025-08-26,storage,11.5459,573.0,8.915199999999999,12.1844,0.0,0.11881999999999998,12
org_nam148p0,2025-08-27,compute,25.563200000000002,327.0,6.8433,3.9976,0.0,0.06756899999999999,6
org_nam148p0,2025-08-27,database,1.0763,0.0,0.0,23.6385,0.0,0.004727,2
org_nam148p0,2025-08-27,networking,3.102,346.0,0.0,0.0,0.0,0.06920000000000001,3
org_nam148p0,2025-08-27,storage,5.2837000000000005,216.0,0.0496,18.2868,0.0,0.046868,6
org_nam148p0,2025-08-28,compute,26.2255,268.0,0.0,19.805,0.0,0.057561,3
org_nam148p0,2025-08-28,storage,4.8732999999999995,233.0,8.5957,8.499,0.0,0.05001900000000001,6
org_nam148p0,2025-08-29,database,5.1634,113.0,0.8673,4.7588,0.0,0.023725,3
org_nam148p0,2025-08-29,networking,2.1535,220.0,0.0,0.0,0.0,0.044,3
org_nam148p0,2025-08-29,storage,5.4413,240.0,5.719200000000001,5.4567,0.0,0.050234,6
org_nam148p0,2025-08-30,compute,58.2786,728.0,0.0,0.0,0.0,0.1456,6
org_nam148p0,2025-08-30,database,13.5669,245.0,0.0,9.2051,0.0,0.050841,3
org_nam148p0,2025-08-30,storage,2.3156,111.0,2.3043,0.0,0.0,0.022661,3
org_nam148p0,2025-08-31,compute,2.7137,0.0,4.5699,23.278,0.0,0.00557,3
org_nam148p0,2025-08-31,networking,0.22649999999999998,0.0,4.7872,16.0794,0.0,0.004173,3
org_nam148p0,2025-08-31,storage,10.9082,469.0,10.5577,49.1652,0.0,0.10574699999999998,12
org_ofqewaou,2025-07-03,analytics,10.681099999999999,138.0,0.0,38.8065,0.0,0.0,3
org_ofqewaou,2025-07-03,networking,2.945,188.0,0.0,0.0,0.0,0.0,3
org_ofqewaou,2025-07-04,analytics,26.104000000000003,369.0,0.0,44.7819,0.0,0.0,6
org_ofqewaou,2025-07-04,networking,1.2458,105.0,0.0,17.643700000000003,0.0,0.0,3
org_ofqewaou,2025-07-05,analytics,11.961,130.0,4.9775,11.7967,0.0,0.0,6
org_ofqewaou,2025-07-05,networking,2.9607,243.0,0.0,5.6816,0.0,0.0,3
org_ofqewaou,2025-07-05,storage,0.8371999999999999,0.0,1.9678,43.2825,0.0,0.0,3
org_ofqewaou,2025-07-06,analytics,7.805400000000001,118.0,4.6427,0.0,0.0,0.0,3
org_ofqewaou,2025-07-06,networking,2.1996,236.0,0.0,0.0,0.0,0.0,3
org_ofqewaou,2025-07-07,networking,0.3997,0.0,1.6894,36.19840000000001,0.0,0.0,3
org_ofqewaou,2025-07-07,storage,2.8577,123.0,0.0,0.7349,0.0,0.0,3
org_ofqewaou,2025-07-09,analytics,8.3585,121.0,1.9402,0.256,0.0,0.0,3
org_ofqewaou,2025-07-09,storage,6.7566999999999995,250.0,3.7991,45.191,0.0,0.0,6
org_ofqewaou,2025-07-10,networking,2.2595,208.0,0.0,23.1488,0.0,0.0,3
org_ofqewaou,2025-07-10,storage,7.0069,345.0,1.1253,26.5812,0.0,0.0,6
org_ofqewaou,2025-07-11,analytics,32.432300000000005,368.0,0.0,49.797,0.0,0.0,6
org_ofqewaou,2025-07-11,networking,3.7013000000000003,367.0,0.0,0.0,0.0,0.0,3
org_ofqewaou,2025-07-12,analytics,1.5239,0.0,0.6969,20.011699999999998,0.0,0.0,3
org_ofqewaou,2025-07-12,networking,2.4601,266.0,1.9176,0.0,0.0,0.0,3
org_ofqewaou,2025-07-13,analytics,7.4597,114.0,3.6983,0.0,0.0,0.0,3
org_ofqewaou,2025-07-14,analytics,32.928,488.0,2.6932,0.0,0.0,0.0,6
org_ofqewaou,2025-07-14,networking,0.2666,0.0,4.9745,20.1193,0.0,0.0,3
org_ofqewaou,2025-07-14,storage,2.6629,127.0,0.0,2.0825,0.0,0.0,3
org_ofqewaou,2025-07-15,networking,2.1737,251.0,4.8523,0.0,0.0,0.0,3
org_ofqewaou,2025-07-15,storage,3.1568,105.0,5.495900000000001,0.0,0.0,0.0,3
org_ofqewaou,2025-07-16,analytics,25.985599999999998,376.0,0.0,0.0,0.0,0.0,3
org_ofqewaou,2025-07-17,analytics,8.116100000000001,110.0,3.0924,5.8451,0.0,0.0,3
org_ofqewaou,2025-07-17,networking,1.3289000000000002,118.0,4.1341,0.0,0.0,0.0,3
org_ofqewaou,2025-07-17,storage,1.8316999999999999,139.0,1.1264,7.1883,0.0,0.0,3
org_ofqewaou,2025-07-19,analytics,22.338,236.0,3.6761999999999997,14.2951,0.0,0.050794,6
org_ofqewaou,2025-07-19,networking,1.2858,120.0,0.0,0.1464,0.0,0.024029000000000002,3
org_ofqewaou,2025-07-19,storage,3.8353,245.0,0.0,4.4752,0.0,0.049895,3
org_ofqewaou,2025-07-20,analytics,9.9937,124.0,0.0,17.6748,0.0,0.028335,3
org_ofqewaou,2025-07-20,networking,2.6659,263.0,0.0,9.7632,0.0,0.054553000000000004,3
org_ofqewaou,2025-07-20,storage,3.6599,125.0,0.0,52.2933,0.0,0.035457999999999996,3
org_ofqewaou,2025-07-21,analytics,33.3002,462.0,2.9186,2.8308,0.0,0.09355000000000001,6
org_ofqewaou,2025-07-21,storage,3.1853000000000002,123.0,0.0,10.7387,0.0,0.026748,3
org_ofqewaou,2025-07-22,analytics,16.5641,239.0,2.4028,0.0,0.0,0.048281000000000004,3
org_ofqewaou,2025-07-22,networking,2.6417,258.0,1.2511,0.0,0.0,0.05185,3
org_ofqewaou,2025-07-22,storage,5.0309,242.0,0.0,21.5157,0.0,0.052703,3
org_ofqewaou,2025-07-23,analytics,19.130000000000003,238.0,2.9172,18.3639,0.0,0.051855000000000005,6
org_ofqewaou,2025-07-23,storage,6.9386,360.0,0.0,0.0,0.0,0.07200000000000001,3
org_ofqewaou,2025-07-24,analytics,10.7506,125.0,0.0,28.3474,0.0,0.030670000000000003,3
org_ofqewaou,2025-07-24,networking,0.8833,116.0,3.361,0.8621,0.0,0.024043999999999996,3
org_ofqewaou,2025-07-24,storage,4.7542,226.0,0.0,0.0,0.0,0.045200000000000004,3
org_ofqewaou,2025-07-25,analytics,41.897200000000005,549.0,0.7373,0.0,0.0,0.10994699999999999,6
org_ofqewaou,2025-07-25,storage,5.7278,255.0,0.0,35.504999999999995,0.0,0.05810100000000001,6
org_ofqewaou,2025-07-26,analytics,28.5439,369.0,0.0,50.4663,0.0,0.083893,6
org_ofqewaou,2025-07-26,storage,8.1993,383.0,1.7976,16.7922,0.0,0.080318,6
org_ofqewaou,2025-07-27,analytics,16.1664,237.0,0.0,15.0928,0.0,0.050419000000000005,3
org_ofqewaou,2025-07-28,analytics,23.052799999999998,376.0,0.0,0.0,0.0,0.07519999999999999,3
org_ofqewaou,2025-07-28,storage,5.456900000000001,225.0,2.5284,10.549,0.0,0.047616000000000006,6
org_ofqewaou,2025-07-29,analytics,2.3712999999999997,0.0,0.0,29.8584,0.0,0.005971,3
org_ofqewaou,2025-07-29,networking,0.9553999999999999,125.0,3.8655,8.3341,0.0,0.027440000000000003,3
org_ofqewaou,2025-07-29,storage,3.9414,226.0,0.0,0.0,0.0,0.045200000000000004,3
org_ofqewaou,2025-07-30,analytics,28.3848,362.0,0.0,28.8943,0.0,0.078178,5
org_ofqewaou,2025-07-30,networking,1.4059000000000001,128.0,0.8883,0.6076,0.0,0.025900000000000003,3
org_ofqewaou,2025-07-31,analytics,9.0725,115.0,6.7337,10.2219,0.0,0.026390999999999998,6
org_ofqewaou,2025-07-31,storage,0.7686,0.0,7.4206,27.296200000000002,0.0,0.006942,6
org_ofqewaou,2025-08-01,storage,10.037400000000002,505.0,2.7009,0.2985,0.0,0.1016,6
org_ofqewaou,2025-08-02,analytics,13.011800000000001,219.0,1.789,0.0,0.0,0.044158,3
org_ofqewaou,2025-08-03,analytics,12.156500000000001,132.0,8.297899999999998,16.9118,0.0,0.031443,6
org_ofqewaou,2025-08-03,storage,4.515,199.0,0.0,11.6688,0.0,0.042134000000000005,3
org_ofqewaou,2025-08-04,storage,4.7529,229.0,4.2646,14.7525,0.0,0.049603,6
org_ofqewaou,2025-08-05,analytics,31.752899999999997,444.0,3.3766,12.6877,0.0,0.092013,6
org_ofqewaou,2025-08-05,networking,1.8348000000000002,130.0,2.3302,36.7329,0.0,0.033813,3
org_ofqewaou,2025-08-05,storage,2.779,112.0,2.6316,9.9902,0.0,0.024924,3
org_ofqewaou,2025-08-06,analytics,15.2636,219.0,0.0,14.0592,0.0,0.046612,3
org_ofqewaou,2025-08-06,networking,1.3408,121.0,2.2927,4.6656,0.0,0.025592,3
org_ofqewaou,2025-08-06,storage,7.9761,381.0,0.5441,18.9094,0.0,0.080091,6
org_ofqewaou,2025-08-07,storage,2.7262,107.0,1.5254,20.5487,0.0,0.025814999999999998,3
org_ofqewaou,2025-08-08,analytics,19.9931,244.0,8.3136,12.8633,0.0,0.053035,6
org_ofqewaou,2025-08-08,networking,2.6871,240.0,0.0,8.5725,0.0,0.049715,3
org_ofqewaou,2025-08-08,storage,11.01,510.0,3.0871,0.0,0.0,0.102618,6
org_ofqewaou,2025-08-09,analytics,10.1313,120.0,2.8853,0.0,0.0,0.024577,3
org_ofqewaou,2025-08-09,storage,0.1328,0.0,6.651,1.0769,0.0,0.001545,3
org_ofqewaou,2025-08-10,storage,3.6587,217.0,0.6425,0.0,0.0,0.043529,3
org_ofqewaou,2025-08-11,analytics,43.2083,592.0,4.225,0.0,0.0,0.11924499999999999,6
org_ofqewaou,2025-08-11,networking,2.3631,247.0,0.0,3.1262,0.0,0.050025,3
org_ofqewaou,2025-08-11,storage,8.393099999999999,337.0,2.371,21.0199,0.0,0.072078,6
org_ofqewaou,2025-08-12,analytics,9.409199999999998,119.0,4.8572,15.0775,0.0,0.027787000000000003,3
org_ofqewaou,2025-08-12,networking,1.601,123.0,0.4292,1.2462,0.0,0.024935,3
org_ofqewaou,2025-08-13,analytics,0.7556,0.0,1.4475,8.5352,0.0,0.001996,3
org_ofqewaou,2025-08-13,storage,9.7208,474.0,0.9718,8.6798,0.0,0.09673,6
org_ofqewaou,2025-08-14,networking,0.2508,0.0,2.5061999999999998,22.9213,0.0,0.005086,3
org_ofqewaou,2025-08-14,storage,2.7767999999999997,124.0,5.0946,0.0,0.0,0.025819,3
org_ofqewaou,2025-08-15,analytics,0.3371,0.0,6.594899999999999,0.0,0.0,0.0013189999999999999,3
org_ofqewaou,2025-08-15,storage,6.089700000000001,247.0,3.1781,44.0664,0.0,0.058849,6
org_ofqewaou,2025-08-16,analytics,27.101100000000002,368.0,0.6265,14.6755,0.0,0.07666,6
org_ofqewaou,2025-08-16,networking,3.7892,361.0,0.0,0.0,0.0,0.0722,3
org_ofqewaou,2025-08-16,storage,8.232099999999999,384.0,0.0,8.2197,0.0,0.078444,6
org_ofqewaou,2025-08-17,analytics,36.5221,492.0,1.5532,12.0539,0.0,0.101122,6
org_ofqewaou,2025-08-17,networking,2.5314,232.0,2.5162,0.0,0.0,0.046903,3
org_ofqewaou,2025-08-17,storage,2.7561,108.0,0.9431,8.8713,0.0,0.023563,3
org_ofqewaou,2025-08-18,analytics,29.197900000000004,368.0,0.0,19.9478,0.0,0.07759,6
org_ofqewaou,2025-08-18,networking,2.639,263.0,2.7248,0.0,0.0,0.053145,3
org_ofqewaou,2025-08-18,storage,2.2214,97.0,1.2491,5.0797,0.0,0.020666,3
org_ofqewaou,2025-08-19,analytics,53.202799999999996,745.0,0.0,0.0,0.0,0.14900000000000002,6
org_ofqewaou,2025-08-19,networking,1.7802000000000002,229.0,0.0,11.8187,0.0,0.048164,3
org_ofqewaou,2025-08-19,storage,4.071,234.0,0.0,8.003,0.0,0.048401,3
org_ofqewaou,2025-08-20,analytics,35.3868,505.0,0.0,9.7295,0.0,0.102946,6
org_ofqewaou,2025-08-20,storage,2.7874,121.0,1.1997,34.101,0.0,0.031259999999999996,6
org_ofqewaou,2025-08-21,storage,0.31179999999999997,0.0,3.7732,14.88,0.0,0.003731,3
org_ofqewaou,2025-08-22,networking,1.1867,131.0,0.0,22.3129,0.0,0.030662000000000002,3
org_ofqewaou,2025-08-22,storage,4.9635,256.0,4.6773,0.0,0.0,0.052135,3
org_ofqewaou,2025-08-23,analytics,9.8672,124.0,0.0,0.2859,0.0,0.024857,3
org_ofqewaou,2025-08-23,networking,1.5006,132.0,1.1299,22.8357,0.0,0.031193000000000002,3
org_ofqewaou,2025-08-23,storage,3.3022,0.0,1.9788000000000001,0.0,0.0,3.95E-4,3
org_ofqewaou,2025-08-24,analytics,9.737299999999998,125.0,6.162100000000001,11.7799,0.0,0.028589000000000003,6
org_ofqewaou,2025-08-24,storage,0.38730000000000003,0.0,3.8311,14.7106,0.0,0.003709,3
org_ofqewaou,2025-08-26,analytics,16.4675,239.0,0.0,8.4003,0.0,0.04948,3
org_ofqewaou,2025-08-26,networking,0.0601,0.0,6.0748999999999995,0.0,0.0,0.001216,3
org_ofqewaou,2025-08-27,analytics,13.7189,231.0,0.2891,0.0,0.0,0.046258,3
org_ofqewaou,2025-08-27,storage,6.9929999999999986,330.0,4.4925,0.0,0.0,0.06689899999999999,6
org_ofqewaou,2025-08-28,analytics,9.237499999999999,126.0,0.7463,0.0,0.0,0.025349,3
org_ofqewaou,2025-08-28,networking,1.4301,124.0,1.8258,0.0,0.0,0.025165,3
org_ofqewaou,2025-08-28,storage,2.5443,121.0,2.7754,9.2042,0.0,0.026595999999999998,3
org_ofqewaou,2025-08-29,analytics,1.0437,0.0,2.2016,11.7065,0.0,0.002781,3
org_ofqewaou,2025-08-29,networking,2.604,233.0,0.0,9.2439,0.0,0.048449000000000006,3
org_ofqewaou,2025-08-29,storage,7.318099999999999,367.0,0.3871,0.0,0.0,0.073477,6
org_ofqewaou,2025-08-30,analytics,27.640499999999996,357.0,2.3021,41.231899999999996,0.0,0.08010599999999998,6
org_ofqewaou,2025-08-30,networking,1.0721999999999998,113.0,0.0,2.3873,0.0,0.023077,3
org_ofqewaou,2025-08-30,storage,5.4095,267.0,4.8223,33.0772,0.0,0.060980999999999994,6
org_ofqewaou,2025-08-31,networking,1.0457,123.0,4.9082,0.0,0.0,0.025582,3
org_ofqewaou,2025-08-31,storage,8.2877,438.0,1.9949,6.3064,0.0,0.08925999999999999,6
org_ohp6vz41,2025-07-03,database,5.3094,102.0,4.6076999999999995,0.0,0.0,0.0,3
org_ohp6vz41,2025-07-06,database,11.273599999999998,219.0,0.0,14.0322,0.0,0.0,3
org_ohp6vz41,2025-07-07,database,0.8775000000000001,0.0,4.4649,10.2118,0.0,0.0,3
org_ohp6vz41,2025-07-08,database,11.307500000000001,214.0,0.0,0.0,0.0,0.0,3
org_ohp6vz41,2025-07-09,database,11.2029,235.0,3.9157,0.0,0.0,0.0,3
org_ohp6vz41,2025-07-11,database,10.5888,214.0,0.0,0.0,0.0,0.0,3
org_ohp6vz41,2025-07-12,database,12.466000000000001,228.0,0.0,5.1543,0.0,0.0,3
org_ohp6vz41,2025-07-13,database,5.0013000000000005,92.0,1.4562,14.1529,0.0,0.0,3
org_ohp6vz41,2025-07-14,database,11.863599999999998,229.0,3.4434,0.0,0.0,0.0,3
org_ohp6vz41,2025-07-16,database,9.1773,128.0,2.2155,12.5893,0.0,0.0,3
org_ohp6vz41,2025-07-17,database,6.2585,119.0,1.1939,22.2308,0.0,0.0,3
org_ohp6vz41,2025-07-18,database,0.0,0.0,0.0,0.0,0.0,0.0,3
org_ohp6vz41,2025-07-19,database,11.666500000000001,242.0,2.9396,0.0,0.0,0.048988,3
org_ohp6vz41,2025-07-21,database,11.9303,225.0,0.0,17.6019,0.0,0.04852,3
org_ohp6vz41,2025-07-24,database,11.851600000000001,235.0,1.1176,0.0,0.0,0.047224,3
org_ohp6vz41,2025-07-26,database,5.754900000000001,111.0,1.5736,6.2486,0.0,0.023765,3
org_ohp6vz41,2025-07-27,database,0.6825,0.0,5.1006,9.4464,0.0,0.002909,3
org_ohp6vz41,2025-07-29,database,12.8686,243.0,0.0,0.0,0.0,0.048600000000000004,3
org_ohp6vz41,2025-07-30,database,12.3034,232.0,2.1489,0.0,0.0,0.04683,3
org_ohp6vz41,2025-08-02,database,7.4367,131.0,0.0,5.104,0.0,0.027221000000000002,3
org_ohp6vz41,2025-08-03,database,13.905899999999999,116.0,4.5927,0.0,0.0,0.024118999999999998,3
org_ohp6vz41,2025-08-06,database,15.104099999999999,243.0,2.0059,0.0,0.0,0.049001,3
org_ohp6vz41,2025-08-07,database,0.34299999999999997,0.0,7.4338,0.0,0.0,0.001487,3
org_ohp6vz41,2025-08-10,database,5.4274000000000004,100.0,2.5529,7.4675,0.0,0.022005,3
org_ohp6vz41,2025-08-12,database,20.9147,407.0,0.0,0.0,0.0,0.0814,3
org_ohp6vz41,2025-08-13,database,4.5233,134.0,4.1408,0.0,0.0,0.027628,3
org_ohp6vz41,2025-08-15,database,12.712399999999999,256.0,3.2199,0.0,0.0,0.051843999999999994,3
org_ohp6vz41,2025-08-17,database,1.3526000000000002,0.0,4.8163,20.8904,0.0,0.005141000000000001,3
org_ohp6vz41,2025-08-18,database,1.77,0.0,0.8234,35.1256,0.0,0.00719,3
org_ohp6vz41,2025-08-20,database,6.0568,105.0,1.5068,8.5999,0.0,0.023021,3
org_ohp6vz41,2025-08-21,database,10.191099999999999,241.0,0.0,7.6411,0.0,0.049728,3
org_ohp6vz41,2025-08-22,database,0.9026,0.0,5.629899999999999,12.9028,0.0,0.003706,3
org_ohp6vz41,2025-08-23,database,15.585,258.0,0.0,0.0,0.0,0.0516,3
org_ohp6vz41,2025-08-24,database,0.9218999999999999,0.0,2.3901,15.1248,0.0,0.003503,3
org_ohp6vz41,2025-08-25,database,6.814900000000001,119.0,0.4152,10.4719,0.0,0.025977,3
org_ohp6vz41,2025-08-27,database,6.052099999999999,104.0,5.4845,10.4021,0.0,0.023977,3
org_ohp6vz41,2025-08-28,database,7.6242,131.0,2.4424,11.4277,0.0,0.028974,3
org_ohp6vz41,2025-08-29,database,6.755,113.0,0.0,6.8041,0.0,0.023961,3
org_ohp6vz41,2025-08-30,database,12.260299999999999,241.0,3.1571,0.0,0.0,0.048831,3
org_okep7y6w,2025-07-03,compute,202.646,108.0,0.0,5.0556,0.0,0.0,3
org_okep7y6w,2025-07-03,genai,0.6456999999999999,0.0,7.0989,0.0,0.0,0.0,3
org_okep7y6w,2025-07-03,networking,2.3810000000000002,230.0,0.0,5.5184,0.0,0.0,3
org_okep7y6w,2025-07-03,storage,3.9504,233.0,2.5985,0.0,0.0,0.0,3
org_okep7y6w,2025-07-04,database,1.1923,0.0,0.0,21.8154,0.0,0.0,3
org_okep7y6w,2025-07-04,genai,21.8026,116.0,0.0,38.0941,0.0,0.0,3
org_okep7y6w,2025-07-04,networking,1.6172,123.0,5.8873,23.9212,0.0,0.0,6
org_okep7y6w,2025-07-04,storage,2.3808000000000002,110.0,4.2829999999999995,27.038000000000004,0.0,0.0,6
org_okep7y6w,2025-07-05,database,13.6746,246.0,0.0,0.0563,0.0,0.0,3
org_okep7y6w,2025-07-05,genai,46.1866,376.0,0.0,0.0,0.0,0.0,3
org_okep7y6w,2025-07-05,networking,4.8944,480.0,5.0573,0.0,0.0,0.0,6
org_okep7y6w,2025-07-05,storage,3.085,124.0,3.4245,56.037699999999994,0.0,0.0,6
org_okep7y6w,2025-07-06,genai,5.434699999999999,0.0,1.3911,38.8239,0.0,0.0,3
org_okep7y6w,2025-07-06,networking,1.077,116.0,3.8415,15.5553,0.0,0.0,3
org_okep7y6w,2025-07-06,storage,16.281399999999998,760.0,0.6489,28.8371,0.0,0.0,9
org_okep7y6w,2025-07-07,database,7.4017,127.0,2.8674,9.3068,0.0,0.0,3
org_okep7y6w,2025-07-07,genai,16.1743,136.0,2.7656,13.8805,0.0,0.0,3
org_okep7y6w,2025-07-07,networking,4.5163,367.0,3.5647,12.2605,0.0,0.0,6
org_okep7y6w,2025-07-07,storage,3.7217,0.0,3.9054,6.7816,0.0,0.0,3
org_okep7y6w,2025-07-08,compute,1.7308000000000001,0.0,1.3304,20.170299999999997,0.0,0.0,3
org_okep7y6w,2025-07-08,genai,16.1363,113.0,3.5888,0.0,0.0,0.0,3
org_okep7y6w,2025-07-08,networking,1.1171,118.0,0.0,6.9075,0.0,0.0,3
org_okep7y6w,2025-07-08,storage,4.6983,251.0,1.2303,0.0,0.0,0.0,3
org_okep7y6w,2025-07-09,compute,25.861600000000003,349.0,0.0,0.0,0.0,0.0,3
org_okep7y6w,2025-07-09,genai,43.3966,373.0,0.0,0.0,0.0,0.0,3
org_okep7y6w,2025-07-09,networking,3.1889000000000003,256.0,0.0,0.0,0.0,0.0,3
org_okep7y6w,2025-07-09,storage,2.0489,110.0,1.2459,7.7755,0.0,0.0,3
org_okep7y6w,2025-07-10,genai,11.303700000000001,92.0,1.7972,10.9536,0.0,0.0,3
org_okep7y6w,2025-07-10,networking,1.2303,108.0,0.0,10.2215,0.0,0.0,3
org_okep7y6w,2025-07-10,storage,7.662799999999999,346.0,4.4293,24.040300000000002,0.0,0.0,9
org_okep7y6w,2025-07-11,compute,19.4836,237.0,2.59,0.0,0.0,0.0,3
org_okep7y6w,2025-07-11,networking,1.4385999999999999,123.0,0.0,5.2383,0.0,0.0,3
org_okep7y6w,2025-07-11,storage,10.7146,463.0,4.6114,8.0179,0.0,0.0,9
org_okep7y6w,2025-07-12,compute,10.9976,117.0,5.2524,0.0,0.0,0.0,3
org_okep7y6w,2025-07-12,database,8.1056,126.0,0.0,19.141199999999998,0.0,0.0,3
org_okep7y6w,2025-07-12,genai,12.6069,105.0,5.6881,0.0,0.0,0.0,3
org_okep7y6w,2025-07-12,networking,4.8092,495.0,0.0,22.8639,0.0,0.0,6
org_okep7y6w,2025-07-12,storage,2.0478,124.0,0.0,11.6368,0.0,0.0,3
org_okep7y6w,2025-07-13,database,5.5977,120.0,0.4226,9.1064,0.0,0.0,3
org_okep7y6w,2025-07-13,networking,0.1491,0.0,5.3923000000000005,9.9247,0.0,0.0,3
org_okep7y6w,2025-07-13,storage,6.7178,346.0,0.9197,22.2716,0.0,0.0,6
org_okep7y6w,2025-07-14,compute,11.2716,140.0,0.9435,2.5116,0.0,0.0,3
org_okep7y6w,2025-07-14,database,5.9172,137.0,4.4494,0.0,0.0,0.0,3
org_okep7y6w,2025-07-14,networking,3.477,374.0,0.0,0.0,0.0,0.0,3
org_okep7y6w,2025-07-14,storage,5.767600000000001,243.0,2.1553,0.0,0.0,0.0,3
org_okep7y6w,2025-07-15,compute,13.2568,135.0,6.3725,15.9087,0.0,0.0,3
org_okep7y6w,2025-07-15,database,6.6958,132.0,3.9132999999999996,0.0,0.0,0.0,3
org_okep7y6w,2025-07-15,networking,4.1327,379.0,0.5219,12.4714,0.0,0.0,6
org_okep7y6w,2025-07-15,storage,11.520999999999999,496.0,0.0,10.6129,0.0,0.0,6
org_okep7y6w,2025-07-16,compute,19.9598,241.0,2.5865,0.0,0.0,0.0,3
org_okep7y6w,2025-07-16,database,7.982799999999999,136.0,0.0,6.0766,0.0,0.0,3
org_okep7y6w,2025-07-16,networking,4.6302,338.0,0.0,0.0,0.0,0.0,6
org_okep7y6w,2025-07-16,storage,5.300800000000001,225.0,4.5228,19.3019,0.0,0.0,6
org_okep7y6w,2025-07-17,genai,20.633599999999998,126.0,1.6985,26.9518,0.0,0.0,3
org_okep7y6w,2025-07-17,networking,1.0032,111.0,5.1518,0.0,0.0,0.0,3
org_okep7y6w,2025-07-17,storage,9.7061,448.0,5.6233,32.994,0.0,0.0,9
org_okep7y6w,2025-07-18,compute,26.612,333.0,0.0,0.0,0.0,0.06659999999999999,3
org_okep7y6w,2025-07-18,database,12.2909,218.0,0.0,22.4671,0.0,0.048093,3
org_okep7y6w,2025-07-18,networking,2.2261,242.0,2.4918,0.0,0.0,0.048898,3
org_okep7y6w,2025-07-18,storage,0.2736,0.0,3.6802,7.5155,0.0,0.002239,3
org_okep7y6w,2025-07-19,database,11.3463,219.0,0.0,12.9936,0.0,0.046398999999999996,3
org_okep7y6w,2025-07-19,genai,19.8166,111.0,4.7265,8.3783,3288.0,0.024821000000000003,3
org_okep7y6w,2025-07-19,networking,4.1758,364.0,2.2483,9.7293,0.0,0.075196,6
org_okep7y6w,2025-07-19,storage,5.939500000000001,274.0,0.0,21.5635,0.0,0.059113,3
org_okep7y6w,2025-07-20,genai,26.625400000000003,242.0,0.0,8.4812,1984.0,0.050096,3
org_okep7y6w,2025-07-20,storage,8.6952,362.0,0.8752,16.9224,0.0,0.07596,9
org_okep7y6w,2025-07-21,compute,0.4295,0.0,5.6135,0.0,0.0,0.001123,3
org_okep7y6w,2025-07-21,networking,4.4332,453.0,5.092499999999999,0.0,0.0,0.091618,6
org_okep7y6w,2025-07-21,storage,11.7857,595.0,0.6455,25.2854,0.0,0.12418599999999999,9
org_okep7y6w,2025-07-22,compute,10.6326,110.0,0.0,19.5639,0.0,0.025913,3
org_okep7y6w,2025-07-22,database,6.7326,124.0,1.763,23.5211,0.0,0.029856999999999998,3
org_okep7y6w,2025-07-22,genai,4.3785,0.0,3.509,30.198,3047.0,0.0067410000000000005,3
org_okep7y6w,2025-07-22,networking,0.292,0.0,0.0,27.945,0.0,0.005589,3
org_okep7y6w,2025-07-22,storage,11.7367,579.0,0.0,11.7173,0.0,0.118143,6
org_okep7y6w,2025-07-23,genai,17.0701,125.0,5.6024,6.9451,3351.0,0.027509000000000002,3
org_okep7y6w,2025-07-23,networking,3.1928,370.0,2.763,10.6337,0.0,0.07668,6
org_okep7y6w,2025-07-23,storage,6.1584,256.0,1.9018,67.9472,0.0,0.06516999999999999,9
org_okep7y6w,2025-07-24,compute,10.8326,112.0,0.7866,8.5288,0.0,0.024263,3
org_okep7y6w,2025-07-24,genai,0.24180000000000001,0.0,1.7057,0.7038,2337.0,4.82E-4,3
org_okep7y6w,2025-07-24,networking,1.6434,131.0,8.8762,12.462,0.0,0.030468,6
org_okep7y6w,2025-07-24,storage,4.1147,211.0,1.0011,0.0,0.0,0.04239999999999999,3
org_okep7y6w,2025-07-25,compute,11.5487,136.0,2.0107,20.3752,0.0,0.031677,3
org_okep7y6w,2025-07-25,database,0.3314,0.0,0.0,5.6593,0.0,0.001132,3
org_okep7y6w,2025-07-25,genai,10.804799999999998,90.0,3.2891,0.0,2363.0,0.018657,3
org_okep7y6w,2025-07-25,networking,1.8567,137.0,0.0,7.8989,0.0,0.028980000000000002,3
org_okep7y6w,2025-07-25,storage,6.781700000000001,235.0,0.0,71.6383,0.0,0.061328,6
org_okep7y6w,2025-07-26,compute,10.2068,111.0,0.0,21.4011,0.0,0.02648,3
org_okep7y6w,2025-07-26,genai,50.4924,371.0,0.0,0.0,2927.0,0.0742,3
org_okep7y6w,2025-07-26,storage,0.1164,0.0,3.0953,4.0565,0.0,0.0014299999999999998,3
org_okep7y6w,2025-07-27,compute,11.014600000000002,0.0,0.0,20.7745,0.0,0.004155,3
org_okep7y6w,2025-07-27,database,8.2933,121.0,0.0,20.1067,0.0,0.028221,3
org_okep7y6w,2025-07-27,networking,1.3717000000000001,104.0,0.0,39.4643,0.0,0.028692,6
org_okep7y6w,2025-07-27,storage,4.2984,132.0,0.8651,48.1814,0.0,0.036209000000000005,6
org_okep7y6w,2025-07-28,networking,0.371,0.0,0.0,33.0158,0.0,0.0066029999999999995,3
org_okep7y6w,2025-07-29,database,12.6102,222.0,0.0,9.6904,0.0,0.046338000000000004,3
org_okep7y6w,2025-07-29,genai,34.1697,255.0,0.0,18.4101,3393.0,0.054682,3
org_okep7y6w,2025-07-29,storage,0.2781,0.0,3.7025,9.586500000000001,0.0,0.002658,3
org_okep7y6w,2025-07-30,compute,12.7539,115.0,0.0,22.617,0.0,0.027524,3
org_okep7y6w,2025-07-30,database,8.4626,123.0,0.0,28.9015,0.0,0.03038,3
org_okep7y6w,2025-07-30,genai,29.241300000000003,255.0,0.0,10.5449,1275.0,0.053109,3
org_okep7y6w,2025-07-30,networking,6.557,587.0,0.2118,0.0,0.0,0.117442,6
org_okep7y6w,2025-07-30,storage,10.4459,463.0,1.4586,19.0944,0.0,0.096711,6
org_okep7y6w,2025-07-31,compute,10.1277,116.0,2.062,26.5987,0.0,0.028932,3
org_okep7y6w,2025-07-31,database,2.4322,0.0,0.0,48.977399999999996,0.0,0.009796,3
org_okep7y6w,2025-07-31,networking,0.2662,0.0,5.2603,21.846,0.0,0.0054210000000000005,6
org_okep7y6w,2025-07-31,storage,11.1905,564.0,2.6962,42.1189,0.0,0.121762,9
org_okep7y6w,2025-08-01,compute,0.4156000000000001,0.0,3.7134,0.0,0.0,7.43E-4,3
org_okep7y6w,2025-08-01,database,0.4115,0.0,8.1402,0.0,0.0,0.0016270000000000002,3
org_okep7y6w,2025-08-01,genai,41.4889,271.0,0.0752,0.0,2500.0,0.054215,3
org_okep7y6w,2025-08-01,storage,0.7,0.0,2.0979,33.1292,0.0,0.007046,3
org_okep7y6w,2025-08-02,compute,18.6802,247.0,3.6294,0.0,0.0,0.050126000000000004,3
org_okep7y6w,2025-08-02,networking,2.3992,246.0,0.0,2.3943,0.0,0.049679,3
org_okep7y6w,2025-08-02,storage,4.8782,247.0,0.0,0.0,0.0,0.0494,3
org_okep7y6w,2025-08-03,compute,8.5327,118.0,1.7223,0.0,0.0,0.023944,3
org_okep7y6w,2025-08-03,networking,3.5354000000000005,340.0,0.0,0.0,0.0,0.06799999999999999,6
org_okep7y6w,2025-08-03,storage,6.6122,339.0,4.2324,2.8697,0.0,0.069221,6
org_okep7y6w,2025-08-04,compute,11.7858,140.0,4.3822,0.0,0.0,0.028876,3
org_okep7y6w,2025-08-04,database,11.357099999999999,107.0,0.0,19.7738,0.0,0.025355,3
org_okep7y6w,2025-08-04,genai,0.124,0.0,0.6301,0.3302,2476.0,1.92E-4,3
org_okep7y6w,2025-08-04,networking,1.4563000000000001,124.0,3.0192,4.4657,0.0,0.026297,3
org_okep7y6w,2025-08-05,genai,36.423300000000005,248.0,3.2524,0.0,1730.0,0.050249999999999996,3
org_okep7y6w,2025-08-05,networking,18.6546,219.0,0.0,0.0,0.0,0.0438,3
org_okep7y6w,2025-08-05,storage,2.8949999999999996,122.0,0.0,19.0286,0.0,0.028206000000000002,3
org_okep7y6w,2025-08-06,compute,11.8077,121.0,1.8938,9.1846,0.0,0.026416,3
org_okep7y6w,2025-08-06,database,6.0661,129.0,3.0828,19.7281,0.0,0.030363,3
org_okep7y6w,2025-08-06,genai,10.635699999999998,111.0,6.9971,2.1492,1565.0,0.024029000000000002,3
org_okep7y6w,2025-08-06,networking,0.3809,0.0,0.0,38.9097,0.0,0.007782000000000001,3
org_okep7y6w,2025-08-06,storage,2.8427000000000002,0.0,2.0133,16.3927,0.0,0.003682,3
org_okep7y6w,2025-08-07,compute,191.8968,212.0,4.2643,0.0,0.0,0.043253,3
org_okep7y6w,2025-08-07,networking,3.8985000000000003,378.0,0.0,4.8802,0.0,0.07657599999999999,6
org_okep7y6w,2025-08-07,storage,8.264899999999999,345.0,3.9816,24.867800000000003,0.0,0.07477,9
org_okep7y6w,2025-08-08,compute,10.0986,114.0,3.0685,7.7231,0.0,0.024959000000000002,3
org_okep7y6w,2025-08-08,genai,29.796599999999998,216.0,0.0,11.9945,2841.0,0.045599,3
org_okep7y6w,2025-08-08,networking,1.2256,0.0,0.0,6.6764,0.0,0.001335,3
org_okep7y6w,2025-08-08,storage,12.663700000000002,587.0,0.0,53.0707,0.0,0.12801400000000002,9
org_okep7y6w,2025-08-09,compute,0.5702,0.0,2.8253,5.9513,0.0,0.001755,3
org_okep7y6w,2025-08-09,genai,17.8318,123.0,1.3117,11.1324,1356.0,0.027087999999999997,3
org_okep7y6w,2025-08-09,storage,16.142500000000002,604.0,0.0,58.3079,0.0,0.132462,9
org_okep7y6w,2025-08-10,genai,18.2838,129.0,0.0,0.0,2911.0,0.0258,3
org_okep7y6w,2025-08-10,networking,3.5208,307.0,0.0,50.8121,0.0,0.071562,6
org_okep7y6w,2025-08-10,storage,0.8228,0.0,9.929300000000001,30.8783,0.0,0.008161999999999999,6
org_okep7y6w,2025-08-11,compute,22.7053,245.0,3.3033,0.0,0.0,0.049661,3
org_okep7y6w,2025-08-11,database,18.6475,326.0,0.0,0.0,0.0,0.06520000000000001,3
org_okep7y6w,2025-08-11,genai,27.4966,236.0,0.9322,0.0,2672.0,0.047386,3
org_okep7y6w,2025-08-11,networking,3.913,353.0,0.6139,6.3937,0.0,0.072002,6
org_okep7y6w,2025-08-11,storage,5.7951,271.0,0.0,8.5054,0.0,0.055901,3
org_okep7y6w,2025-08-12,compute,25.6237,275.0,1.4579,0.0,0.0,0.055292,3
org_okep7y6w,2025-08-12,database,7.6155,126.0,0.0,19.9895,0.0,0.029198,3
org_okep7y6w,2025-08-12,genai,25.6406,249.0,4.2505,0.0,2955.0,0.050649999999999994,3
org_okep7y6w,2025-08-12,networking,2.5408999999999997,228.0,0.0,2.4811,0.0,0.046096,3
org_okep7y6w,2025-08-12,storage,6.4094,398.0,1.6363,12.5046,0.0,0.082428,6
org_okep7y6w,2025-08-13,database,2.4355,0.0,1.3388,47.5847,0.0,0.009785,3
org_okep7y6w,2025-08-13,networking,2.0659,223.0,7.2987,0.0,0.0,0.04606,6
org_okep7y6w,2025-08-13,storage,4.5022,122.0,0.0,5.0893,0.0,0.025418000000000003,3
org_okep7y6w,2025-08-14,compute,7.9507,109.0,0.0,16.2548,0.0,0.025051,3
org_okep7y6w,2025-08-14,database,7.2374,127.0,0.0,9.1412,0.0,0.027228,3
org_okep7y6w,2025-08-14,networking,0.195,0.0,1.232,17.2479,0.0,0.003695,3
org_okep7y6w,2025-08-14,storage,8.5556,381.0,2.4138,41.8459,0.0,0.085052,6
org_okep7y6w,2025-08-15,database,12.2425,97.0,0.0,13.0313,0.0,0.022006,3
org_okep7y6w,2025-08-15,genai,31.718600000000002,239.0,0.0,13.7445,2430.0,0.050549,3
org_okep7y6w,2025-08-15,networking,2.5374,251.0,0.0,13.6573,0.0,0.052931,3
org_okep7y6w,2025-08-15,storage,7.441999999999999,345.0,0.0,0.0,0.0,0.069,3
org_okep7y6w,2025-08-16,compute,8.3951,105.0,0.0,5.7796,0.0,0.022155,3
org_okep7y6w,2025-08-16,database,0.5054,0.0,0.8312,11.0616,0.0,0.002378,3
org_okep7y6w,2025-08-16,networking,1.9757000000000002,121.0,0.0,71.5757,0.0,0.038516,6
org_okep7y6w,2025-08-16,storage,0.16149999999999998,0.0,0.36,9.6725,0.0,0.002007,3
org_okep7y6w,2025-08-17,compute,11.142600000000002,126.0,0.0,29.113799999999998,0.0,0.031022,3
org_okep7y6w,2025-08-17,genai,14.949800000000002,122.0,0.0,6.9863,1652.0,0.025798,3
org_okep7y6w,2025-08-17,networking,2.5242,243.0,0.0,9.7678,0.0,0.050553999999999995,3
org_okep7y6w,2025-08-17,storage,3.8006999999999995,121.0,3.5243,62.0624,0.0,0.037318,9
org_okep7y6w,2025-08-18,database,21.3281,390.0,0.0,0.0,0.0,0.078,3
org_okep7y6w,2025-08-18,genai,30.213099999999997,232.0,0.0,16.0338,1715.0,0.049607,3
org_okep7y6w,2025-08-18,networking,1.6830999999999998,128.0,3.0677000000000003,48.8007,0.0,0.035973000000000005,6
org_okep7y6w,2025-08-18,storage,9.9977,487.0,0.0,0.0,0.0,0.0974,5
org_okep7y6w,2025-08-19,compute,1.6076000000000001,0.0,0.0,18.235599999999998,0.0,0.003647,3
org_okep7y6w,2025-08-19,genai,33.2637,257.0,0.0,10.1428,2340.0,0.053429000000000004,3
org_okep7y6w,2025-08-19,networking,0.36,0.0,0.0906,41.749,0.0,0.008368,3
org_okep7y6w,2025-08-20,genai,18.8935,131.0,2.5081,4.7287,3508.0,0.027648,3
org_okep7y6w,2025-08-20,networking,0.1602,0.0,1.4821,15.3703,0.0,0.0033699999999999997,3
org_okep7y6w,2025-08-20,storage,6.8408,339.0,2.3186,15.5961,0.0,0.071383,6
org_okep7y6w,2025-08-21,compute,7.1987,121.0,2.8691,0.0,0.0,0.024774,2
org_okep7y6w,2025-08-21,genai,31.083,241.0,0.0,0.0,2506.0,0.0482,3
org_okep7y6w,2025-08-21,storage,10.009699999999999,502.0,3.3164,8.8104,0.0,0.102825,9
org_okep7y6w,2025-08-22,compute,0.5889,0.0,8.077499999999999,0.0,0.0,0.001616,3
org_okep7y6w,2025-08-22,database,0.3384,0.0,0.0,7.6345,0.0,0.001527,3
org_okep7y6w,2025-08-22,genai,35.4644,256.0,0.0,0.0,2804.0,0.051199999999999996,3
org_okep7y6w,2025-08-22,networking,1.6598,132.0,0.0,19.3629,0.0,0.030273,3
org_okep7y6w,2025-08-22,storage,15.1985,715.0,0.0434,3.1208,0.0,0.143633,9
org_okep7y6w,2025-08-23,compute,15.8334,250.0,0.0,0.0,0.0,0.05,3
org_okep7y6w,2025-08-23,database,4.5603,118.0,5.3255,0.0,0.0,0.024665,3
org_okep7y6w,2025-08-23,networking,2.1511,250.0,0.0,8.8514,0.0,0.051770000000000004,3
org_okep7y6w,2025-08-23,storage,3.3204000000000002,107.0,2.7126,16.4171,0.0,0.025226,3
org_okep7y6w,2025-08-24,compute,10.1592,129.0,0.867,6.5477,0.0,0.027283,3
org_okep7y6w,2025-08-24,database,12.613299999999999,233.0,0.0,10.3502,0.0,0.048670000000000005,3
org_okep7y6w,2025-08-24,genai,27.079500000000003,242.0,0.0,6.0388,2446.0,0.049608,3
org_okep7y6w,2025-08-24,networking,1.3189,131.0,2.3385,10.9508,0.0,0.028858,3
org_okep7y6w,2025-08-24,storage,9.1099,445.0,4.2302,22.735,0.0,0.094393,9
org_okep7y6w,2025-08-25,compute,17.2977,236.0,0.4204,0.0,0.0,0.047284,3
org_okep7y6w,2025-08-25,database,26.0971,231.0,0.0,18.0601,0.0,0.049811999999999995,3
org_okep7y6w,2025-08-25,networking,4.187,344.0,1.0034,19.0869,0.0,0.072818,6
org_okep7y6w,2025-08-25,storage,11.9504,565.0,0.0,17.0162,0.0,0.116403,6
org_okep7y6w,2025-08-26,database,0.499,0.0,0.0,8.9401,0.0,0.001788,3
org_okep7y6w,2025-08-26,networking,5.9245,622.0,0.0,4.0058,0.0,0.125201,6
org_okep7y6w,2025-08-26,storage,3.0005,122.0,0.0,9.6548,0.0,0.026331,3
org_okep7y6w,2025-08-27,compute,12.551,122.0,4.6247,10.9132,0.0,0.027508,3
org_okep7y6w,2025-08-27,database,7.384399999999999,111.0,0.2888,14.2485,0.0,0.025108000000000002,3
org_okep7y6w,2025-08-27,genai,16.0198,109.0,2.4305,15.2263,1760.0,0.025331,3
org_okep7y6w,2025-08-27,networking,3.8784,373.0,0.0,0.0,0.0,0.0746,3
org_okep7y6w,2025-08-27,storage,14.397499999999999,583.0,2.5224,36.8053,0.0,0.12446499999999999,9
org_okep7y6w,2025-08-28,compute,11.131400000000001,130.0,1.2487,6.7132,0.0,0.027593,3
org_okep7y6w,2025-08-28,genai,18.7061,136.0,0.0,25.476,1468.0,0.032296,3
org_okep7y6w,2025-08-28,networking,2.4474,205.0,0.0,0.0,0.0,0.040999999999999995,3
org_okep7y6w,2025-08-28,storage,8.6949,476.0,8.7779,12.9872,0.0,0.099553,9
org_okep7y6w,2025-08-29,database,12.0077,256.0,0.0,5.9359,0.0,0.052387,3
org_okep7y6w,2025-08-29,genai,0.29390000000000005,0.0,2.399,0.2115,2932.0,5.22E-4,3
org_okep7y6w,2025-08-29,networking,4.193700000000001,350.0,3.2294,11.7841,0.0,0.073002,6
org_okep7y6w,2025-08-29,storage,7.3535,362.0,5.424,8.1048,0.0,0.075105,6
org_okep7y6w,2025-08-30,genai,0.0097,0.0,0.0837,0.0,3726.0,1.7E-5,3
org_okep7y6w,2025-08-30,networking,2.1751,218.0,0.6937,0.0,0.0,0.043739,3
org_okep7y6w,2025-08-30,storage,12.9981,609.0,0.0,0.0,0.0,0.1218,6
org_okep7y6w,2025-08-31,compute,11.8961,110.0,0.0,21.9255,0.0,0.026385,3
org_okep7y6w,2025-08-31,database,6.0518,126.0,1.6157,0.0,0.0,0.025523,3
org_okep7y6w,2025-08-31,networking,1.7135,152.0,6.0672999999999995,0.0,0.0,0.031613,3
org_okep7y6w,2025-08-31,storage,5.144499999999999,219.0,0.7472,50.5024,0.0,0.05404900000000001,6
org_om5igqpk,2025-07-03,analytics,17.186600000000002,231.0,10.336200000000002,0.0,0.0,0.0,6
org_om5igqpk,2025-07-03,compute,0.7792,0.0,4.8713999999999995,4.566,0.0,0.0,3
org_om5igqpk,2025-07-03,genai,40.20910000000001,349.0,0.0,0.0,0.0,0.0,3
org_om5igqpk,2025-07-04,analytics,11.5218,132.0,0.8571,16.2471,0.0,0.0,3
org_om5igqpk,2025-07-04,compute,8.075,115.0,6.049799999999999,21.4727,0.0,0.0,6
org_om5igqpk,2025-07-05,analytics,1.0235,0.0,6.702999999999999,10.7594,0.0,0.0,3
org_om5igqpk,2025-07-05,compute,15.742,234.0,1.5012,0.0,0.0,0.0,3
org_om5igqpk,2025-07-05,genai,17.3683,121.0,2.2988,4.0068,0.0,0.0,3
org_om5igqpk,2025-07-06,analytics,15.000499999999999,222.0,1.0529,0.0,0.0,0.0,3
org_om5igqpk,2025-07-06,compute,18.5536,218.0,0.9903,13.9084,0.0,0.0,6
org_om5igqpk,2025-07-06,genai,12.4296,108.0,3.9930000000000003,0.0,0.0,0.0,3
org_om5igqpk,2025-07-07,analytics,9.8668,127.0,0.0,17.5141,0.0,0.0,3
org_om5igqpk,2025-07-07,compute,9.3501,115.0,4.8658,0.0,0.0,0.0,3
org_om5igqpk,2025-07-07,genai,33.2681,113.0,2.832,0.0,0.0,0.0,3
org_om5igqpk,2025-07-08,analytics,9.029599999999999,119.0,0.3884,12.6464,0.0,0.0,3
org_om5igqpk,2025-07-08,compute,23.012,249.0,0.0,13.9326,0.0,0.0,3
org_om5igqpk,2025-07-09,analytics,10.1548,145.0,0.6836,23.1821,0.0,0.0,5
org_om5igqpk,2025-07-09,compute,0.9679,0.0,0.0,11.9924,0.0,0.0,3
org_om5igqpk,2025-07-09,genai,13.7429,0.0,0.9449,11.7713,0.0,0.0,3
org_om5igqpk,2025-07-10,analytics,39.4653,471.0,0.0,7.001,0.0,0.0,6
org_om5igqpk,2025-07-10,compute,21.340600000000002,252.0,2.905,0.0,0.0,0.0,3
org_om5igqpk,2025-07-10,genai,2.489,0.0,3.3538,18.644,0.0,0.0,3
org_om5igqpk,2025-07-11,analytics,16.9803,246.0,0.0,6.8052,0.0,0.0,3
org_om5igqpk,2025-07-11,compute,12.997,106.0,0.0,49.5975,0.0,0.0,3
org_om5igqpk,2025-07-11,genai,17.8207,119.0,4.3965,0.0,0.0,0.0,3
org_om5igqpk,2025-07-12,analytics,16.692500000000003,236.0,4.6993,13.7835,0.0,0.0,6
org_om5igqpk,2025-07-12,compute,10.5576,124.0,5.7203,0.0,0.0,0.0,3
org_om5igqpk,2025-07-12,genai,13.585500000000001,118.0,1.5591,8.2517,0.0,0.0,3
org_om5igqpk,2025-07-13,analytics,12.7173,125.0,0.0,13.9672,0.0,0.0,3
org_om5igqpk,2025-07-13,compute,22.2575,252.0,3.9642999999999997,24.1997,0.0,0.0,6
org_om5igqpk,2025-07-13,genai,43.2115,365.0,0.0,0.0,0.0,0.0,3
org_om5igqpk,2025-07-14,analytics,37.6288,540.0,0.89,12.4504,0.0,0.0,6
org_om5igqpk,2025-07-14,genai,31.383200000000002,259.0,0.0,0.0,0.0,0.0,3
org_om5igqpk,2025-07-15,analytics,27.630200000000002,341.0,1.4212,11.4199,0.0,0.0,6
org_om5igqpk,2025-07-15,compute,13.107,112.0,4.4372,35.7535,0.0,0.0,6
org_om5igqpk,2025-07-15,genai,16.2145,96.0,3.3204,3.797,0.0,0.0,3
org_om5igqpk,2025-07-16,analytics,16.3645,234.0,1.7207,0.0,0.0,0.0,3
org_om5igqpk,2025-07-16,compute,32.7765,355.0,0.0,43.944199999999995,0.0,0.0,6
org_om5igqpk,2025-07-16,genai,31.237299999999998,234.0,0.0,9.1688,0.0,0.0,3
org_om5igqpk,2025-07-17,analytics,16.9452,219.0,0.0,18.0952,0.0,0.0,3
org_om5igqpk,2025-07-17,compute,11.3291,117.0,2.4362,21.7998,0.0,0.0,3
org_om5igqpk,2025-07-17,genai,13.999500000000001,109.0,0.0,16.1997,0.0,0.0,3
org_om5igqpk,2025-07-18,analytics,16.3621,236.0,4.1825,4.1942,0.0,0.048875999999999996,6
org_om5igqpk,2025-07-18,compute,42.699799999999996,496.0,0.0,7.8139,0.0,0.10076299999999999,6
org_om5igqpk,2025-07-19,analytics,10.7566,121.0,1.2373,39.8444,0.0,0.032416,6
org_om5igqpk,2025-07-19,compute,21.744500000000002,261.0,0.0,0.0,0.0,0.052199999999999996,3
org_om5igqpk,2025-07-19,genai,18.9718,129.0,1.4247,21.3142,1901.0,0.030348,3
org_om5igqpk,2025-07-20,analytics,8.6945,103.0,1.8962,0.0,0.0,0.020979,3
org_om5igqpk,2025-07-20,compute,8.3565,98.0,0.0,17.1095,0.0,0.023022,3
org_om5igqpk,2025-07-21,analytics,26.2328,359.0,0.0,0.0,0.0,0.0718,3
org_om5igqpk,2025-07-22,analytics,9.370400000000002,0.0,0.0,14.9977,0.0,0.002999,3
org_om5igqpk,2025-07-22,compute,17.0166,219.0,2.2821,0.0,0.0,0.044256000000000004,3
org_om5igqpk,2025-07-22,genai,20.4306,139.0,0.0,32.2137,1722.0,0.034242999999999996,3
org_om5igqpk,2025-07-23,analytics,14.8399,217.0,4.0383,0.0,0.0,0.044208,3
org_om5igqpk,2025-07-23,compute,11.4153,111.0,1.2623,9.0195,0.0,0.024256,3
org_om5igqpk,2025-07-23,genai,35.8806,266.0,1.0436,0.0,2674.0,0.053409,3
org_om5igqpk,2025-07-24,analytics,9.4198,110.0,0.0,12.5542,0.0,0.024510999999999998,3
org_om5igqpk,2025-07-24,compute,11.181700000000001,115.0,0.0,29.8594,0.0,0.028972,3
org_om5igqpk,2025-07-24,genai,22.108,198.0,2.4927,0.0,2082.0,0.040098999999999996,3
org_om5igqpk,2025-07-25,analytics,8.7147,116.0,0.0,21.5725,0.0,0.027514999999999998,3
org_om5igqpk,2025-07-25,compute,30.2329,435.0,1.1359,15.1747,0.0,0.090262,6
org_om5igqpk,2025-07-26,analytics,36.096900000000005,473.0,0.0,28.1358,0.0,0.100227,6
org_om5igqpk,2025-07-26,genai,16.4273,120.0,0.0,11.7873,2093.0,0.026357000000000002,3
org_om5igqpk,2025-07-27,analytics,1.4298,0.0,7.793099999999999,11.4077,0.0,0.0038410000000000002,6
org_om5igqpk,2025-07-27,genai,21.2062,136.0,3.0796,7.875,3527.0,0.029391,3
org_om5igqpk,2025-07-28,analytics,8.762300000000002,121.0,3.1727,6.5245,0.0,0.02614,3
org_om5igqpk,2025-07-28,compute,30.737499999999997,357.0,0.8448,19.9381,0.0,0.075557,6
org_om5igqpk,2025-07-29,analytics,16.5041,225.0,2.5572,20.3612,0.0,0.049583,6
org_om5igqpk,2025-07-29,compute,47.3314,587.0,0.0,0.0,0.0,0.1174,6
org_om5igqpk,2025-07-30,analytics,30.449099999999998,452.0,2.9794,10.3921,0.0,0.093074,6
org_om5igqpk,2025-07-31,analytics,19.8685,256.0,0.0,12.9171,0.0,0.053783,3
org_om5igqpk,2025-07-31,genai,34.2337,252.0,0.0,11.4649,1903.0,0.052693,3
org_om5igqpk,2025-08-01,analytics,19.001500000000004,217.0,3.3236,10.6129,0.0,0.046188,6
org_om5igqpk,2025-08-02,analytics,20.4056,320.0,0.0,0.0,0.0,0.064,3
org_om5igqpk,2025-08-02,compute,21.8619,287.0,0.0,9.403,0.0,0.059281,3
org_om5igqpk,2025-08-02,genai,41.602199999999996,141.0,0.0,0.0,1212.0,0.0282,3
org_om5igqpk,2025-08-03,analytics,35.721,485.0,0.0,7.1032,0.0,0.09842100000000001,6
org_om5igqpk,2025-08-03,genai,30.1365,257.0,0.0,8.2911,2878.0,0.053058,3
org_om5igqpk,2025-08-04,analytics,23.6684,375.0,1.1709,0.0,0.0,0.075234,6
org_om5igqpk,2025-08-04,compute,10.149899999999999,126.0,0.0,3.1574,0.0,0.025831,3
org_om5igqpk,2025-08-04,genai,40.0254,234.0,0.0,0.0,1994.0,0.046799999999999994,3
org_om5igqpk,2025-08-05,analytics,27.2081,362.0,2.7918,4.5239,0.0,0.073863,6
org_om5igqpk,2025-08-05,compute,22.754199999999997,252.0,0.0,8.1884,0.0,0.052038,3
org_om5igqpk,2025-08-05,genai,18.041500000000003,126.0,6.1617999999999995,0.0,3170.0,0.026432,3
org_om5igqpk,2025-08-06,analytics,27.4615,356.0,0.0,0.0,0.0,0.0712,3
org_om5igqpk,2025-08-06,compute,10.3192,118.0,1.8938,17.7703,0.0,0.027533,3
org_om5igqpk,2025-08-07,analytics,8.4541,127.0,1.4863,12.0519,0.0,0.028106999999999997,3
org_om5igqpk,2025-08-07,compute,16.927300000000002,203.0,3.963,12.915600000000001,0.0,0.043976,6
org_om5igqpk,2025-08-07,genai,15.329699999999999,114.0,1.2725,5.7173,1843.0,0.024197999999999997,3
org_om5igqpk,2025-08-08,analytics,9.8565,119.0,3.7984999999999998,3.4707,0.0,0.025253,6
org_om5igqpk,2025-08-08,compute,31.1659,379.0,1.7569,14.9067,0.0,0.079132,6
org_om5igqpk,2025-08-09,analytics,25.256899999999998,355.0,0.0,0.0,0.0,0.07100000000000001,3
org_om5igqpk,2025-08-09,compute,41.333600000000004,487.0,1.1295,19.668,0.0,0.10156000000000001,6
org_om5igqpk,2025-08-09,genai,12.9562,100.0,0.0,23.4334,2261.0,0.024687,3
org_om5igqpk,2025-08-10,analytics,36.4824,514.0,0.0,30.8285,0.0,0.108965,6
org_om5igqpk,2025-08-10,compute,21.695000000000004,255.0,0.0,8.0166,0.0,0.052603000000000004,3
org_om5igqpk,2025-08-11,analytics,9.089,109.0,0.0,19.2053,0.0,0.025641,3
org_om5igqpk,2025-08-11,compute,28.5,374.0,0.0,0.0,0.0,0.0748,3
org_om5igqpk,2025-08-11,genai,31.1307,249.0,0.0,6.1179,1559.0,0.051024,3
org_om5igqpk,2025-08-12,analytics,10.112400000000001,121.0,0.8782,0.0,0.0,0.024376,3
org_om5igqpk,2025-08-12,compute,32.9423,361.0,4.0142,7.5831,0.0,0.07452,6
org_om5igqpk,2025-08-13,analytics,11.2818,128.0,3.0237,0.0,0.0,0.026205000000000003,3
org_om5igqpk,2025-08-13,compute,15.514899999999999,212.0,1.9693,0.0,0.0,0.042794,3
org_om5igqpk,2025-08-13,genai,12.0479,114.0,0.0,10.8972,1049.0,0.024979,3
org_om5igqpk,2025-08-14,analytics,7.6237,120.0,0.0,15.6825,0.0,0.027137,3
org_om5igqpk,2025-08-14,compute,17.6508,271.0,0.0,0.0,0.0,0.0542,3
org_om5igqpk,2025-08-14,genai,14.0231,127.0,7.988200000000001,0.0,2636.0,0.026997999999999998,3
org_om5igqpk,2025-08-15,analytics,10.2786,109.0,0.0,29.1774,0.0,0.027635,3
org_om5igqpk,2025-08-15,compute,21.6265,242.0,3.1753,34.6906,0.0,0.055972999999999995,6
org_om5igqpk,2025-08-16,analytics,25.253700000000002,371.0,2.0521,0.0,0.0,0.07461,6
org_om5igqpk,2025-08-16,compute,8.2413,116.0,0.0,8.4222,0.0,0.024884,3
org_om5igqpk,2025-08-16,genai,29.384300000000003,116.0,0.0,2.3811,2309.0,0.023676,3
org_om5igqpk,2025-08-17,analytics,45.0017,598.0,1.3016,0.0,0.0,0.11986,6
org_om5igqpk,2025-08-17,compute,26.1738,354.0,0.0,0.0,0.0,0.0708,3
org_om5igqpk,2025-08-18,analytics,33.1908,458.0,4.0801,5.0354,0.0,0.09342299999999999,6
org_om5igqpk,2025-08-18,compute,19.977999999999998,253.0,2.775,0.0,0.0,0.051155,3
org_om5igqpk,2025-08-18,genai,17.275100000000002,117.0,2.4547,9.3052,1711.0,0.025752,3
org_om5igqpk,2025-08-19,analytics,17.9597,246.0,0.0,14.3366,0.0,0.052067,3
org_om5igqpk,2025-08-19,compute,25.7146,230.0,1.8694,1.082,0.0,0.04659,6
org_om5igqpk,2025-08-19,genai,16.784399999999998,0.0,0.0,13.9566,973.0,0.0027919999999999998,3
org_om5igqpk,2025-08-20,analytics,11.7467,128.0,7.254300000000001,21.3499,0.0,0.031321,6
org_om5igqpk,2025-08-20,compute,1.0719,0.0,3.4130000000000003,8.3824,0.0,0.0023580000000000003,3
org_om5igqpk,2025-08-20,genai,16.8989,122.0,2.0039,13.8104,2422.0,0.027563,3
org_om5igqpk,2025-08-21,analytics,15.1319,242.0,0.0,0.0,0.0,0.0484,3
org_om5igqpk,2025-08-21,genai,1.8262999999999998,0.0,2.097,14.7654,1380.0,0.003372,3
org_om5igqpk,2025-08-22,analytics,17.7775,251.0,4.6506,10.7608,0.0,0.053281999999999996,6
org_om5igqpk,2025-08-22,compute,25.909599999999998,249.0,0.7484,37.0228,0.0,0.057354999999999996,6
org_om5igqpk,2025-08-23,compute,18.7713,209.0,1.0116,0.0,0.0,0.042002,3
org_om5igqpk,2025-08-24,analytics,2.2735000000000003,0.0,2.0722,23.7353,0.0,0.005161,3
org_om5igqpk,2025-08-24,genai,14.7525,117.0,2.6004,0.0,2609.0,0.023920000000000004,3
org_om5igqpk,2025-08-25,compute,17.4501,213.0,4.8779,28.857599999999998,0.0,0.049348,6
org_om5igqpk,2025-08-26,analytics,0.8262,0.0,1.6092,13.480699999999999,0.0,0.003018,3
org_om5igqpk,2025-08-26,compute,0.6811,0.0,0.0,8.4056,0.0,0.001681,3
org_om5igqpk,2025-08-26,genai,12.6441,137.0,1.1033,2.9911,4639.0,0.028219,3
org_om5igqpk,2025-08-27,analytics,8.8758,115.0,0.0,0.0,0.0,0.023,3
org_om5igqpk,2025-08-27,genai,2.1697,0.0,0.7156,16.8139,2139.0,0.0035059999999999996,3
org_om5igqpk,2025-08-28,analytics,0.563,0.0,7.7528,0.0,0.0,0.00155,3
org_om5igqpk,2025-08-28,compute,39.622,506.0,1.4803,15.7012,0.0,0.104636,6
org_om5igqpk,2025-08-29,analytics,23.259300000000003,349.0,1.5959,25.322,0.0,0.075183,6
org_om5igqpk,2025-08-29,compute,10.6576,132.0,2.3912,0.0,0.0,0.026878,3
org_om5igqpk,2025-08-29,genai,28.0969,246.0,0.4041,0.0,3544.0,0.049281,3
org_om5igqpk,2025-08-30,analytics,18.5662,237.0,0.3389,0.0,0.0,0.047467999999999996,3
org_om5igqpk,2025-08-30,compute,28.1831,344.0,0.3709,33.7273,0.0,0.07562,6
org_om5igqpk,2025-08-31,analytics,26.118000000000002,353.0,8.1676,5.263,0.0,0.073287,6
org_pac56t4u,2025-07-03,compute,43.625,348.0,2.9625,30.098399999999998,0.0,0.0,9
org_pac56t4u,2025-07-04,compute,23.9628,266.0,0.0,0.0,0.0,0.0,3
org_pac56t4u,2025-07-05,compute,49.2256,600.0,5.7716,20.646,0.0,0.0,9
org_pac56t4u,2025-07-05,database,6.8607,103.0,0.0,22.4913,0.0,0.0,3
org_pac56t4u,2025-07-06,compute,13.560000000000002,136.0,3.5738,8.6188,0.0,0.0,3
org_pac56t4u,2025-07-06,database,19.7898,366.0,0.0,0.0,0.0,0.0,3
org_pac56t4u,2025-07-07,compute,40.022,429.0,5.4026,10.531,0.0,0.0,9
org_pac56t4u,2025-07-08,compute,21.7509,246.0,3.1509,25.565,0.0,0.0,6
org_pac56t4u,2025-07-08,database,10.4079,214.0,1.3267,0.0,0.0,0.0,3
org_pac56t4u,2025-07-09,compute,73.3515,919.0,0.0,10.9805,0.0,0.0,9
org_pac56t4u,2025-07-10,compute,46.7053,508.0,6.684699999999999,45.8339,0.0,0.0,9
org_pac56t4u,2025-07-12,compute,11.568,125.0,0.0,30.9349,0.0,0.0,3
org_pac56t4u,2025-07-12,database,0.8919999999999999,0.0,2.5593,16.9133,0.0,0.0,3
org_pac56t4u,2025-07-13,compute,53.6263,700.0,0.0,36.5795,0.0,0.0,9
org_pac56t4u,2025-07-13,database,1.8058,0.0,0.0,33.159099999999995,0.0,0.0,3
org_pac56t4u,2025-07-14,compute,28.243299999999998,368.0,0.0,0.0,0.0,0.0,3
org_pac56t4u,2025-07-15,compute,47.798,580.0,0.0,34.1197,0.0,0.0,9
org_pac56t4u,2025-07-15,database,4.7521,111.0,3.4127,13.5048,0.0,0.0,3
org_pac56t4u,2025-07-16,compute,70.90729999999999,824.0,0.0,19.903,0.0,0.0,9
org_pac56t4u,2025-07-16,database,12.170300000000001,248.0,0.0,7.7001,0.0,0.0,3
org_pac56t4u,2025-07-17,compute,25.3424,251.0,0.0,59.2783,0.0,0.0,6
org_pac56t4u,2025-07-18,compute,235.5387,976.0,0.0,0.0,0.0,0.19519999999999998,9
org_pac56t4u,2025-07-19,compute,3.0399000000000003,0.0,0.0,40.632999999999996,0.0,0.008127,3
org_pac56t4u,2025-07-19,database,0.8688,0.0,0.0,17.719299999999997,0.0,0.003544,3
org_pac56t4u,2025-07-20,compute,40.66,469.0,8.9338,0.0,0.0,0.09558699999999998,9
org_pac56t4u,2025-07-21,compute,66.7826,487.0,2.5783,16.7075,0.0,0.101257,8
org_pac56t4u,2025-07-22,compute,33.8164,433.0,4.0288,12.2379,0.0,0.089854,6
org_pac56t4u,2025-07-22,database,6.216900000000001,100.0,1.6795,18.8586,0.0,0.024108,3
org_pac56t4u,2025-07-23,compute,12.603,0.0,7.1738,16.0883,0.0,0.004652000000000001,6
org_pac56t4u,2025-07-24,compute,36.8471,443.0,1.0794,0.5574,0.0,0.088927,6
org_pac56t4u,2025-07-24,database,15.808800000000002,357.0,0.0,0.0,0.0,0.07139999999999999,3
org_pac56t4u,2025-07-25,compute,2.0516,0.0,1.0857,23.8467,0.0,0.004987,3
org_pac56t4u,2025-07-25,database,4.6771,101.0,5.3819,10.3509,0.0,0.023346,3
org_pac56t4u,2025-07-26,compute,18.961199999999998,221.0,5.2849,29.9892,0.0,0.051254999999999995,6
org_pac56t4u,2025-07-27,compute,19.4908,230.0,0.8014,19.5612,0.0,0.050072,6
org_pac56t4u,2025-07-27,database,11.077900000000001,258.0,0.0,8.1584,0.0,0.053232,3
org_pac56t4u,2025-07-28,compute,8.4767,125.0,2.2311,0.0,0.0,0.025447,3
org_pac56t4u,2025-07-29,compute,15.1262,238.0,0.0,21.1113,0.0,0.051822,3
org_pac56t4u,2025-07-30,compute,49.15690000000001,602.0,8.665700000000001,0.0,0.0,0.122133,9
org_pac56t4u,2025-07-30,database,14.8831,278.0,0.0,17.3256,0.0,0.059065000000000006,3
org_pac56t4u,2025-07-31,compute,27.6757,356.0,4.1022,0.0,0.0,0.072021,6
org_pac56t4u,2025-07-31,database,5.8443000000000005,119.0,7.1847,0.0,0.0,0.025236,3
org_pac56t4u,2025-08-01,compute,3.0786000000000002,0.0,9.6581,32.168,0.0,0.008365,6
org_pac56t4u,2025-08-01,database,16.3102,341.0,0.0,0.0,0.0,0.06820000000000001,3
org_pac56t4u,2025-08-02,compute,33.3835,363.0,0.0,35.4323,0.0,0.07968599999999999,6
org_pac56t4u,2025-08-02,database,15.594500000000002,260.0,0.0,13.4601,0.0,0.054692,3
org_pac56t4u,2025-08-03,compute,11.688,112.0,0.0,10.3035,0.0,0.024461,3
org_pac56t4u,2025-08-03,database,12.4934,225.0,0.0,12.4243,0.0,0.047485,3
org_pac56t4u,2025-08-04,compute,3.6651000000000002,0.0,0.0,41.681799999999996,0.0,0.008336,3
org_pac56t4u,2025-08-05,compute,21.3127,239.0,6.3357,0.0,0.0,0.049068,6
org_pac56t4u,2025-08-05,database,15.865,250.0,0.0,17.5356,0.0,0.053507000000000006,3
org_pac56t4u,2025-08-06,compute,21.4925,217.0,6.306900000000001,53.6858,0.0,0.055399,9
org_pac56t4u,2025-08-06,database,15.909999999999998,363.0,0.0,0.0,0.0,0.0726,3
org_pac56t4u,2025-08-07,compute,22.5956,234.0,0.0,21.6697,0.0,0.051134,3
org_pac56t4u,2025-08-08,compute,2.5711,0.0,6.5484,25.2718,0.0,0.006364,3
org_pac56t4u,2025-08-08,database,1.6663000000000001,0.0,2.9746,27.3572,0.0,0.006067,3
org_pac56t4u,2025-08-09,compute,3.0899,0.0,0.0,34.9897,0.0,0.006998,3
org_pac56t4u,2025-08-09,database,14.5277,246.0,0.0,0.0,0.0,0.0492,2
org_pac56t4u,2025-08-10,compute,50.285399999999996,596.0,5.7674,6.6367,0.0,0.12168099999999998,9
org_pac56t4u,2025-08-11,database,10.6649,243.0,0.0,13.8561,0.0,0.051371,3
org_pac56t4u,2025-08-12,compute,39.6863,521.0,10.0546,8.1795,0.0,0.10784699999999998,9
org_pac56t4u,2025-08-12,database,1.0988000000000002,0.0,2.9368,14.9328,0.0,0.003574,3
org_pac56t4u,2025-08-13,database,21.644199999999998,391.0,0.0,0.0,0.0,0.07819999999999999,3
org_pac56t4u,2025-08-14,compute,29.496000000000002,402.0,2.9657,17.6898,0.0,0.084531,6
org_pac56t4u,2025-08-14,database,12.5235,246.0,0.0,11.8235,0.0,0.051565,3
org_pac56t4u,2025-08-15,compute,0.4616,0.0,1.6953,4.9701,0.0,0.001333,3
org_pac56t4u,2025-08-16,compute,11.806700000000001,126.0,5.7089,18.6828,0.0,0.030079,6
org_pac56t4u,2025-08-16,database,5.7956,112.0,1.1436,12.8699,0.0,0.025203,3
org_pac56t4u,2025-08-17,compute,9.6178,114.0,7.724900000000001,5.6782,0.0,0.025481000000000004,6
org_pac56t4u,2025-08-17,database,12.6916,232.0,0.0,13.0452,0.0,0.049009,3
org_pac56t4u,2025-08-18,compute,10.5213,137.0,0.0,7.2847,0.0,0.028857,3
org_pac56t4u,2025-08-18,database,14.704199999999998,246.0,0.0,0.5263,0.0,0.049305,3
org_pac56t4u,2025-08-19,compute,48.0092,530.0,3.5623,25.3728,0.0,0.111787,9
org_pac56t4u,2025-08-20,compute,20.584200000000003,241.0,8.106200000000001,32.9372,0.0,0.056408,9
org_pac56t4u,2025-08-20,database,0.8200000000000001,0.0,3.5004,14.453399999999998,0.0,0.003591,3
org_pac56t4u,2025-08-21,compute,69.013,848.0,1.8783,27.4605,0.0,0.175468,9
org_pac56t4u,2025-08-21,database,0.7968000000000001,0.0,3.3072,10.2446,0.0,0.00271,3
org_pac56t4u,2025-08-22,compute,52.436699999999995,704.0,0.0,40.898399999999995,0.0,0.14898,9
org_pac56t4u,2025-08-22,database,0.8657999999999999,0.0,2.1188,14.3453,0.0,0.003293,3
org_pac56t4u,2025-08-23,database,18.0099,364.0,0.0,0.0,0.0,0.0728,3
org_pac56t4u,2025-08-24,compute,26.012500000000003,322.0,0.0,22.037399999999998,0.0,0.06880700000000001,6
org_pac56t4u,2025-08-24,database,8.1281,119.0,0.0,44.2722,0.0,0.032654,3
org_pac56t4u,2025-08-25,compute,23.6565,255.0,4.5325,13.659,0.0,0.054638,6
org_pac56t4u,2025-08-25,database,150.5858,404.0,0.0,0.0,0.0,0.0808,3
org_pac56t4u,2025-08-26,compute,42.6372,475.0,0.7043,39.764199999999995,0.0,0.10309300000000002,9
org_pac56t4u,2025-08-26,database,1.2388000000000001,0.0,2.8695,21.1772,0.0,0.00481,3
org_pac56t4u,2025-08-27,compute,10.2588,117.0,0.0,0.0,0.0,0.0234,3
org_pac56t4u,2025-08-28,compute,46.475899999999996,514.0,0.0,18.6928,0.0,0.106539,6
org_pac56t4u,2025-08-28,database,14.223199999999999,327.0,0.0,0.0,0.0,0.0654,3
org_pac56t4u,2025-08-29,compute,24.436600000000002,249.0,0.0,31.7479,0.0,0.056149,6
org_pac56t4u,2025-08-29,database,13.446200000000001,269.0,3.0177,0.0,0.0,0.054404,3
org_pac56t4u,2025-08-31,database,6.4861,114.0,0.0,12.2007,0.0,0.025240000000000002,3
org_pbhsahxt,2025-07-03,compute,23.788899999999998,234.0,0.0,24.9728,0.0,0.0,6
org_pbhsahxt,2025-07-03,database,6.687,126.0,2.5542,0.0,0.0,0.0,3
org_pbhsahxt,2025-07-03,genai,30.3777,225.0,1.8163,27.6964,0.0,0.0,6
org_pbhsahxt,2025-07-03,networking,1.5108,122.0,0.0,18.2594,0.0,0.0,3
org_pbhsahxt,2025-07-03,storage,2.9168,116.0,0.0,3.0655,0.0,0.0,3
org_pbhsahxt,2025-07-04,analytics,16.8888,217.0,4.0504,0.0,0.0,0.0,3
org_pbhsahxt,2025-07-04,compute,10.3996,122.0,6.992900000000001,10.9938,0.0,0.0,6
org_pbhsahxt,2025-07-04,genai,17.778000000000002,135.0,0.0,20.8159,0.0,0.0,3
org_pbhsahxt,2025-07-04,networking,2.6176,242.0,2.548,0.0,0.0,0.0,3
org_pbhsahxt,2025-07-04,storage,0.4387,0.0,0.9774,17.5014,0.0,0.0,3
org_pbhsahxt,2025-07-05,analytics,17.2338,223.0,0.0,12.6252,0.0,0.0,3
org_pbhsahxt,2025-07-05,compute,12.0668,107.0,0.4347,6.2085,0.0,0.0,3
org_pbhsahxt,2025-07-05,database,5.4483999999999995,119.0,0.0,9.2105,0.0,0.0,3
org_pbhsahxt,2025-07-05,genai,44.252900000000004,364.0,1.9717,21.8287,0.0,0.0,6
org_pbhsahxt,2025-07-05,storage,0.1345,0.0,6.8916,0.0,0.0,0.0,3
org_pbhsahxt,2025-07-06,analytics,18.768700000000003,238.0,0.0,2.6812,0.0,0.0,3
org_pbhsahxt,2025-07-06,compute,46.328199999999995,606.0,0.0,0.0,0.0,0.0,6
org_pbhsahxt,2025-07-06,database,12.8626,236.0,1.1323,0.0,0.0,0.0,3
org_pbhsahxt,2025-07-06,genai,30.797200000000004,248.0,0.0,4.6329,0.0,0.0,3
org_pbhsahxt,2025-07-06,networking,2.8821000000000003,259.0,0.0,3.5985,0.0,0.0,3
org_pbhsahxt,2025-07-07,analytics,10.578,113.0,0.0,14.254,0.0,0.0,2
org_pbhsahxt,2025-07-07,compute,37.634,365.0,4.3767,0.0,0.0,0.0,6
org_pbhsahxt,2025-07-07,database,5.593100000000001,0.0,0.838,5.6557,0.0,0.0,3
org_pbhsahxt,2025-07-07,genai,44.037,350.0,0.0,0.0,0.0,0.0,3
org_pbhsahxt,2025-07-07,networking,1.1319000000000001,114.0,3.1912,12.7397,0.0,0.0,3
org_pbhsahxt,2025-07-08,analytics,7.2139999999999995,96.0,1.6788,14.6816,0.0,0.0,3
org_pbhsahxt,2025-07-08,compute,26.5888,254.0,1.8123,22.518,0.0,0.0,6
org_pbhsahxt,2025-07-08,database,10.0436,226.0,0.0,0.0,0.0,0.0,3
org_pbhsahxt,2025-07-08,networking,3.9613,349.0,4.093500000000001,15.3807,0.0,0.0,6
org_pbhsahxt,2025-07-08,storage,2.8955,135.0,0.0,10.5982,0.0,0.0,3
org_pbhsahxt,2025-07-09,analytics,21.3571,339.0,0.0,0.0,0.0,0.0,3
org_pbhsahxt,2025-07-09,genai,14.773200000000001,114.0,0.0,8.6617,0.0,0.0,3
org_pbhsahxt,2025-07-09,networking,2.2683,120.0,0.0994,9.803700000000001,0.0,0.0,6
org_pbhsahxt,2025-07-09,storage,2.3104,98.0,0.0,6.552,0.0,0.0,3
org_pbhsahxt,2025-07-10,compute,8.1558,112.0,2.4049,8.2011,0.0,0.0,3
org_pbhsahxt,2025-07-10,genai,63.9089,506.0,0.0,19.8631,0.0,0.0,6
org_pbhsahxt,2025-07-10,networking,1.4842,135.0,4.5926,11.2818,0.0,0.0,3
org_pbhsahxt,2025-07-10,storage,6.448400000000001,385.0,0.0,0.0,0.0,0.0,3
org_pbhsahxt,2025-07-11,analytics,10.576899999999998,138.0,0.0,18.860799999999998,0.0,0.0,3
org_pbhsahxt,2025-07-11,compute,14.7029,119.0,0.0,59.726,0.0,0.0,6
org_pbhsahxt,2025-07-11,database,15.269200000000001,249.0,0.0,0.0,0.0,0.0,3
org_pbhsahxt,2025-07-11,genai,96.2856,825.0,3.7299,4.6836,0.0,0.0,9
org_pbhsahxt,2025-07-11,networking,0.8473,101.0,3.3296,6.2872,0.0,0.0,3
org_pbhsahxt,2025-07-12,compute,10.1336,114.0,0.0,18.1563,0.0,0.0,3
org_pbhsahxt,2025-07-12,genai,35.044599999999996,251.0,1.0126,63.5236,0.0,0.0,9
org_pbhsahxt,2025-07-12,networking,2.5416999999999996,249.0,0.0,15.5969,0.0,0.0,3
org_pbhsahxt,2025-07-12,storage,3.4166,123.0,0.0,5.2093,0.0,0.0,3
org_pbhsahxt,2025-07-13,analytics,17.2409,235.0,0.0,0.0,0.0,0.0,3
org_pbhsahxt,2025-07-13,compute,29.8078,352.0,0.0,0.0,0.0,0.0,3
org_pbhsahxt,2025-07-13,database,6.9491000000000005,137.0,4.3898,7.2757,0.0,0.0,3
org_pbhsahxt,2025-07-13,networking,2.6424000000000003,264.0,0.0,0.0,0.0,0.0,3
org_pbhsahxt,2025-07-13,storage,4.8387,234.0,1.0304,0.0,0.0,0.0,3
org_pbhsahxt,2025-07-14,analytics,3.4232,0.0,0.0,52.23649999999999,0.0,0.0,3
org_pbhsahxt,2025-07-14,compute,31.669000000000004,365.0,0.9449,13.016,0.0,0.0,6
org_pbhsahxt,2025-07-14,database,6.9338999999999995,115.0,0.0,27.8124,0.0,0.0,3
org_pbhsahxt,2025-07-14,genai,17.415799999999997,114.0,2.5944000000000003,34.9702,0.0,0.0,9
org_pbhsahxt,2025-07-14,networking,4.376,383.0,0.0,30.3408,0.0,0.0,6
org_pbhsahxt,2025-07-14,storage,5.6636,245.0,0.0,25.8772,0.0,0.0,3
org_pbhsahxt,2025-07-15,analytics,8.231499999999999,125.0,3.7278,0.0,0.0,0.0,3
org_pbhsahxt,2025-07-15,compute,31.5655,360.0,0.0,0.0,0.0,0.0,3
org_pbhsahxt,2025-07-15,database,1.4577,0.0,0.0,35.7499,0.0,0.0,3
org_pbhsahxt,2025-07-15,genai,38.3321,242.0,0.7683,33.336800000000004,0.0,0.0,6
org_pbhsahxt,2025-07-15,networking,3.1986999999999997,267.0,2.9938,25.0567,0.0,0.0,6
org_pbhsahxt,2025-07-16,analytics,7.3553,105.0,5.5846,0.0,0.0,0.0,3
org_pbhsahxt,2025-07-16,compute,22.261400000000002,237.0,3.4907,11.9941,0.0,0.0,6
org_pbhsahxt,2025-07-16,database,4.9777,94.0,0.0,17.3704,0.0,0.0,3
org_pbhsahxt,2025-07-16,genai,20.974099999999996,128.0,2.8648,23.0118,0.0,0.0,6
org_pbhsahxt,2025-07-16,networking,1.0294999999999999,126.0,2.6578,0.0,0.0,0.0,3
org_pbhsahxt,2025-07-17,analytics,15.533500000000002,229.0,2.8537,0.0,0.0,0.0,3
org_pbhsahxt,2025-07-17,compute,21.596500000000002,243.0,0.0,24.5508,0.0,0.0,3
org_pbhsahxt,2025-07-17,database,11.286100000000001,211.0,0.5141,0.0,0.0,0.0,3
org_pbhsahxt,2025-07-17,genai,30.0453,234.0,0.0,7.2598,0.0,0.0,3
org_pbhsahxt,2025-07-17,networking,1.4049,123.0,1.3811,36.783699999999996,0.0,0.0,6
org_pbhsahxt,2025-07-18,analytics,8.8569,112.0,5.6177,0.0,0.0,0.023523,3
org_pbhsahxt,2025-07-18,database,11.619,240.0,3.3013,0.0,0.0,0.04866,3
org_pbhsahxt,2025-07-18,genai,96.16969999999999,659.0,2.0637,20.3597,8464.0,0.136285,9
org_pbhsahxt,2025-07-19,analytics,11.908,128.0,0.0,20.9255,0.0,0.029785,3
org_pbhsahxt,2025-07-19,compute,9.8156,115.0,9.4313,13.4537,0.0,0.027576999999999997,6
org_pbhsahxt,2025-07-19,database,0.3274,0.0,6.9432,0.353,0.0,0.00146,3
org_pbhsahxt,2025-07-19,genai,42.5814,365.0,0.8377,30.1477,7846.0,0.079198,6
org_pbhsahxt,2025-07-20,analytics,0.1615,0.0,2.6207,0.0,0.0,5.24E-4,3
org_pbhsahxt,2025-07-20,compute,26.695200000000003,344.0,0.0,17.0708,0.0,0.072214,6
org_pbhsahxt,2025-07-20,genai,4.0093,0.0,5.1986,27.1211,3260.0,0.006463,6
org_pbhsahxt,2025-07-20,networking,4.016299999999999,347.0,0.0,29.5384,0.0,0.075307,6
org_pbhsahxt,2025-07-21,compute,1.3689,0.0,2.7197,13.4298,0.0,0.0032300000000000002,3
org_pbhsahxt,2025-07-21,database,5.2076,113.0,2.8086,2.6122,0.0,0.023683999999999997,3
org_pbhsahxt,2025-07-21,genai,14.8798,103.0,2.8565,3.6821,2758.0,0.021907,3
org_pbhsahxt,2025-07-21,networking,1.3576000000000001,132.0,2.3824,0.0,0.0,0.026876,3
org_pbhsahxt,2025-07-22,analytics,9.1918,110.0,0.0,13.451,0.0,0.02469,2
org_pbhsahxt,2025-07-22,compute,20.2348,221.0,4.896,23.7035,0.0,0.04992,6
org_pbhsahxt,2025-07-22,database,13.7864,252.0,0.0,8.4781,0.0,0.052096,3
org_pbhsahxt,2025-07-22,genai,20.3892,122.0,0.0,41.6726,5176.0,0.032734,6
org_pbhsahxt,2025-07-22,storage,4.7882,230.0,0.0,16.9646,0.0,0.049393,3
org_pbhsahxt,2025-07-23,analytics,0.9615,0.0,5.5656,7.4897,0.0,0.002611,3
org_pbhsahxt,2025-07-23,compute,12.677100000000001,131.0,2.1501,5.2585,0.0,0.027682000000000002,3
org_pbhsahxt,2025-07-23,database,13.197600000000001,251.0,0.0,11.7135,0.0,0.052543,3
org_pbhsahxt,2025-07-23,genai,72.0508,509.0,3.3381,0.0,5297.0,0.102468,6
org_pbhsahxt,2025-07-23,networking,6.0721,571.0,3.5324,0.0,0.0,0.11490600000000001,6
org_pbhsahxt,2025-07-24,compute,10.1065,106.0,8.328199999999999,0.0,0.0,0.022865,6
org_pbhsahxt,2025-07-24,database,19.509,387.0,0.0,0.0,0.0,0.0774,3
org_pbhsahxt,2025-07-24,networking,1.8217999999999999,131.0,2.4712,25.4305,0.0,0.03178,3
org_pbhsahxt,2025-07-25,compute,11.4272,120.0,7.0128,30.0987,0.0,0.031422,6
org_pbhsahxt,2025-07-25,database,5.8281,98.0,2.7089,1.1911,0.0,0.02038,3
org_pbhsahxt,2025-07-25,genai,3.9199,0.0,0.4479,30.5623,4454.0,0.006202,3
org_pbhsahxt,2025-07-25,networking,4.166499999999999,371.0,0.0,0.0,0.0,0.0742,3
org_pbhsahxt,2025-07-25,storage,5.9699,242.0,0.0,22.1411,0.0,0.052828,3
org_pbhsahxt,2025-07-26,compute,12.7996,121.0,5.6761,9.0098,0.0,0.027137,6
org_pbhsahxt,2025-07-26,genai,2.508,0.0,1.7121,21.9691,3031.0,0.004736000000000001,3
org_pbhsahxt,2025-07-26,networking,1.1785999999999999,101.0,1.922,0.0,0.0,0.020583999999999998,3
org_pbhsahxt,2025-07-26,storage,0.36040000000000005,0.0,2.2304,20.8634,0.0,0.004619,3
org_pbhsahxt,2025-07-27,analytics,6.9117,119.0,1.1301,0.0,0.0,0.024026000000000002,3
org_pbhsahxt,2025-07-27,compute,16.6107,267.0,4.4763,0.0,0.0,0.054294999999999996,3
org_pbhsahxt,2025-07-27,database,1.4114000000000002,0.0,0.2077,27.1921,0.0,0.0054800000000000005,3
org_pbhsahxt,2025-07-27,genai,65.319,467.0,0.0,26.3032,4676.0,0.098661,6
org_pbhsahxt,2025-07-27,networking,4.027100000000001,367.0,2.9336,14.1404,0.0,0.076815,6
org_pbhsahxt,2025-07-27,storage,2.2266999999999997,104.0,7.6622,0.0,0.0,0.022332,3
org_pbhsahxt,2025-07-28,analytics,9.824300000000001,128.0,0.4492,9.4233,0.0,0.027575000000000002,3
org_pbhsahxt,2025-07-28,compute,27.3416,290.0,0.0,16.0114,0.0,0.061202,3
org_pbhsahxt,2025-07-28,genai,75.376,373.0,1.0926,64.3082,7052.0,0.08768100000000001,9
org_pbhsahxt,2025-07-28,networking,2.596,207.0,0.0,15.2116,0.0,0.044441999999999995,3
org_pbhsahxt,2025-07-28,storage,5.9276,237.0,0.0,0.0,0.0,0.0474,3
org_pbhsahxt,2025-07-29,compute,9.669599999999999,109.0,4.3893,0.0,0.0,0.022678,3
org_pbhsahxt,2025-07-29,database,15.4436,263.0,0.0,20.7965,0.0,0.056759000000000004,3
org_pbhsahxt,2025-07-29,genai,30.7775,252.0,5.231199999999999,12.1034,5524.0,0.053868,6
org_pbhsahxt,2025-07-29,storage,2.7691999999999997,132.0,3.4711,0.0,0.0,0.027094,3
org_pbhsahxt,2025-07-30,analytics,6.7357000000000005,142.0,0.4507,3.547,0.0,0.029199000000000003,3
org_pbhsahxt,2025-07-30,genai,80.02799999999999,493.0,0.0,16.1074,4040.0,0.101821,6
org_pbhsahxt,2025-07-30,networking,2.42,244.0,6.2202,12.6592,0.0,0.052576000000000005,6
org_pbhsahxt,2025-07-30,storage,1.9192,123.0,2.6153,0.0,0.0,0.025123,3
org_pbhsahxt,2025-07-31,compute,31.9525,379.0,5.561,19.0403,0.0,0.08072,6
org_pbhsahxt,2025-07-31,database,12.7322,248.0,4.6246,0.0,0.0,0.050525,3
org_pbhsahxt,2025-07-31,genai,52.8525,481.0,0.0,8.0658,5890.0,0.09781300000000001,6
org_pbhsahxt,2025-07-31,networking,3.8475,397.0,0.0,0.0,0.0,0.0794,3
org_pbhsahxt,2025-08-01,compute,17.1648,232.0,1.8979,0.0,0.0,0.04678,3
org_pbhsahxt,2025-08-01,database,1.8212,0.0,1.2627,39.949200000000005,0.0,0.008243,3
org_pbhsahxt,2025-08-01,genai,19.565399999999997,123.0,1.3617,35.2427,3179.0,0.031921000000000005,6
org_pbhsahxt,2025-08-01,networking,3.6819999999999995,345.0,3.9964,14.0234,0.0,0.072604,6
org_pbhsahxt,2025-08-02,compute,0.5690999999999999,0.0,2.9019,3.4752,0.0,0.001275,3
org_pbhsahxt,2025-08-02,database,1.4145,0.0,0.0,26.9272,0.0,0.005385,3
org_pbhsahxt,2025-08-02,genai,42.3866,331.0,0.4551,10.0512,4275.0,0.068301,6
org_pbhsahxt,2025-08-02,networking,2.0473999999999997,210.0,0.0,12.0056,0.0,0.044401,3
org_pbhsahxt,2025-08-03,compute,8.568200000000001,90.0,0.0,17.0313,0.0,0.021405999999999998,3
org_pbhsahxt,2025-08-03,database,11.9445,244.0,0.4035,0.0,0.0,0.048881,3
org_pbhsahxt,2025-08-03,genai,29.248999999999995,232.0,2.1084,11.2727,6728.0,0.049077,6
org_pbhsahxt,2025-08-03,networking,3.7188,361.0,0.0,0.0,0.0,0.0722,3
org_pbhsahxt,2025-08-04,analytics,26.2763,360.0,0.0,0.0,0.0,0.072,3
org_pbhsahxt,2025-08-04,compute,30.1631,353.0,3.2576,9.4718,0.0,0.07314499999999999,6
org_pbhsahxt,2025-08-04,genai,14.218599999999999,105.0,3.7042,21.3607,3005.0,0.026013,3
org_pbhsahxt,2025-08-04,networking,5.1478,489.0,3.4145,20.5824,0.0,0.102599,6
org_pbhsahxt,2025-08-04,storage,3.0686,123.0,3.2151,0.0,0.0,0.025243,3
org_pbhsahxt,2025-08-05,analytics,1.9812999999999998,0.0,1.7409,21.5851,0.0,0.004665,3
org_pbhsahxt,2025-08-05,compute,12.2392,115.0,0.0,33.0193,0.0,0.029604,3
org_pbhsahxt,2025-08-05,genai,49.4833,355.0,2.1676,15.1554,3668.0,0.07446499999999999,6
org_pbhsahxt,2025-08-05,networking,2.2369999999999997,238.0,2.9271,0.0,0.0,0.048185000000000006,3
org_pbhsahxt,2025-08-05,storage,7.901199999999999,372.0,0.0,0.0,0.0,0.0744,3
org_pbhsahxt,2025-08-06,analytics,8.1546,112.0,1.3106,3.2471,0.0,0.023311,3
org_pbhsahxt,2025-08-06,compute,20.0276,215.0,1.3315,47.5064,0.0,0.052766999999999994,6
org_pbhsahxt,2025-08-06,database,5.9618,0.0,1.2081,0.0,0.0,2.42E-4,3
org_pbhsahxt,2025-08-06,genai,65.1643,614.0,0.0,31.038600000000002,6486.0,0.129008,9
org_pbhsahxt,2025-08-06,networking,5.6507,524.0,6.1174,0.0,0.0,0.106024,6
org_pbhsahxt,2025-08-06,storage,2.8379,118.0,0.0,22.2795,0.0,0.028054999999999997,3
org_pbhsahxt,2025-08-07,compute,13.3837,135.0,1.9695,16.151,0.0,0.030624,3
org_pbhsahxt,2025-08-07,genai,67.10409999999999,468.0,2.9424,70.6875,7995.0,0.10832599999999999,9
org_pbhsahxt,2025-08-07,networking,1.4728999999999999,131.0,0.0,17.6962,0.0,0.029739,3
org_pbhsahxt,2025-08-08,analytics,10.7302,128.0,1.3561,16.3658,0.0,0.029144,3
org_pbhsahxt,2025-08-08,database,10.802399999999999,250.0,0.0,6.3824,0.0,0.051276,3
org_pbhsahxt,2025-08-08,genai,15.5699,130.0,2.276,13.207,3889.0,0.029096,3
org_pbhsahxt,2025-08-08,networking,1.7563000000000002,121.0,0.0,33.0298,0.0,0.030806,3
org_pbhsahxt,2025-08-08,storage,4.194,255.0,3.2819,0.0,0.0,0.051656,3
org_pbhsahxt,2025-08-09,compute,28.375,358.0,0.0,0.0,0.0,0.0716,3
org_pbhsahxt,2025-08-09,database,0.6958,0.0,1.4499,13.2089,0.0,0.0029319999999999997,3
org_pbhsahxt,2025-08-09,genai,14.282200000000001,117.0,4.2021,25.6246,8049.0,0.029365,9
org_pbhsahxt,2025-08-09,networking,2.2035,247.0,5.9007000000000005,6.2212,0.0,0.051823999999999995,6
org_pbhsahxt,2025-08-09,storage,2.5563000000000002,118.0,3.3838,6.2802,0.0,0.025533,3
org_pbhsahxt,2025-08-10,analytics,24.411299999999997,347.0,0.0,0.0,0.0,0.06939999999999999,3
org_pbhsahxt,2025-08-10,database,12.2963,243.0,1.7277,0.0,0.0,0.048946,3
org_pbhsahxt,2025-08-10,genai,17.349300000000003,123.0,2.7181,7.9382,2933.0,0.026732,3
org_pbhsahxt,2025-08-10,storage,0.643,0.0,4.4844,24.7665,0.0,0.00585,3
org_pbhsahxt,2025-08-11,compute,19.650299999999998,241.0,2.4892,25.976499999999998,0.0,0.053892999999999996,6
org_pbhsahxt,2025-08-11,database,13.0685,226.0,1.989,0.0,0.0,0.045598,3
org_pbhsahxt,2025-08-11,genai,46.125,376.0,0.0,4.7145,5213.0,0.076143,5
org_pbhsahxt,2025-08-11,storage,8.1899,388.0,0.0,0.0,0.0,0.0776,3
org_pbhsahxt,2025-08-12,compute,4.0588999999999995,0.0,3.4938000000000002,47.849000000000004,0.0,0.010268999999999999,6
org_pbhsahxt,2025-08-12,database,1.7416999999999998,0.0,1.0132,32.8553,0.0,0.0067740000000000005,3
org_pbhsahxt,2025-08-12,genai,16.0351,130.0,3.3458,4.535,2936.0,0.027576,3
org_pbhsahxt,2025-08-13,compute,9.7316,124.0,2.5681,17.0123,0.0,0.028716,3
org_pbhsahxt,2025-08-13,database,12.9697,239.0,0.0,13.9555,0.0,0.050591000000000004,3
org_pbhsahxt,2025-08-13,genai,18.642999999999997,123.0,5.3946,38.62290000000001,7394.0,0.033404,6
org_pbhsahxt,2025-08-13,networking,2.2437,210.0,0.0,5.4722,0.0,0.04309399999999999,3
org_pbhsahxt,2025-08-13,storage,2.3682999999999996,121.0,2.6552,8.3923,0.0,0.026409,3
org_pbhsahxt,2025-08-14,analytics,8.978299999999999,116.0,0.0,6.2456,0.0,0.024449,3
org_pbhsahxt,2025-08-14,compute,2.4754,0.0,7.9189,26.2821,0.0,0.006841000000000001,6
org_pbhsahxt,2025-08-14,genai,2.3404,0.0,5.8538,12.7955,1539.0,0.003729,3
org_pbhsahxt,2025-08-14,networking,4.357600000000001,484.0,1.0155,10.5338,0.0,0.09910999999999999,6
org_pbhsahxt,2025-08-14,storage,4.2509999999999994,241.0,0.0,6.9088,0.0,0.049582,3
org_pbhsahxt,2025-08-15,analytics,2.3188999999999997,0.0,0.0,28.4643,0.0,0.005693,3
org_pbhsahxt,2025-08-15,compute,40.9018,491.0,1.0425,12.6711,0.0,0.100942,6
org_pbhsahxt,2025-08-15,database,7.096299999999999,117.0,0.0,18.8171,0.0,0.027163,3
org_pbhsahxt,2025-08-15,genai,26.702599999999997,214.0,5.842599999999999,0.0,5189.0,0.043968999999999994,6
org_pbhsahxt,2025-08-15,networking,1.5028,129.0,2.5419,22.4669,0.0,0.030801000000000002,6
org_pbhsahxt,2025-08-16,compute,27.753999999999998,343.0,0.0,0.0,0.0,0.0686,3
org_pbhsahxt,2025-08-16,genai,35.0764,240.0,3.5065,23.4563,5217.0,0.05339200000000001,6
org_pbhsahxt,2025-08-16,networking,1.5865000000000002,122.0,0.0,32.565799999999996,0.0,0.030913000000000003,3
org_pbhsahxt,2025-08-16,storage,4.4049,217.0,0.0,13.3441,0.0,0.046069,3
org_pbhsahxt,2025-08-17,compute,19.4325,233.0,0.0,20.1444,0.0,0.05062899999999999,3
org_pbhsahxt,2025-08-17,database,7.4433,123.0,2.7566,15.3865,0.0,0.028228,3
org_pbhsahxt,2025-08-17,genai,73.1764,598.0,2.7465,44.975899999999996,6129.0,0.129144,9
org_pbhsahxt,2025-08-17,networking,5.923,608.0,0.0,6.7862,0.0,0.12295700000000001,6
org_pbhsahxt,2025-08-17,storage,7.5192,239.0,0.0,0.0,0.0,0.047799999999999995,3
org_pbhsahxt,2025-08-18,analytics,18.7448,255.0,0.0,5.1641,0.0,0.052032999999999996,3
org_pbhsahxt,2025-08-18,compute,18.167299999999997,245.0,4.1927,0.0,0.0,0.049839,3
org_pbhsahxt,2025-08-18,database,13.3916,241.0,4.7331,0.0,0.0,0.049146999999999996,3
org_pbhsahxt,2025-08-18,genai,30.662999999999997,243.0,4.1486,0.0,4426.0,0.04943000000000001,6
org_pbhsahxt,2025-08-18,networking,2.8657,245.0,6.9419,39.6914,0.0,0.058326,6
org_pbhsahxt,2025-08-19,compute,22.6144,351.0,4.4694,0.0,0.0,0.07109399999999999,6
org_pbhsahxt,2025-08-19,database,5.1774,114.0,3.0162,19.7413,0.0,0.027351,3
org_pbhsahxt,2025-08-19,genai,13.2515,112.0,3.1013,0.0,2526.0,0.02302,3
org_pbhsahxt,2025-08-19,networking,3.0237999999999996,252.0,3.3149,8.2214,0.0,0.052706,6
org_pbhsahxt,2025-08-19,storage,7.7346,389.0,0.0,0.0,0.0,0.0778,3
org_pbhsahxt,2025-08-20,compute,9.9064,108.0,0.0,12.6009,0.0,0.024120000000000003,2
org_pbhsahxt,2025-08-20,database,12.8888,235.0,0.0,8.9243,0.0,0.048784999999999995,3
org_pbhsahxt,2025-08-20,genai,58.555400000000006,494.0,4.9042,2.2033,3255.0,0.100222,6
org_pbhsahxt,2025-08-20,networking,3.7058999999999997,350.0,0.0,21.5693,0.0,0.074314,6
org_pbhsahxt,2025-08-20,storage,1.9759,107.0,1.3647,13.2021,0.0,0.024312999999999998,3
org_pbhsahxt,2025-08-21,analytics,16.400799999999997,227.0,0.7179,0.0,0.0,0.045544,3
org_pbhsahxt,2025-08-21,compute,1.1441,0.0,3.0058,10.4231,0.0,0.002686,3
org_pbhsahxt,2025-08-21,genai,96.539,731.0,3.1122,0.0,8225.0,0.146822,9
org_pbhsahxt,2025-08-21,networking,2.1683,201.0,0.0,12.382,0.0,0.042676,3
org_pbhsahxt,2025-08-21,storage,5.987399999999999,246.0,3.4994,0.0,0.0,0.0499,3
org_pbhsahxt,2025-08-22,compute,15.2525,130.0,3.7732,18.8139,0.0,0.030517999999999997,6
org_pbhsahxt,2025-08-22,genai,70.50899999999999,513.0,0.1197,0.0,4488.0,0.102624,5
org_pbhsahxt,2025-08-23,analytics,8.033100000000001,107.0,1.4114,18.5661,0.0,0.025395,3
org_pbhsahxt,2025-08-23,database,0.14150000000000001,0.0,2.8979,0.0,0.0,5.8E-4,2
org_pbhsahxt,2025-08-23,genai,19.192800000000002,123.0,0.2078,19.0017,2530.0,0.028442000000000002,3
org_pbhsahxt,2025-08-23,networking,3.3074000000000003,326.0,0.0,0.0,0.0,0.0652,3
org_pbhsahxt,2025-08-23,storage,2.7351,132.0,1.6281,11.8898,0.0,0.029103999999999998,3
org_pbhsahxt,2025-08-24,analytics,11.988,123.0,3.7323,0.0,0.0,0.025346,3
org_pbhsahxt,2025-08-24,compute,45.1105,491.0,0.0,19.0531,0.0,0.10201099999999999,6
org_pbhsahxt,2025-08-24,database,18.8157,370.0,0.0,0.0,0.0,0.074,3
org_pbhsahxt,2025-08-24,genai,19.3536,126.0,5.3272,6.7194,3190.0,0.027610000000000003,5
org_pbhsahxt,2025-08-24,networking,1.8008,118.0,0.0,32.5205,0.0,0.030104,3
org_pbhsahxt,2025-08-25,compute,19.7157,262.0,0.0,7.5062,0.0,0.053901,3
org_pbhsahxt,2025-08-25,genai,92.0452,722.0,6.1202,0.0,8631.0,0.145625,9
org_pbhsahxt,2025-08-25,networking,3.5435,378.0,0.0,0.0,0.0,0.0756,3
org_pbhsahxt,2025-08-26,compute,38.626000000000005,485.0,0.0,17.864800000000002,0.0,0.10057300000000001,6
org_pbhsahxt,2025-08-26,genai,23.437600000000003,212.0,5.3825,12.4057,2940.0,0.045957,6
org_pbhsahxt,2025-08-26,networking,3.6167,349.0,2.5068,12.7518,0.0,0.072851,6
org_pbhsahxt,2025-08-27,compute,25.512299999999996,331.0,2.736,14.7852,0.0,0.069704,6
org_pbhsahxt,2025-08-27,genai,2.5819,0.0,3.4663,17.622,1777.0,0.004217,3
org_pbhsahxt,2025-08-27,networking,2.6909,244.0,0.0,19.8481,0.0,0.05277,3
org_pbhsahxt,2025-08-27,storage,4.523499999999999,250.0,0.0,4.4655,0.0,0.050893,3
org_pbhsahxt,2025-08-28,analytics,0.44820000000000004,0.0,0.0,6.0818,0.0,0.001216,3
org_pbhsahxt,2025-08-28,compute,21.512600000000003,233.0,0.0,20.6502,0.0,0.05073,3
org_pbhsahxt,2025-08-28,database,7.7585,123.0,0.0,11.7132,0.0,0.026943,3
org_pbhsahxt,2025-08-28,genai,43.9459,364.0,0.0,24.425,4885.0,0.077685,6
org_pbhsahxt,2025-08-28,networking,2.2381,217.0,6.7383,40.962,0.0,0.052939999999999994,6
org_pbhsahxt,2025-08-28,storage,0.1845,0.0,0.0,7.5957,0.0,0.001519,3
org_pbhsahxt,2025-08-29,database,9.513100000000001,131.0,1.5217,0.0,0.0,0.026504,3
org_pbhsahxt,2025-08-29,genai,16.740199999999998,128.0,0.0,3.0478,2210.0,0.026209000000000003,3
org_pbhsahxt,2025-08-29,networking,3.5515999999999996,353.0,3.1013,33.1803,0.0,0.077856,6
org_pbhsahxt,2025-08-30,compute,10.038799999999998,127.0,0.0,13.161999999999999,0.0,0.028033,3
org_pbhsahxt,2025-08-30,database,11.9631,243.0,2.1755,0.0,0.0,0.049034999999999995,3
org_pbhsahxt,2025-08-30,genai,34.0184,219.0,1.1204,17.8229,5401.0,0.047589,6
org_pbhsahxt,2025-08-30,networking,1.0133999999999999,110.0,4.4498,0.0,0.0,0.02289,3
org_pbhsahxt,2025-08-30,storage,3.9084000000000003,112.0,0.8449,0.0,0.0,0.022569,3
org_pbhsahxt,2025-08-31,compute,18.415399999999998,223.0,0.8736,0.0,0.0,0.044775,3
org_pbhsahxt,2025-08-31,database,0.3573,0.0,0.0,7.4542,0.0,0.001491,2
org_pbhsahxt,2025-08-31,genai,24.722700000000003,225.0,0.0,7.3195,2488.0,0.046464,3
org_phr62gds,2025-07-03,compute,29.5033,233.0,0.0,0.0,0.0,0.0,3
org_phr62gds,2025-07-04,analytics,14.43,112.0,0.0,8.9978,0.0,0.0,3
org_phr62gds,2025-07-04,storage,0.1582,0.0,1.8761,6.7434,0.0,0.0,3
org_phr62gds,2025-07-05,analytics,17.0189,256.0,0.0,19.0786,0.0,0.0,3
org_phr62gds,2025-07-05,compute,16.0203,227.0,0.0,0.0,0.0,0.0,3
org_phr62gds,2025-07-05,storage,2.1217,120.0,4.8325,21.2137,0.0,0.0,6
org_phr62gds,2025-07-06,compute,20.9456,236.0,0.0,0.5329,0.0,0.0,3
org_phr62gds,2025-07-06,storage,6.4961,338.0,4.1017,14.3709,0.0,0.0,5
org_phr62gds,2025-07-07,analytics,18.4666,230.0,0.0,0.0,0.0,0.0,3
org_phr62gds,2025-07-07,compute,23.863599999999998,243.0,3.4511,0.0,0.0,0.0,3
org_phr62gds,2025-07-07,storage,2.4569,119.0,4.2788,18.0691,0.0,0.0,3
org_phr62gds,2025-07-08,analytics,23.240699999999997,335.0,0.0,0.0,0.0,0.0,3
org_phr62gds,2025-07-08,compute,19.6466,233.0,2.8506,0.0,0.0,0.0,3
org_phr62gds,2025-07-08,storage,4.8895,247.0,3.0062,0.0,0.0,0.0,3
org_phr62gds,2025-07-09,analytics,7.776,99.0,2.9276,11.0523,0.0,0.0,3
org_phr62gds,2025-07-09,storage,2.5231,114.0,0.0,14.4249,0.0,0.0,3
org_phr62gds,2025-07-10,compute,2.4278,0.0,0.8469,27.759500000000003,0.0,0.0,3
org_phr62gds,2025-07-11,analytics,12.3528,208.0,0.0,0.0,0.0,0.0,3
org_phr62gds,2025-07-11,storage,7.6770000000000005,371.0,0.0,0.0,0.0,0.0,3
org_phr62gds,2025-07-12,storage,5.538500000000001,246.0,0.0,7.3949,0.0,0.0,3
org_phr62gds,2025-07-13,analytics,15.9437,225.0,0.0,0.0,0.0,0.0,3
org_phr62gds,2025-07-13,storage,0.33099999999999996,0.0,0.1725,23.4677,0.0,0.0,3
org_phr62gds,2025-07-14,analytics,12.4806,116.0,0.0,21.9946,0.0,0.0,3
org_phr62gds,2025-07-14,storage,7.3106,347.0,1.266,14.9196,0.0,0.0,6
org_phr62gds,2025-07-15,analytics,8.3,122.0,3.3373,0.0,0.0,0.0,3
org_phr62gds,2025-07-15,compute,20.9994,236.0,0.0,0.0,0.0,0.0,3
org_phr62gds,2025-07-15,storage,6.312900000000001,140.0,2.226,22.8467,0.0,0.0,6
org_phr62gds,2025-07-16,compute,19.3371,215.0,0.0,0.0,0.0,0.0,3
org_phr62gds,2025-07-17,analytics,9.0257,93.0,2.3971,0.0,0.0,0.0,3
org_phr62gds,2025-07-17,storage,8.764700000000001,384.0,0.0,0.0,0.0,0.0,3
org_phr62gds,2025-07-18,analytics,10.9012,145.0,3.9945,8.3355,0.0,0.031466,3
org_phr62gds,2025-07-18,compute,25.270400000000002,261.0,3.0301,0.0,0.0,0.052806,3
org_phr62gds,2025-07-18,storage,5.7719000000000005,264.0,1.1644,14.6933,0.0,0.055971999999999994,6
org_phr62gds,2025-07-19,analytics,1.7967,0.0,0.0,25.4801,0.0,0.005096,3
org_phr62gds,2025-07-19,compute,10.5113,108.0,0.0,21.882800000000003,0.0,0.025977,3
org_phr62gds,2025-07-19,storage,3.3899,119.0,0.0,17.4589,0.0,0.027292,3
org_phr62gds,2025-07-20,compute,10.944099999999999,129.0,1.4152,18.2725,0.0,0.029738,3
org_phr62gds,2025-07-20,storage,4.3031999999999995,217.0,0.0,4.4656,0.0,0.044293,3
org_phr62gds,2025-07-21,analytics,10.0486,138.0,0.0,9.8089,0.0,0.029561999999999998,3
org_phr62gds,2025-07-21,storage,6.9253,356.0,6.3781,0.0,0.0,0.072476,6
org_phr62gds,2025-07-22,analytics,2.3669000000000002,0.0,5.219799999999999,25.1039,0.0,0.006065,3
org_phr62gds,2025-07-22,compute,12.313500000000001,124.0,0.0,34.4133,0.0,0.031682,3
org_phr62gds,2025-07-22,storage,0.47669999999999996,0.0,7.540799999999999,22.2827,0.0,0.005966000000000001,6
org_phr62gds,2025-07-23,analytics,16.3371,248.0,0.0,17.2812,0.0,0.053056,3
org_phr62gds,2025-07-23,compute,20.622799999999998,253.0,2.086,0.0,0.0,0.05101700000000001,3
org_phr62gds,2025-07-23,storage,2.3062,94.0,0.0,16.6513,0.0,0.022130000000000004,3
org_phr62gds,2025-07-24,analytics,1.7794999999999999,0.0,3.1566,18.9695,0.0,0.004425,3
org_phr62gds,2025-07-24,compute,23.9757,238.0,0.0,0.0,0.0,0.0476,3
org_phr62gds,2025-07-24,storage,4.9195,249.0,0.0,20.771600000000003,0.0,0.053954999999999996,6
org_phr62gds,2025-07-25,analytics,2.2679,0.0,4.6436,36.5036,0.0,0.008230000000000001,3
org_phr62gds,2025-07-25,compute,14.2521,143.0,0.7874,13.478,0.0,0.031452999999999995,3
org_phr62gds,2025-07-26,compute,15.9468,217.0,0.5052,0.0,0.0,0.043501,3
org_phr62gds,2025-07-26,storage,6.5737999999999985,328.0,0.0,43.7342,0.0,0.074347,6
org_phr62gds,2025-07-27,analytics,10.7429,105.0,4.5738,15.7003,0.0,0.025055,3
org_phr62gds,2025-07-27,storage,8.498,394.0,0.0,23.9753,0.0,0.083596,6
org_phr62gds,2025-07-28,analytics,20.947400000000002,275.0,2.9346,0.0,0.0,0.055587,3
org_phr62gds,2025-07-28,compute,18.3154,234.0,0.0,1.3361,0.0,0.047067,3
org_phr62gds,2025-07-28,storage,2.5248,121.0,3.2304,0.0,0.0,0.024846,3
org_phr62gds,2025-07-29,analytics,7.8081000000000005,109.0,0.0,15.0788,0.0,0.024816,3
org_phr62gds,2025-07-29,compute,10.2988,119.0,0.6977,0.0,0.0,0.023940000000000003,3
org_phr62gds,2025-07-29,storage,0.7522,0.0,0.0,33.2044,0.0,0.006640999999999999,3
org_phr62gds,2025-07-30,analytics,0.9221,0.0,0.0,11.3525,0.0,0.00227,3
org_phr62gds,2025-07-30,compute,11.009999999999998,114.0,2.3659,3.1948,0.0,0.023912000000000003,3
org_phr62gds,2025-07-30,storage,5.2942,229.0,0.0,18.6075,0.0,0.049522000000000004,3
org_phr62gds,2025-07-31,compute,11.137099999999998,128.0,0.0,17.911099999999998,0.0,0.029182,3
org_phr62gds,2025-07-31,storage,4.3018,113.0,2.8716,0.0,0.0,0.023174,3
org_phr62gds,2025-08-02,analytics,7.5562,117.0,0.1481,3.5496,0.0,0.02414,3
org_phr62gds,2025-08-02,compute,13.218399999999999,144.0,6.468500000000001,0.0,0.0,0.030092999999999998,3
org_phr62gds,2025-08-02,storage,3.0019,115.0,0.0,23.5248,0.0,0.027705,3
org_phr62gds,2025-08-03,analytics,8.5386,129.0,5.8683,0.0,0.0,0.026974,3
org_phr62gds,2025-08-03,storage,8.427,454.0,2.0056,17.1924,0.0,0.09463899999999999,6
org_phr62gds,2025-08-04,analytics,6.1333,114.0,0.0,8.7232,0.0,0.024545,3
org_phr62gds,2025-08-04,compute,1.1862,0.0,4.2490000000000006,9.3447,0.0,0.002719,3
org_phr62gds,2025-08-04,storage,3.5361,112.0,0.0,18.1281,0.0,0.026026,3
org_phr62gds,2025-08-05,analytics,14.4981,218.0,2.2573,0.0,0.0,0.044051,3
org_phr62gds,2025-08-05,compute,22.7252,248.0,1.839,0.0,0.0,0.049968,3
org_phr62gds,2025-08-06,analytics,5.68,127.0,4.0374,0.0,0.0,0.026206999999999998,3
org_phr62gds,2025-08-06,compute,3.3575,0.0,0.0,41.2775,0.0,0.008255,3
org_phr62gds,2025-08-06,storage,1.9843,116.0,0.8134,0.0,0.0,0.023363,3
org_phr62gds,2025-08-07,compute,0.1317,0.0,0.6436,1.5887,0.0,4.4699999999999997E-4,3
org_phr62gds,2025-08-07,storage,4.6688,225.0,8.3951,0.0,0.0,0.046680000000000006,6
org_phr62gds,2025-08-08,analytics,7.3409,126.0,0.0,0.0,0.0,0.0252,3
org_phr62gds,2025-08-08,storage,10.1546,463.0,3.0351,7.4611,0.0,0.09469899999999999,6
org_phr62gds,2025-08-09,analytics,9.672699999999999,113.0,0.0,17.304,0.0,0.026060999999999997,3
org_phr62gds,2025-08-09,storage,2.7511,134.0,0.0,15.5141,0.0,0.029903,3
org_phr62gds,2025-08-10,analytics,20.0728,259.0,2.6758,0.0,0.0,0.052335,3
org_phr62gds,2025-08-10,storage,8.2342,374.0,0.0,0.0,0.0,0.0748,3
org_phr62gds,2025-08-11,analytics,10.9438,110.0,0.2769,14.5707,0.0,0.024968999999999998,3
org_phr62gds,2025-08-12,compute,28.7494,340.0,0.0,0.0,0.0,0.068,3
org_phr62gds,2025-08-12,storage,5.8784,276.0,8.1792,0.0,0.0,0.056836,6
org_phr62gds,2025-08-13,analytics,8.183499999999999,110.0,4.4945,0.0,0.0,0.022899,3
org_phr62gds,2025-08-13,compute,11.158299999999999,138.0,2.3613,0.0,0.0,0.028072,3
org_phr62gds,2025-08-13,storage,14.0465,660.0,0.0,0.0,0.0,0.132,6
org_phr62gds,2025-08-14,analytics,16.7604,229.0,0.0,16.2219,0.0,0.049044000000000004,3
org_phr62gds,2025-08-14,storage,4.6388,134.0,0.0,57.629099999999994,0.0,0.038326,6
org_phr62gds,2025-08-16,analytics,25.526899999999998,371.0,0.0,0.0,0.0,0.0742,3
org_phr62gds,2025-08-16,storage,4.5891,234.0,0.0,15.594,0.0,0.049919,3
org_phr62gds,2025-08-17,storage,4.874700000000001,224.0,1.6173,37.574200000000005,0.0,0.052637,6
org_phr62gds,2025-08-18,analytics,6.1111,91.0,0.0,12.2121,0.0,0.020642,2
org_phr62gds,2025-08-18,compute,0.5647,0.0,5.0591,1.4874,0.0,0.001308,3
org_phr62gds,2025-08-19,analytics,7.0478000000000005,118.0,2.4346,5.5311,0.0,0.025193,3
org_phr62gds,2025-08-19,compute,20.1131,231.0,0.0,0.0,0.0,0.046200000000000005,3
org_phr62gds,2025-08-19,storage,4.525799999999999,193.0,0.0,21.34,0.0,0.042868,3
org_phr62gds,2025-08-20,analytics,19.1996,233.0,0.0,10.2081,0.0,0.048642,3
org_phr62gds,2025-08-20,compute,14.3087,126.0,0.0,27.297199999999997,0.0,0.030659,3
org_phr62gds,2025-08-20,storage,5.364800000000001,270.0,0.0,29.4513,0.0,0.05989,3
org_phr62gds,2025-08-21,analytics,18.8408,250.0,0.0,14.4963,0.0,0.052899,3
org_phr62gds,2025-08-21,storage,5.3582,227.0,0.0,9.135,0.0,0.047227,3
org_phr62gds,2025-08-23,compute,7.7804,113.0,4.6624,0.0,0.0,0.023531999999999997,3
org_phr62gds,2025-08-24,analytics,18.958199999999998,214.0,1.6722,0.0,0.0,0.043134000000000006,3
org_phr62gds,2025-08-24,storage,0.7708000000000002,0.0,2.5994,40.388400000000004,0.0,0.008598000000000001,6
org_phr62gds,2025-08-25,analytics,9.2651,110.0,4.9678,11.2254,0.0,0.025239,3
org_phr62gds,2025-08-25,storage,1.883,103.0,2.0308,2.875,0.0,0.021581,3
org_phr62gds,2025-08-26,storage,3.8099999999999996,128.0,2.1996,42.2522,0.0,0.034491,6
org_phr62gds,2025-08-27,storage,5.7473,249.0,6.0438,0.0,0.0,0.051009,6
org_phr62gds,2025-08-28,storage,1.8105999999999998,98.0,2.8927,0.0,0.0,0.020179,3
org_phr62gds,2025-08-29,analytics,1.4682,0.0,2.6426000000000003,22.8487,0.0,0.005099,3
org_phr62gds,2025-08-29,compute,10.3728,129.0,3.2344999999999997,0.0,0.0,0.026447,3
org_phr62gds,2025-08-29,storage,7.0360000000000005,360.0,6.0251,16.263,0.0,0.07645800000000001,6
org_phr62gds,2025-08-30,analytics,2.2404,0.0,0.0,30.6555,0.0,0.006130999999999999,3
org_phr62gds,2025-08-30,storage,9.3794,419.0,0.0,36.591899999999995,0.0,0.091118,6
org_phr62gds,2025-08-31,analytics,16.787399999999998,246.0,0.0,14.3128,0.0,0.052063,3
org_phr62gds,2025-08-31,compute,1.0127,0.0,7.6844,8.5218,0.0,0.003241,3
org_phr62gds,2025-08-31,storage,1.9328,110.0,1.7677,9.9378,0.0,0.024342,3
org_pht0hl9x,2025-07-03,analytics,1.2339,0.0,3.3945,16.3767,0.0,0.0,3
org_pht0hl9x,2025-07-05,analytics,17.662399999999998,252.0,2.976,0.0,0.0,0.0,3
org_pht0hl9x,2025-07-05,compute,20.717799999999997,243.0,0.0378,0.0,0.0,0.0,3
org_pht0hl9x,2025-07-06,analytics,15.2774,212.0,2.8178,0.0,0.0,0.0,3
org_pht0hl9x,2025-07-06,compute,1.3041,0.0,3.9208,14.2363,0.0,0.0,3
org_pht0hl9x,2025-07-06,storage,4.1305,222.0,0.0,0.0,0.0,0.0,3
org_pht0hl9x,2025-07-07,analytics,19.2406,231.0,1.6312,0.0,0.0,0.0,3
org_pht0hl9x,2025-07-07,compute,0.4963,0.0,7.049799999999999,0.0,0.0,0.0,3
org_pht0hl9x,2025-07-07,storage,4.2608,216.0,0.0,12.9993,0.0,0.0,3
org_pht0hl9x,2025-07-08,analytics,15.3918,252.0,0.0605,0.0,0.0,0.0,3
org_pht0hl9x,2025-07-09,analytics,9.7327,106.0,1.6333,0.8394,0.0,0.0,3
org_pht0hl9x,2025-07-10,analytics,7.3096,129.0,3.525,0.0,0.0,0.0,3
org_pht0hl9x,2025-07-12,compute,16.0077,224.0,0.0,7.9378,0.0,0.0,3
org_pht0hl9x,2025-07-12,storage,7.854099999999999,361.0,0.0,0.0,0.0,0.0,3
org_pht0hl9x,2025-07-13,compute,1.119,0.0,2.2558,9.2796,0.0,0.0,3
org_pht0hl9x,2025-07-13,storage,4.3337,241.0,0.0,0.5796,0.0,0.0,3
org_pht0hl9x,2025-07-14,compute,21.008899999999997,237.0,0.6771,0.0,0.0,0.0,3
org_pht0hl9x,2025-07-14,storage,2.7928,129.0,1.5807,0.0,0.0,0.0,2
org_pht0hl9x,2025-07-15,compute,26.6911,347.0,0.0,0.0,0.0,0.0,3
org_pht0hl9x,2025-07-15,storage,4.88,250.0,0.0,0.0,0.0,0.0,3
org_pht0hl9x,2025-07-16,compute,2.0069,0.0,0.4923,22.8166,0.0,0.0,3
org_pht0hl9x,2025-07-17,analytics,18.413999999999998,256.0,3.2094,0.0,0.0,0.0,3
org_pht0hl9x,2025-07-17,storage,2.0822,114.0,2.6641,0.0,0.0,0.0,3
org_pht0hl9x,2025-07-18,analytics,5.8653,106.0,0.0,0.2236,0.0,0.021245,3
org_pht0hl9x,2025-07-18,compute,8.7254,115.0,2.4992,0.0,0.0,0.0235,3
org_pht0hl9x,2025-07-18,storage,2.9544,118.0,0.0,14.9654,0.0,0.026593,3
org_pht0hl9x,2025-07-20,analytics,15.3786,218.0,0.0,18.9959,0.0,0.047399,3
org_pht0hl9x,2025-07-21,analytics,0.8263,0.0,3.1071,8.3251,0.0,0.002287,3
org_pht0hl9x,2025-07-21,storage,6.7404,282.0,0.0,0.0,0.0,0.056400000000000006,3
org_pht0hl9x,2025-07-22,compute,8.1903,131.0,1.7276,0.0,0.0,0.026546,3
org_pht0hl9x,2025-07-22,storage,7.0615000000000006,373.0,0.0,0.0,0.0,0.0746,3
org_pht0hl9x,2025-07-23,analytics,14.6066,215.0,3.4708,0.0,0.0,0.043694,3
org_pht0hl9x,2025-07-23,compute,22.5338,227.0,0.0,0.0,0.0,0.045399999999999996,3
org_pht0hl9x,2025-07-24,analytics,24.7848,365.0,0.0,0.0,0.0,0.07300000000000001,3
org_pht0hl9x,2025-07-24,compute,9.0362,113.0,0.0,0.0,0.0,0.0226,3
org_pht0hl9x,2025-07-25,analytics,8.3127,135.0,2.7522,2.9465,0.0,0.028139,3
org_pht0hl9x,2025-07-25,compute,9.361899999999999,110.0,0.0,21.2673,0.0,0.026253,3
org_pht0hl9x,2025-07-26,analytics,9.594700000000001,127.0,0.0,22.083000000000002,0.0,0.029816,3
org_pht0hl9x,2025-07-26,compute,1.6505,0.0,2.3185,17.157,0.0,0.003895,3
org_pht0hl9x,2025-07-26,storage,9.4802,379.0,0.0,0.0,0.0,0.0758,3
org_pht0hl9x,2025-07-27,analytics,8.7082,114.0,0.0,16.924300000000002,0.0,0.026185,3
org_pht0hl9x,2025-07-28,analytics,25.5263,373.0,0.0,0.0,0.0,0.0746,3
org_pht0hl9x,2025-07-28,compute,0.631,0.0,7.2886,0.0,0.0,0.001458,3
org_pht0hl9x,2025-07-29,analytics,0.3964,0.0,5.3133,0.0,0.0,0.001063,3
org_pht0hl9x,2025-07-29,compute,9.7466,0.0,0.0,24.107599999999998,0.0,0.004821,3
org_pht0hl9x,2025-07-30,analytics,19.9147,236.0,0.0,2.3136,0.0,0.047663000000000004,3
org_pht0hl9x,2025-07-30,storage,2.8528000000000002,130.0,6.256600000000001,0.0,0.0,0.027250999999999997,3
org_pht0hl9x,2025-07-31,compute,16.950699999999998,115.0,0.0,13.2096,0.0,0.025641999999999998,3
org_pht0hl9x,2025-08-01,analytics,8.1062,125.0,4.9407,0.0,0.0,0.025988,3
org_pht0hl9x,2025-08-01,compute,9.9505,112.0,0.1838,6.097,0.0,0.023656,3
org_pht0hl9x,2025-08-02,compute,10.0469,117.0,5.2817,0.0,0.0,0.024456000000000002,3
org_pht0hl9x,2025-08-03,storage,2.6665,113.0,0.0,0.0,0.0,0.0226,3
org_pht0hl9x,2025-08-05,compute,8.392700000000001,0.0,1.7031,7.7866,0.0,0.001898,3
org_pht0hl9x,2025-08-05,storage,3.9901,104.0,5.8634,0.0,0.0,0.021973,3
org_pht0hl9x,2025-08-06,analytics,15.696200000000001,245.0,0.0,9.176,0.0,0.050835,3
org_pht0hl9x,2025-08-07,compute,12.191200000000002,130.0,2.2664,10.6445,0.0,0.028581999999999996,3
org_pht0hl9x,2025-08-07,storage,0.3579,0.0,1.3688,14.819399999999998,0.0,0.003238,3
org_pht0hl9x,2025-08-08,analytics,19.524,249.0,2.21,0.0,0.0,0.050241999999999995,3
org_pht0hl9x,2025-08-08,compute,11.8595,111.0,1.2557,12.4309,0.0,0.024937,3
org_pht0hl9x,2025-08-09,analytics,27.2838,383.0,0.0,0.0,0.0,0.0766,3
org_pht0hl9x,2025-08-09,compute,1.9135,0.0,1.8779,18.5639,0.0,0.004089,3
org_pht0hl9x,2025-08-10,analytics,26.661099999999998,377.0,0.0,0.0,0.0,0.07540000000000001,3
org_pht0hl9x,2025-08-10,storage,0.5934999999999999,0.0,0.0,27.244,0.0,0.005449000000000001,2
org_pht0hl9x,2025-08-11,analytics,18.5127,242.0,0.0,12.7607,0.0,0.050952,3
org_pht0hl9x,2025-08-11,compute,8.2852,117.0,1.7072,9.7522,0.0,0.025691000000000002,3
org_pht0hl9x,2025-08-12,analytics,8.495099999999999,114.0,0.309,6.5975,0.0,0.024182000000000002,3
org_pht0hl9x,2025-08-12,storage,4.6121,233.0,0.0,0.0,0.0,0.0466,3
org_pht0hl9x,2025-08-13,analytics,1.1731,0.0,1.2904,14.4826,0.0,0.003155,3
org_pht0hl9x,2025-08-13,compute,1.9574,0.0,0.1129,23.6031,0.0,0.004744,3
org_pht0hl9x,2025-08-14,analytics,11.3187,148.0,0.0,18.5661,0.0,0.033313,3
org_pht0hl9x,2025-08-14,compute,0.7421,0.0,3.7601,5.9151,0.0,0.001935,3
org_pht0hl9x,2025-08-15,compute,0.9515,0.0,1.934,10.034600000000001,0.0,0.0023940000000000003,3
org_pht0hl9x,2025-08-15,storage,2.4962999999999997,118.0,0.0,2.8659,0.0,0.024173,3
org_pht0hl9x,2025-08-16,compute,20.965500000000002,249.0,0.5918,0.0,0.0,0.049918,3
org_pht0hl9x,2025-08-17,analytics,18.5884,277.0,0.0,8.5577,0.0,0.057111999999999996,3
org_pht0hl9x,2025-08-17,compute,23.470100000000002,231.0,0.0,31.7826,0.0,0.052557000000000006,3
org_pht0hl9x,2025-08-17,storage,7.921799999999999,357.0,0.0,0.0,0.0,0.07139999999999999,3
org_pht0hl9x,2025-08-18,analytics,20.0693,246.0,0.0,13.6261,0.0,0.051925,3
org_pht0hl9x,2025-08-18,compute,21.4454,224.0,0.0,9.9425,0.0,0.046789,3
org_pht0hl9x,2025-08-18,storage,2.6731,111.0,0.0,12.1573,0.0,0.024631,3
org_pht0hl9x,2025-08-19,compute,23.1909,267.0,0.0,5.86,0.0,0.054572,3
org_pht0hl9x,2025-08-19,storage,5.395199999999999,228.0,0.0,13.4581,0.0,0.048292,3
org_pht0hl9x,2025-08-20,analytics,28.9441,404.0,0.0,0.0,0.0,0.0808,3
org_pht0hl9x,2025-08-20,compute,9.7662,112.0,0.0,0.0,0.0,0.0224,3
org_pht0hl9x,2025-08-21,compute,21.3461,249.0,0.0,13.5989,0.0,0.05252,3
org_pht0hl9x,2025-08-22,analytics,14.1182,244.0,3.5058,0.0,0.0,0.049500999999999996,3
org_pht0hl9x,2025-08-22,storage,4.6279,255.0,0.1512,0.0,0.0,0.051030000000000006,3
org_pht0hl9x,2025-08-23,compute,16.7181,221.0,5.8449,0.0,0.0,0.045369,3
org_pht0hl9x,2025-08-23,storage,2.7951,132.0,0.0,39.7877,0.0,0.034357,3
org_pht0hl9x,2025-08-24,analytics,9.9551,128.0,0.0,7.1166,0.0,0.027023000000000002,3
org_pht0hl9x,2025-08-25,analytics,257.042,246.0,5.477,0.0,0.0,0.050295,3
org_pht0hl9x,2025-08-25,compute,14.070500000000001,133.0,2.1602,29.7009,0.0,0.032972,3
org_pht0hl9x,2025-08-26,analytics,7.8297,121.0,1.2568,6.2792,0.0,0.025707,3
org_pht0hl9x,2025-08-26,storage,2.3144,106.0,3.5567,0.0,0.0,0.021911,3
org_pht0hl9x,2025-08-27,analytics,8.9732,113.0,0.0,13.6793,0.0,0.025335999999999997,3
org_pht0hl9x,2025-08-27,compute,17.703,246.0,0.0,9.5644,0.0,0.051113000000000006,3
org_pht0hl9x,2025-08-27,storage,7.0637,377.0,0.0,0.0,0.0,0.0754,3
org_pht0hl9x,2025-08-28,analytics,18.0282,248.0,0.0,0.0,0.0,0.049600000000000005,3
org_pht0hl9x,2025-08-28,compute,21.0643,119.0,0.0,12.2679,0.0,0.026254000000000003,3
org_pht0hl9x,2025-08-28,storage,5.5886,258.0,0.0,3.1705,0.0,0.052234,3
org_pht0hl9x,2025-08-29,analytics,0.9327000000000001,0.0,0.926,12.7787,0.0,0.002741,3
org_pht0hl9x,2025-08-29,compute,17.5916,235.0,2.9311,0.0,0.0,0.047586,3
org_pht0hl9x,2025-08-30,compute,8.2708,122.0,2.5109000000000004,0.0,0.0,0.024902,3
org_pht0hl9x,2025-08-30,storage,2.5032,108.0,0.0,41.0569,0.0,0.029811,3
org_pht0hl9x,2025-08-31,analytics,10.6525,125.0,0.0,20.5966,0.0,0.029119000000000003,3
org_pja1wj0t,2025-07-03,compute,27.209,348.0,2.6787,8.5609,0.0,0.0,6
org_pja1wj0t,2025-07-03,networking,1.0152999999999999,113.0,6.5888,0.0,0.0,0.0,3
org_pja1wj0t,2025-07-03,storage,4.7583,244.0,3.5848,0.0,0.0,0.0,3
org_pja1wj0t,2025-07-04,storage,3.0463,123.0,3.6215,4.6714,0.0,0.0,3
org_pja1wj0t,2025-07-05,compute,31.351300000000002,460.0,3.1486,0.0,0.0,0.0,6
org_pja1wj0t,2025-07-05,networking,2.7566,264.0,3.195,0.0,0.0,0.0,3
org_pja1wj0t,2025-07-05,storage,2.7285,114.0,0.0,12.4409,0.0,0.0,3
org_pja1wj0t,2025-07-06,compute,10.8262,107.0,0.0,34.1667,0.0,0.0,3
org_pja1wj0t,2025-07-06,storage,8.0402,409.0,0.0,0.0,0.0,0.0,3
org_pja1wj0t,2025-07-07,compute,30.754200000000004,361.0,0.6179,12.8967,0.0,0.0,6
org_pja1wj0t,2025-07-07,networking,2.7145,269.0,0.0,9.704,0.0,0.0,3
org_pja1wj0t,2025-07-07,storage,2.7681,103.0,0.0,16.6099,0.0,0.0,3
org_pja1wj0t,2025-07-08,networking,2.1882,231.0,3.051,0.0,0.0,0.0,3
org_pja1wj0t,2025-07-08,storage,4.768599999999999,243.0,0.0,9.6639,0.0,0.0,3
org_pja1wj0t,2025-07-09,compute,29.0312,342.0,4.3325,6.8204,0.0,0.0,6
org_pja1wj0t,2025-07-09,networking,3.2733,329.0,0.0,0.0,0.0,0.0,3
org_pja1wj0t,2025-07-10,compute,30.5484,222.0,3.386,0.2356,0.0,0.0,6
org_pja1wj0t,2025-07-11,compute,9.102,113.0,0.7854,5.9814,0.0,0.0,3
org_pja1wj0t,2025-07-11,networking,1.8563999999999998,221.0,0.4132,0.0,0.0,0.0,3
org_pja1wj0t,2025-07-11,storage,2.4454000000000002,114.0,1.7027999999999999,0.0,0.0,0.0,3
org_pja1wj0t,2025-07-12,compute,7.720699999999999,108.0,1.9633,16.4857,0.0,0.0,3
org_pja1wj0t,2025-07-12,networking,2.7045,240.0,2.4178,0.0,0.0,0.0,3
org_pja1wj0t,2025-07-13,compute,0.6242,0.0,6.4384,0.0,0.0,0.0,3
org_pja1wj0t,2025-07-13,networking,0.151,0.0,1.5103,15.6942,0.0,0.0,3
org_pja1wj0t,2025-07-14,compute,2.8661,0.0,2.8067,34.454,0.0,0.0,3
org_pja1wj0t,2025-07-14,networking,1.6902,143.0,5.247400000000001,0.0,0.0,0.0,3
org_pja1wj0t,2025-07-15,compute,25.9923,245.0,1.8506,27.5917,0.0,0.0,6
org_pja1wj0t,2025-07-15,storage,3.6882,248.0,0.0,0.0,0.0,0.0,3
org_pja1wj0t,2025-07-16,compute,0.5038,0.0,5.6331,0.0,0.0,0.0,3
org_pja1wj0t,2025-07-16,networking,1.4966000000000002,129.0,0.6144,14.4561,0.0,0.0,3
org_pja1wj0t,2025-07-16,storage,2.095,105.0,3.4075,0.0,0.0,0.0,3
org_pja1wj0t,2025-07-17,compute,25.462699999999998,260.0,0.0,5.6549,0.0,0.0,3
org_pja1wj0t,2025-07-17,networking,0.9935,122.0,0.5405,3.0974,0.0,0.0,3
org_pja1wj0t,2025-07-17,storage,4.6108,244.0,0.0936,0.0,0.0,0.0,3
org_pja1wj0t,2025-07-18,compute,23.1793,252.0,0.7859,21.2045,0.0,0.054798,6
org_pja1wj0t,2025-07-18,networking,0.299,0.0,2.7958,28.712600000000002,0.0,0.006300999999999999,3
org_pja1wj0t,2025-07-18,storage,0.2669,0.0,1.9508,9.803,0.0,0.00235,3
org_pja1wj0t,2025-07-19,compute,1.0915,0.0,1.6848,12.798300000000001,0.0,0.0028970000000000003,3
org_pja1wj0t,2025-07-19,networking,1.0096,112.0,5.4046,0.0,0.0,0.023481,3
org_pja1wj0t,2025-07-19,storage,0.5839,0.0,0.0,34.0202,0.0,0.006805,3
org_pja1wj0t,2025-07-20,compute,9.5433,126.0,3.1444,11.8144,0.0,0.028192000000000002,3
org_pja1wj0t,2025-07-20,networking,0.1076,0.0,2.0811,10.0143,0.0,0.002419,3
org_pja1wj0t,2025-07-21,compute,21.6251,244.0,3.9713,33.8927,0.0,0.056373000000000006,6
org_pja1wj0t,2025-07-21,networking,1.2285,125.0,5.0151,10.194,0.0,0.028042,3
org_pja1wj0t,2025-07-22,compute,19.9702,234.0,3.4729,0.0,0.0,0.047494999999999996,3
org_pja1wj0t,2025-07-23,compute,17.5717,225.0,1.7006,7.1116,0.0,0.046762,6
org_pja1wj0t,2025-07-23,networking,3.5912,363.0,0.0,0.0,0.0,0.0726,3
org_pja1wj0t,2025-07-23,storage,6.743,351.0,0.0,0.0,0.0,0.0702,3
org_pja1wj0t,2025-07-24,compute,19.2343,240.0,2.7069,0.0,0.0,0.048541,3
org_pja1wj0t,2025-07-24,storage,2.2425,120.0,2.1684,18.8013,0.0,0.028194,3
org_pja1wj0t,2025-07-25,compute,11.2247,138.0,1.7981,12.3088,0.0,0.030421999999999998,3
org_pja1wj0t,2025-07-25,networking,3.4995000000000003,361.0,0.0,0.0,0.0,0.0722,3
org_pja1wj0t,2025-07-25,storage,5.7527,244.0,0.0,0.0,0.0,0.048799999999999996,3
org_pja1wj0t,2025-07-26,compute,24.4925,351.0,1.5133,3.1539,0.0,0.07113400000000002,6
org_pja1wj0t,2025-07-26,networking,1.5611,127.0,0.0,22.5243,0.0,0.029905,3
org_pja1wj0t,2025-07-26,storage,0.1263,0.0,6.868499999999999,0.0,0.0,0.001374,3
org_pja1wj0t,2025-07-27,storage,2.9850999999999996,124.0,0.0,5.4594000000000005,0.0,0.025892,3
org_pja1wj0t,2025-07-28,compute,0.1752,0.0,0.8857,1.0055,0.0,3.7799999999999997E-4,3
org_pja1wj0t,2025-07-28,networking,2.5788,218.0,0.0,11.9936,0.0,0.045999,3
org_pja1wj0t,2025-07-28,storage,4.5931,222.0,0.0,1.4925,0.0,0.044698,3
org_pja1wj0t,2025-07-29,compute,32.4225,369.0,12.0367,24.7344,0.0,0.081154,6
org_pja1wj0t,2025-07-29,networking,2.678,228.0,0.0,8.2803,0.0,0.047256000000000006,3
org_pja1wj0t,2025-07-29,storage,0.6176,0.0,1.6813,26.5877,0.0,0.005653999999999999,3
org_pja1wj0t,2025-07-30,compute,40.4968,338.0,0.0,6.6257,0.0,0.068925,6
org_pja1wj0t,2025-07-30,networking,2.2638,240.0,0.0,10.3423,0.0,0.050068,3
org_pja1wj0t,2025-07-30,storage,1.9663,121.0,4.7048,0.1552,0.0,0.025172,3
org_pja1wj0t,2025-07-31,compute,8.3783,119.0,3.0433,27.1032,0.0,0.029830000000000002,3
org_pja1wj0t,2025-07-31,networking,0.7529,141.0,3.0495,11.188,0.0,0.031048,3
org_pja1wj0t,2025-08-01,networking,1.0846,108.0,5.457,5.9077,0.0,0.023873,3
org_pja1wj0t,2025-08-01,storage,4.953,108.0,1.9251,0.0,0.0,0.021985,3
org_pja1wj0t,2025-08-02,compute,27.9041,317.0,0.0,0.0,0.0,0.0634,3
org_pja1wj0t,2025-08-02,networking,2.9317,255.0,0.0,0.0,0.0,0.051000000000000004,3
org_pja1wj0t,2025-08-02,storage,0.5005000000000001,0.0,0.0,22.6219,0.0,0.004524,3
org_pja1wj0t,2025-08-03,compute,20.9512,232.0,0.0,0.0,0.0,0.0464,3
org_pja1wj0t,2025-08-03,networking,2.0822,234.0,3.6188,0.0,0.0,0.047524000000000004,3
org_pja1wj0t,2025-08-03,storage,4.8849,214.0,0.0,3.3786,0.0,0.043476,3
org_pja1wj0t,2025-08-04,compute,17.524800000000003,248.0,0.0,2.0039,0.0,0.050001000000000004,3
org_pja1wj0t,2025-08-04,networking,2.8159,283.0,0.0,0.0,0.0,0.0566,3
org_pja1wj0t,2025-08-04,storage,3.1357999999999997,124.0,3.8979,11.1537,0.0,0.027811,3
org_pja1wj0t,2025-08-05,compute,36.5522,473.0,4.422000000000001,0.0,0.0,0.095484,6
org_pja1wj0t,2025-08-05,networking,2.5887000000000002,226.0,0.5042,0.0,0.0,0.045300999999999994,3
org_pja1wj0t,2025-08-06,compute,12.9085,126.0,1.7195,0.0,0.0,0.025544,3
org_pja1wj0t,2025-08-06,networking,1.044,109.0,0.7745,0.0,0.0,0.021955,3
org_pja1wj0t,2025-08-07,compute,27.002200000000002,371.0,1.333,5.9204,0.0,0.07565100000000001,6
org_pja1wj0t,2025-08-07,networking,2.8917,257.0,3.569,0.0,0.0,0.052114,3
org_pja1wj0t,2025-08-07,storage,7.9502999999999995,369.0,0.0,0.0,0.0,0.0738,3
org_pja1wj0t,2025-08-08,compute,42.765499999999996,514.0,2.127,10.8216,0.0,0.105389,6
org_pja1wj0t,2025-08-08,networking,1.5766,114.0,0.0,12.6044,0.0,0.025321,3
org_pja1wj0t,2025-08-09,compute,17.2774,245.0,0.0,9.9972,0.0,0.050999,3
org_pja1wj0t,2025-08-10,compute,28.3705,352.0,0.4111,1.2268,0.0,0.070727,6
org_pja1wj0t,2025-08-11,networking,1.1688,107.0,0.9098,13.1478,0.0,0.024212,3
org_pja1wj0t,2025-08-12,compute,7.8502,125.0,3.0338,0.0,0.0,0.025607,3
org_pja1wj0t,2025-08-12,networking,1.5139,105.0,0.0,15.6493,0.0,0.024130000000000002,3
org_pja1wj0t,2025-08-13,compute,8.687000000000001,130.0,2.3566,0.0,0.0,0.026472,3
org_pja1wj0t,2025-08-13,storage,2.3279,103.0,0.0,7.1328000000000005,0.0,0.022027,3
org_pja1wj0t,2025-08-14,compute,16.0292,231.0,0.0,15.91,0.0,0.049382,6
org_pja1wj0t,2025-08-14,networking,1.2184,117.0,1.8372,0.0,0.0,0.023767,3
org_pja1wj0t,2025-08-15,compute,18.4388,228.0,0.7332,0.0,0.0,0.045747,3
org_pja1wj0t,2025-08-15,storage,2.2582,97.0,0.8593,10.6682,0.0,0.021706,3
org_pja1wj0t,2025-08-16,compute,21.6188,260.0,5.093,14.4828,0.0,0.05591600000000001,6
org_pja1wj0t,2025-08-17,compute,11.285099999999998,123.0,3.6464,16.9414,0.0,0.028717,3
org_pja1wj0t,2025-08-17,storage,4.7604999999999995,240.0,5.2389,0.0,0.0,0.049048,3
org_pja1wj0t,2025-08-18,compute,44.8973,556.0,0.0,10.8362,0.0,0.11336700000000001,6
org_pja1wj0t,2025-08-18,networking,1.5268,107.0,0.0,9.2853,0.0,0.023257,3
org_pja1wj0t,2025-08-19,compute,33.7606,386.0,2.1147,26.091,0.0,0.08284100000000001,6
org_pja1wj0t,2025-08-19,networking,0.3046,0.0,3.2853,28.3956,0.0,0.006336,3
org_pja1wj0t,2025-08-20,compute,18.6824,216.0,0.0,3.5951,0.0,0.043919,3
org_pja1wj0t,2025-08-20,networking,1.3191,119.0,3.0397,3.9058,0.0,0.025189000000000003,3
org_pja1wj0t,2025-08-21,compute,11.0519,113.0,2.278,0.0,0.0,0.023056,3
org_pja1wj0t,2025-08-23,compute,205.83689999999999,117.0,2.0722,17.199,0.0,0.027254,3
org_pja1wj0t,2025-08-24,compute,12.322799999999999,115.0,0.0,50.8596,0.0,0.03317199999999999,6
org_pja1wj0t,2025-08-25,compute,1.9722,0.0,5.6111,19.1551,0.0,0.004953,3
org_pja1wj0t,2025-08-25,storage,0.1883,0.0,0.2894,8.3772,0.0,0.0017339999999999999,3
org_pja1wj0t,2025-08-26,compute,11.0357,119.0,0.1233,16.4538,0.0,0.027116,3
org_pja1wj0t,2025-08-26,networking,2.5922,247.0,0.0,18.7162,0.0,0.053142999999999996,3
org_pja1wj0t,2025-08-27,compute,40.3104,477.0,1.1613,18.5343,0.0,0.099339,6
org_pja1wj0t,2025-08-27,networking,2.3271,244.0,1.8481,0.0,0.0,0.04917,3
org_pja1wj0t,2025-08-27,storage,0.41490000000000005,0.0,0.0,19.9783,0.0,0.0039959999999999996,3
org_pja1wj0t,2025-08-28,compute,29.636899999999997,264.0,0.0,0.0,0.0,0.0528,3
org_pja1wj0t,2025-08-28,storage,2.756,120.0,0.0,14.848099999999999,0.0,0.02697,3
org_pja1wj0t,2025-08-29,networking,1.7206,125.0,3.819,12.6234,0.0,0.028289,3
org_pja1wj0t,2025-08-30,compute,40.604,484.0,2.7303,7.3517,0.0,0.098816,6
org_pja1wj0t,2025-08-30,networking,2.386,252.0,0.0,8.094,0.0,0.052018999999999996,3
org_pja1wj0t,2025-08-31,compute,11.927999999999999,111.0,1.9617,14.4516,0.0,0.025482,3
org_pja1wj0t,2025-08-31,networking,3.6526,341.0,0.0,0.0,0.0,0.0682,3
org_pnsm43d8,2025-07-03,compute,47.557599999999994,354.0,8.9135,25.2434,0.0,0.0,9
org_pnsm43d8,2025-07-03,storage,2.5740999999999996,122.0,1.788,12.0022,0.0,0.0,3
org_pnsm43d8,2025-07-04,compute,51.2119,532.0,1.4293,27.815399999999997,0.0,0.0,9
org_pnsm43d8,2025-07-04,storage,6.1303,344.0,0.0,0.0,0.0,0.0,3
org_pnsm43d8,2025-07-05,compute,70.17410000000001,723.0,6.6774000000000004,70.0786,0.0,0.0,15
org_pnsm43d8,2025-07-06,compute,57.9691,708.0,0.6495,37.096000000000004,0.0,0.0,12
org_pnsm43d8,2025-07-06,networking,2.6957,251.0,2.8193,0.0,0.0,0.0,3
org_pnsm43d8,2025-07-06,storage,6.9263,352.0,0.0,0.0,0.0,0.0,3
org_pnsm43d8,2025-07-07,compute,54.2924,609.0,3.6206,75.72489999999999,0.0,0.0,12
org_pnsm43d8,2025-07-07,networking,0.1764,0.0,0.5782,15.937000000000001,0.0,0.0,3
org_pnsm43d8,2025-07-07,storage,0.4484,0.0,3.2681,18.5844,0.0,0.0,3
org_pnsm43d8,2025-07-08,compute,12.488399999999999,114.0,2.2539,44.4304,0.0,0.0,6
org_pnsm43d8,2025-07-08,networking,2.8193,257.0,0.0,0.0,0.0,0.0,3
org_pnsm43d8,2025-07-08,storage,0.37920000000000004,0.0,1.5685,17.6536,0.0,0.0,3
org_pnsm43d8,2025-07-09,compute,15.5221,138.0,6.838800000000001,43.9649,0.0,0.0,9
org_pnsm43d8,2025-07-10,compute,24.8443,264.0,7.7998,48.5691,0.0,0.0,9
org_pnsm43d8,2025-07-10,networking,2.5289,203.0,0.0,10.9526,0.0,0.0,3
org_pnsm43d8,2025-07-11,compute,12.1607,117.0,0.4866,13.292,0.0,0.0,3
org_pnsm43d8,2025-07-11,networking,1.2637,120.0,0.0,29.650000000000002,0.0,0.0,3
org_pnsm43d8,2025-07-12,compute,28.162799999999997,342.0,7.3959,5.817,0.0,0.0,9
org_pnsm43d8,2025-07-12,networking,2.4637000000000002,238.0,0.0,27.1275,0.0,0.0,3
org_pnsm43d8,2025-07-12,storage,2.3848,122.0,0.8851,16.843,0.0,0.0,3
org_pnsm43d8,2025-07-13,compute,54.4189,740.0,1.1546,1.7568,0.0,0.0,9
org_pnsm43d8,2025-07-13,storage,4.534000000000001,235.0,0.0,13.6966,0.0,0.0,3
org_pnsm43d8,2025-07-14,compute,22.7798,238.0,8.4525,17.0297,0.0,0.0,6
org_pnsm43d8,2025-07-15,compute,27.3305,367.0,5.5938,0.0,0.0,0.0,6
org_pnsm43d8,2025-07-15,storage,2.3263,127.0,2.4027,0.0,0.0,0.0,3
org_pnsm43d8,2025-07-16,compute,52.593199999999996,677.0,0.0,65.15719999999999,0.0,0.0,12
org_pnsm43d8,2025-07-16,storage,0.45,0.0,0.0824,25.541400000000003,0.0,0.0,3
org_pnsm43d8,2025-07-17,compute,27.556199999999997,339.0,7.7796,0.0923,0.0,0.0,8
org_pnsm43d8,2025-07-17,networking,3.8281,396.0,0.0,0.0,0.0,0.0,3
org_pnsm43d8,2025-07-17,storage,56.6704,256.0,0.0,12.1503,0.0,0.0,3
org_pnsm43d8,2025-07-18,compute,75.1477,869.0,3.05,36.6114,0.0,0.181732,12
org_pnsm43d8,2025-07-18,storage,3.213,124.0,1.5558,0.0,0.0,0.025110999999999998,3
org_pnsm43d8,2025-07-19,compute,31.982599999999998,456.0,1.6351,0.0,0.0,0.091527,6
org_pnsm43d8,2025-07-19,networking,2.5147,227.0,0.0,0.0,0.0,0.045399999999999996,3
org_pnsm43d8,2025-07-19,storage,0.2103,0.0,3.7805,6.7409,0.0,0.002104,3
org_pnsm43d8,2025-07-20,compute,12.9682,133.0,3.1324,32.0253,0.0,0.033631,6
org_pnsm43d8,2025-07-20,networking,1.5192,130.0,2.0912,12.3308,0.0,0.028884,3
org_pnsm43d8,2025-07-20,storage,4.097799999999999,239.0,0.0,0.0,0.0,0.047799999999999995,3
org_pnsm43d8,2025-07-21,compute,30.403200000000002,345.0,0.0,0.0,0.0,0.06899999999999999,3
org_pnsm43d8,2025-07-21,storage,2.7042,119.0,8.1846,0.0,0.0,0.025437,3
org_pnsm43d8,2025-07-22,compute,7.8248,132.0,3.6165,0.0,0.0,0.027123,3
org_pnsm43d8,2025-07-23,compute,67.8008,830.0,4.7793,19.128999999999998,0.0,0.17078300000000002,15
org_pnsm43d8,2025-07-23,storage,2.9165,113.0,1.6036,5.477,0.0,0.024016,3
org_pnsm43d8,2025-07-24,compute,85.4368,1029.0,1.8093,25.7193,0.0,0.21130599999999997,15
org_pnsm43d8,2025-07-24,networking,0.1261,0.0,0.9701,12.9658,0.0,0.002787,3
org_pnsm43d8,2025-07-25,compute,63.23949999999999,732.0,9.6877,20.7429,0.0,0.15248599999999998,15
org_pnsm43d8,2025-07-25,networking,1.7702,127.0,3.6687000000000003,0.0,0.0,0.026132999999999997,3
org_pnsm43d8,2025-07-26,compute,62.965599999999995,726.0,3.4833,48.2787,0.0,0.155553,12
org_pnsm43d8,2025-07-26,storage,6.3835,376.0,0.0,0.0,0.0,0.07519999999999999,3
org_pnsm43d8,2025-07-27,networking,2.2818,113.0,0.0,3.2717,0.0,0.023253999999999997,3
org_pnsm43d8,2025-07-28,compute,45.9277,480.0,9.4957,29.753500000000003,0.0,0.103849,12
org_pnsm43d8,2025-07-28,networking,2.644,238.0,0.0,15.1409,0.0,0.050628,3
org_pnsm43d8,2025-07-29,compute,74.30510000000001,735.0,9.203199999999999,5.9084,0.0,0.150022,12
org_pnsm43d8,2025-07-29,networking,2.3811,255.0,3.0797,0.0,0.0,0.051615999999999995,3
org_pnsm43d8,2025-07-30,compute,0.9689000000000001,0.0,0.0,11.4133,0.0,0.002282,3
org_pnsm43d8,2025-07-30,storage,2.3679,138.0,0.0,16.761400000000002,0.0,0.030953,3
org_pnsm43d8,2025-07-31,compute,34.8472,467.0,1.8472,11.3316,0.0,0.096035,6
org_pnsm43d8,2025-07-31,networking,2.5967000000000002,246.0,0.0,13.8534,0.0,0.051971,3
org_pnsm43d8,2025-08-01,compute,25.0817,229.0,3.7408,49.5332,0.0,0.056456,9
org_pnsm43d8,2025-08-01,networking,0.1747,0.0,2.465,13.1259,0.0,0.003118,3
org_pnsm43d8,2025-08-02,compute,60.4373,698.0,1.3776,17.48,0.0,0.143372,9
org_pnsm43d8,2025-08-02,networking,1.3379,117.0,2.7836999999999996,0.0,0.0,0.023957000000000003,3
org_pnsm43d8,2025-08-03,compute,71.5446,732.0,1.4432,39.6862,0.0,0.15462599999999999,15
org_pnsm43d8,2025-08-03,networking,0.2122,0.0,3.1623,16.3474,0.0,0.003901,3
org_pnsm43d8,2025-08-03,storage,7.648199999999999,356.0,0.0,0.0,0.0,0.0712,3
org_pnsm43d8,2025-08-04,compute,55.715700000000005,491.0,11.1862,77.3105,0.0,0.11590099999999999,15
org_pnsm43d8,2025-08-04,storage,7.719099999999999,382.0,0.0,0.0,0.0,0.0764,3
org_pnsm43d8,2025-08-05,compute,22.433999999999997,246.0,0.0,24.0199,0.0,0.054003999999999996,6
org_pnsm43d8,2025-08-06,compute,52.9698,585.0,6.8168,37.2227,0.0,0.125808,12
org_pnsm43d8,2025-08-06,networking,7.8366999999999996,276.0,0.0,29.3668,0.0,0.061073,3
org_pnsm43d8,2025-08-07,compute,35.6339,362.0,9.7304,21.4851,0.0,0.078643,9
org_pnsm43d8,2025-08-07,networking,2.7333999999999996,243.0,0.8613,0.0,0.0,0.048772,3
org_pnsm43d8,2025-08-07,storage,2.7026000000000003,120.0,2.9612,0.0,0.0,0.024592000000000003,3
org_pnsm43d8,2025-08-08,compute,45.2928,560.0,1.7453,40.120000000000005,0.0,0.12037400000000001,9
org_pnsm43d8,2025-08-08,networking,1.9095,212.0,0.0,0.0,0.0,0.0424,2
org_pnsm43d8,2025-08-08,storage,2.5433,112.0,5.7274,6.0958,0.0,0.024764,3
org_pnsm43d8,2025-08-09,compute,81.3768,983.0,3.2839000000000005,37.8375,0.0,0.204825,15
org_pnsm43d8,2025-08-09,networking,2.1709,239.0,0.0,8.92,0.0,0.049584,3
org_pnsm43d8,2025-08-09,storage,4.9083000000000006,253.0,1.9228,0.0,0.0,0.050985,3
org_pnsm43d8,2025-08-10,compute,48.723600000000005,573.0,1.7978,25.778800000000004,0.0,0.120116,9
org_pnsm43d8,2025-08-10,storage,2.4289,113.0,0.0,0.0,0.0,0.0226,3
org_pnsm43d8,2025-08-11,compute,22.9462,254.0,1.703,0.0,0.0,0.051141000000000006,3
org_pnsm43d8,2025-08-11,networking,0.8957,108.0,6.9475,0.0,0.0,0.022989,3
org_pnsm43d8,2025-08-11,storage,5.4656,235.0,1.3728,0.0,0.0,0.047275,3
org_pnsm43d8,2025-08-12,compute,13.073,124.0,8.026,57.6774,0.0,0.037940999999999996,9
org_pnsm43d8,2025-08-12,networking,2.6826,242.0,0.0,23.0661,0.0,0.053013,3
org_pnsm43d8,2025-08-13,compute,46.755300000000005,501.0,2.8435,61.649300000000004,0.0,0.113099,9
org_pnsm43d8,2025-08-13,networking,2.8556,226.0,0.0,19.1953,0.0,0.049039,3
org_pnsm43d8,2025-08-14,compute,16.687900000000003,246.0,1.8862,0.0,0.0,0.049577,3
org_pnsm43d8,2025-08-14,storage,4.367,212.0,0.0,12.5426,0.0,0.044909000000000004,3
org_pnsm43d8,2025-08-15,compute,26.7708,366.0,3.009,30.2485,0.0,0.07985199999999999,6
org_pnsm43d8,2025-08-15,networking,1.4616,124.0,1.8195,0.0,0.0,0.025164,3
org_pnsm43d8,2025-08-15,storage,2.3653,117.0,0.0,0.0,0.0,0.0234,3
org_pnsm43d8,2025-08-16,compute,52.8215,610.0,6.984,34.6905,0.0,0.13033499999999998,12
org_pnsm43d8,2025-08-16,networking,1.5015999999999998,108.0,0.0,25.5752,0.0,0.026715000000000003,3
org_pnsm43d8,2025-08-16,storage,3.9477,226.0,0.0,4.4615,0.0,0.046092,3
org_pnsm43d8,2025-08-17,compute,47.653999999999996,602.0,5.1686,37.365700000000004,0.0,0.128907,9
org_pnsm43d8,2025-08-17,networking,0.1746,0.0,0.6458,16.918300000000002,0.0,0.0035129999999999996,3
org_pnsm43d8,2025-08-17,storage,4.920999999999999,236.0,0.0,26.1967,0.0,0.052439,3
org_pnsm43d8,2025-08-18,compute,64.7268,629.0,2.7572,8.7659,0.0,0.128104,12
org_pnsm43d8,2025-08-19,compute,19.3785,93.0,4.736400000000001,0.0,0.0,0.019547,6
org_pnsm43d8,2025-08-19,networking,1.9238,187.0,1.4129,0.0,0.0,0.037682999999999994,3
org_pnsm43d8,2025-08-19,storage,1.9794,119.0,0.0,7.0199,0.0,0.025204,3
org_pnsm43d8,2025-08-20,compute,10.541699999999999,131.0,3.8577,25.268900000000002,0.0,0.032025000000000005,6
org_pnsm43d8,2025-08-21,compute,47.7069,592.0,1.483,0.0,0.0,0.118697,6
org_pnsm43d8,2025-08-21,networking,2.7123,235.0,0.0,13.308,0.0,0.049662,3
org_pnsm43d8,2025-08-21,storage,2.1357999999999997,105.0,2.2892,3.4779,0.0,0.022154,3
org_pnsm43d8,2025-08-22,compute,25.140900000000002,258.0,0.3243,31.0698,0.0,0.05788,6
org_pnsm43d8,2025-08-22,storage,5.5305,245.0,0.0,0.0,0.0,0.049,3
org_pnsm43d8,2025-08-23,compute,54.7167,737.0,8.7635,44.483599999999996,0.0,0.158049,12
org_pnsm43d8,2025-08-23,networking,1.7875,125.0,0.0,20.007199999999997,0.0,0.029002,3
org_pnsm43d8,2025-08-23,storage,4.9155,263.0,0.0,14.5656,0.0,0.055513,3
org_pnsm43d8,2025-08-24,compute,50.2086,503.0,4.0159,28.4404,0.0,0.107092,9
org_pnsm43d8,2025-08-24,networking,1.3471,0.0,3.4606,0.0,0.0,6.92E-4,3
org_pnsm43d8,2025-08-25,compute,47.663500000000006,487.0,8.2922,17.224400000000003,0.0,0.10250300000000001,9
org_pnsm43d8,2025-08-25,storage,2.6027,128.0,4.0445,7.3731,0.0,0.027884000000000003,3
org_pnsm43d8,2025-08-26,compute,87.9432,1106.0,1.3164,6.6599,0.0,0.22279500000000005,12
org_pnsm43d8,2025-08-26,networking,0.3206,0.0,0.0,27.5192,0.0,0.005504,3
org_pnsm43d8,2025-08-27,compute,52.360600000000005,594.0,0.0,34.161,0.0,0.12563200000000002,9
org_pnsm43d8,2025-08-27,networking,1.2953000000000001,114.0,2.5183,0.8913,0.0,0.023482000000000003,3
org_pnsm43d8,2025-08-27,storage,4.0259,207.0,0.0,9.8882,0.0,0.04337800000000001,3
org_pnsm43d8,2025-08-28,compute,38.7588,462.0,0.3564,38.2157,0.0,0.100114,9
org_pnsm43d8,2025-08-28,networking,2.7781000000000002,246.0,0.0,10.0193,0.0,0.051204,3
org_pnsm43d8,2025-08-28,storage,4.315799999999999,243.0,0.0,0.0,0.0,0.048600000000000004,3
org_pnsm43d8,2025-08-29,compute,44.082499999999996,572.0,10.9086,0.7297,0.0,0.116729,12
org_pnsm43d8,2025-08-29,networking,1.3720999999999999,126.0,0.0,34.2956,0.0,0.032059000000000004,3
org_pnsm43d8,2025-08-29,storage,5.6879,266.0,0.4877,0.0,0.0,0.053298,3
org_pnsm43d8,2025-08-30,compute,26.6235,241.0,0.0,50.2738,0.0,0.058255,6
org_pnsm43d8,2025-08-31,compute,56.4039,624.0,0.0,82.5958,0.0,0.14132,9
org_pseimvih,2025-07-03,analytics,8.1058,117.0,0.0,18.0649,0.0,0.0,3
org_pseimvih,2025-07-03,storage,10.5717,457.0,0.0,17.2433,0.0,0.0,6
org_pseimvih,2025-07-04,storage,9.7225,494.0,2.7300999999999997,0.0,0.0,0.0,6
org_pseimvih,2025-07-05,analytics,16.0721,223.0,0.0,5.8644,0.0,0.0,3
org_pseimvih,2025-07-05,storage,1.5653000000000001,0.0,6.4991,73.13839999999999,0.0,0.0,6
org_pseimvih,2025-07-08,analytics,13.947199999999999,212.0,0.0,4.1601,0.0,0.0,3
org_pseimvih,2025-07-08,storage,2.9027,111.0,0.0,17.1319,0.0,0.0,3
org_pseimvih,2025-07-09,storage,4.7616,232.0,0.0,16.2301,0.0,0.0,3
org_pseimvih,2025-07-10,storage,11.8678,610.0,0.0,11.798,0.0,0.0,6
org_pseimvih,2025-07-11,storage,1.2543000000000002,0.0,0.0,62.179899999999996,0.0,0.0,3
org_pseimvih,2025-07-12,storage,7.983999999999999,355.0,0.0,25.8862,0.0,0.0,5
org_pseimvih,2025-07-13,analytics,14.8666,236.0,0.0,13.8531,0.0,0.0,3
org_pseimvih,2025-07-13,storage,6.7232,353.0,0.0,0.0,0.0,0.0,3
org_pseimvih,2025-07-14,analytics,10.1485,104.0,0.0,37.0945,0.0,0.0,3
org_pseimvih,2025-07-14,storage,5.0894,237.0,0.0,2.917,0.0,0.0,3
org_pseimvih,2025-07-16,storage,2.1461,103.0,3.9757999999999996,0.0,0.0,0.0,3
org_pseimvih,2025-07-17,analytics,9.8475,121.0,3.7196,4.8079,0.0,0.0,3
org_pseimvih,2025-07-17,storage,2.0364999999999998,114.0,0.0,7.0374,0.0,0.0,3
org_pseimvih,2025-07-20,analytics,10.921700000000001,135.0,2.5978,12.4137,0.0,0.030003,3
org_pseimvih,2025-07-20,storage,12.649899999999999,587.0,0.0,0.0,0.0,0.1174,5
org_pseimvih,2025-07-21,analytics,9.053,133.0,0.0,20.2124,0.0,0.030642,3
org_pseimvih,2025-07-21,storage,2.4034,110.0,0.0,7.9413,0.0,0.023587999999999998,2
org_pseimvih,2025-07-22,storage,2.7709,123.0,3.6685,0.0,0.0,0.025334,3
org_pseimvih,2025-07-23,storage,8.1801,374.0,2.6791,0.0,0.0,0.075336,6
org_pseimvih,2025-07-24,storage,5.327999999999999,228.0,0.0,15.4054,0.0,0.048681,3
org_pseimvih,2025-07-26,analytics,11.7027,139.0,0.0,22.2924,0.0,0.032258999999999996,3
org_pseimvih,2025-07-26,storage,4.7943,219.0,3.3029,0.0,0.0,0.044461,3
org_pseimvih,2025-07-27,analytics,18.2452,234.0,1.3743,0.0,0.0,0.047075,3
org_pseimvih,2025-07-27,storage,9.485499999999998,497.0,8.5129,0.0,0.0,0.101102,6
org_pseimvih,2025-07-28,storage,4.4064,219.0,0.0,0.6643,0.0,0.043933,3
org_pseimvih,2025-07-29,storage,8.9842,364.0,0.3954,43.7713,0.0,0.081633,6
org_pseimvih,2025-07-31,analytics,9.6636,111.0,3.8757,23.7115,0.0,0.027717000000000002,3
org_pseimvih,2025-07-31,storage,8.1669,362.0,0.0,0.0,0.0,0.0724,3
org_pseimvih,2025-08-01,analytics,15.1492,235.0,0.0,12.4257,0.0,0.049485,3
org_pseimvih,2025-08-01,storage,3.5771,125.0,6.4475999999999996,0.0,0.0,0.02629,3
org_pseimvih,2025-08-03,analytics,0.0964,0.0,1.1847,0.0,0.0,2.37E-4,3
org_pseimvih,2025-08-03,storage,3.8007999999999997,115.0,0.0,32.4553,0.0,0.029491,3
org_pseimvih,2025-08-04,storage,50.499399999999994,473.0,1.5255,5.7641,0.0,0.096058,6
org_pseimvih,2025-08-05,analytics,1.0577,0.0,0.0,19.5808,0.0,0.003916,3
org_pseimvih,2025-08-05,storage,2.5999,116.0,2.2127,0.0,0.0,0.023642999999999997,3
org_pseimvih,2025-08-06,analytics,1.2346000000000001,0.0,2.7269,13.9597,0.0,0.003337,3
org_pseimvih,2025-08-07,analytics,1.4582,0.0,2.3996,22.497799999999998,0.0,0.00498,3
org_pseimvih,2025-08-07,storage,5.9208,256.0,3.2348,0.0,0.0,0.051847000000000004,3
org_pseimvih,2025-08-08,analytics,13.5623,236.0,2.0025,0.0,0.0,0.047601,3
org_pseimvih,2025-08-08,storage,60.5768,377.0,1.7557,23.8301,0.0,0.08051699999999999,6
org_pseimvih,2025-08-10,storage,10.4192,491.0,0.0,17.396700000000003,0.0,0.101679,6
org_pseimvih,2025-08-11,analytics,1.0525,0.0,4.3016,9.7453,0.0,0.002809,3
org_pseimvih,2025-08-11,storage,4.4898,120.0,4.5026,0.0,0.0,0.024901,3
org_pseimvih,2025-08-12,analytics,8.986699999999999,104.0,3.0512,14.2948,0.0,0.024269,3
org_pseimvih,2025-08-12,storage,2.7098,114.0,2.9333,13.6608,0.0,0.026119,3
org_pseimvih,2025-08-13,analytics,19.7805,261.0,0.0,5.5927,0.0,0.053319,3
org_pseimvih,2025-08-13,storage,8.7503,376.0,0.0,0.0,0.0,0.07519999999999999,3
org_pseimvih,2025-08-15,storage,2.6331,127.0,0.0,18.739,0.0,0.029148,3
org_pseimvih,2025-08-16,analytics,14.9768,224.0,0.0,12.0432,0.0,0.047209,3
org_pseimvih,2025-08-16,storage,0.5518,0.0,0.8828,25.357,0.0,0.005248,3
org_pseimvih,2025-08-17,analytics,0.4712,0.0,6.830300000000001,0.0,0.0,0.001366,3
org_pseimvih,2025-08-17,storage,2.6068000000000002,133.0,0.4835,4.9775,0.0,0.027693,3
org_pseimvih,2025-08-18,analytics,0.3265,0.0,3.4659,0.0,0.0,6.93E-4,3
org_pseimvih,2025-08-18,storage,4.482799999999999,271.0,1.036,0.0,0.0,0.054407,3
org_pseimvih,2025-08-19,storage,0.33190000000000003,0.0,5.1006,9.965,0.0,0.003013,3
org_pseimvih,2025-08-20,storage,1.9683,126.0,2.8842,0.8042,0.0,0.025938000000000003,3
org_pseimvih,2025-08-21,analytics,16.9166,231.0,0.0,7.4155,0.0,0.047683,3
org_pseimvih,2025-08-22,analytics,23.166400000000003,361.0,0.0,0.0,0.0,0.0722,3
org_pseimvih,2025-08-22,storage,0.42419999999999997,0.0,5.2439,18.9444,0.0,0.004838,3
org_pseimvih,2025-08-23,analytics,16.301000000000002,216.0,1.4831,0.0,0.0,0.043496999999999994,3
org_pseimvih,2025-08-23,storage,0.38770000000000004,0.0,8.8759,12.4408,0.0,0.004263,3
org_pseimvih,2025-08-24,storage,7.9603,365.0,0.0,0.0,0.0,0.07300000000000001,3
org_pseimvih,2025-08-25,analytics,1.5354999999999999,0.0,1.1374,17.1599,0.0,0.003659,3
org_pseimvih,2025-08-25,storage,5.6293,251.0,5.1434999999999995,38.4701,0.0,0.058922,6
org_pseimvih,2025-08-26,analytics,8.9593,101.0,0.0,28.907,0.0,0.025980999999999997,3
org_pseimvih,2025-08-27,analytics,22.941899999999997,335.0,0.0,0.0,0.0,0.067,3
org_pseimvih,2025-08-27,storage,7.6901,387.0,3.0369,20.1518,0.0,0.082038,6
org_pseimvih,2025-08-28,storage,7.3896,349.0,1.3221,8.6424,0.0,0.071792,6
org_pseimvih,2025-08-29,analytics,25.891000000000002,358.0,0.0,0.0,0.0,0.0716,3
org_pseimvih,2025-08-29,storage,3.4619,120.0,1.8545,49.77460000000001,0.0,0.034326,6
org_pseimvih,2025-08-30,storage,4.6015,219.0,2.4663,51.973,0.0,0.054688,6
org_pseimvih,2025-08-31,analytics,18.531,247.0,0.0,0.0,0.0,0.0494,3
org_pseimvih,2025-08-31,storage,6.7334000000000005,351.0,0.0,0.0,0.0,0.0702,3
org_pvs7hzio,2025-07-03,database,1.0876000000000001,0.0,0.0146,24.590600000000002,0.0,0.0,3
org_pvs7hzio,2025-07-03,networking,1.4893999999999998,121.0,0.0,19.5019,0.0,0.0,3
org_pvs7hzio,2025-07-04,database,7.6559,126.0,1.3625,11.7665,0.0,0.0,3
org_pvs7hzio,2025-07-05,database,17.6971,364.0,0.0,0.0,0.0,0.0,3
org_pvs7hzio,2025-07-05,networking,2.8006,246.0,0.0,8.3049,0.0,0.0,3
org_pvs7hzio,2025-07-06,networking,1.268,133.0,0.0,1.4714,0.0,0.0,3
org_pvs7hzio,2025-07-07,database,14.0001,244.0,0.0,0.0,0.0,0.0,3
org_pvs7hzio,2025-07-07,networking,1.2630000000000001,112.0,3.5252999999999997,0.0,0.0,0.0,3
org_pvs7hzio,2025-07-08,database,8.2765,122.0,4.3291,10.2292,0.0,0.0,3
org_pvs7hzio,2025-07-09,networking,2.2314,256.0,0.0,10.1716,0.0,0.0,3
org_pvs7hzio,2025-07-10,networking,1.335,134.0,5.0699,0.0,0.0,0.0,3
org_pvs7hzio,2025-07-11,database,7.2036999999999995,116.0,0.0,19.268900000000002,0.0,0.0,3
org_pvs7hzio,2025-07-11,networking,1.1392,118.0,1.4079,0.0,0.0,0.0,3
org_pvs7hzio,2025-07-12,database,6.9119,106.0,0.0,28.1648,0.0,0.0,3
org_pvs7hzio,2025-07-13,networking,2.2454,113.0,2.7923,0.0,0.0,0.0,3
org_pvs7hzio,2025-07-14,database,5.6602,106.0,0.0,5.656,0.0,0.0,3
org_pvs7hzio,2025-07-14,networking,1.4197000000000002,116.0,0.0,29.6113,0.0,0.0,3
org_pvs7hzio,2025-07-15,database,1.5833,0.0,0.4477,33.253,0.0,0.0,3
org_pvs7hzio,2025-07-15,networking,0.9863000000000001,114.0,3.6937,12.5529,0.0,0.0,3
org_pvs7hzio,2025-07-16,database,0.8962000000000001,0.0,6.3771,7.5712,0.0,0.0,3
org_pvs7hzio,2025-07-16,networking,1.1018,123.0,4.447900000000001,0.0,0.0,0.0,3
org_pvs7hzio,2025-07-17,database,7.863500000000001,136.0,1.2172,4.6572,0.0,0.0,3
org_pvs7hzio,2025-07-17,networking,2.3725,251.0,0.0,0.3607,0.0,0.0,3
org_pvs7hzio,2025-07-18,database,13.1426,250.0,0.0,13.6208,0.0,0.052724,3
org_pvs7hzio,2025-07-18,networking,0.0453,0.0,2.2786,2.8089,0.0,0.001018,3
org_pvs7hzio,2025-07-19,database,14.7508,119.0,3.6022,0.0,0.0,0.02452,3
org_pvs7hzio,2025-07-19,networking,0.1938,0.0,2.5501,18.8469,0.0,0.004279,3
org_pvs7hzio,2025-07-20,database,14.5502,254.0,0.0,5.422,0.0,0.051884,3
org_pvs7hzio,2025-07-20,networking,2.9157,270.0,0.0,0.0,0.0,0.054,3
org_pvs7hzio,2025-07-22,database,8.5382,147.0,0.0,31.4362,0.0,0.035688,3
org_pvs7hzio,2025-07-22,networking,1.5695999999999999,120.0,0.0,45.04,0.0,0.033008,3
org_pvs7hzio,2025-07-25,networking,2.3808,249.0,0.0,0.0,0.0,0.0498,3
org_pvs7hzio,2025-07-26,networking,1.5964999999999998,128.0,1.5386,9.3718,0.0,0.027782,3
org_pvs7hzio,2025-07-27,database,7.2268,121.0,1.239,19.0626,0.0,0.028261,3
org_pvs7hzio,2025-07-27,networking,0.9916,117.0,0.1228,6.5635,0.0,0.024738,3
org_pvs7hzio,2025-07-28,networking,2.3262,246.0,0.0,4.693,0.0,0.050138999999999996,3
org_pvs7hzio,2025-07-29,database,5.405600000000001,120.0,0.4742,0.0,0.0,0.024095000000000002,3
org_pvs7hzio,2025-07-31,database,13.0393,238.0,0.0,18.6711,0.0,0.051334000000000005,3
org_pvs7hzio,2025-08-01,database,8.575,139.0,4.1089,17.008,0.0,0.032024,3
org_pvs7hzio,2025-08-03,networking,2.423,260.0,0.0,10.6363,0.0,0.054127,3
org_pvs7hzio,2025-08-04,database,11.5092,238.0,1.5051,0.0,0.0,0.047901000000000006,3
org_pvs7hzio,2025-08-05,database,13.6689,120.0,0.0,9.8969,0.0,0.025979000000000002,3
org_pvs7hzio,2025-08-05,networking,1.1708999999999998,120.0,4.515,0.0,0.0,0.024903,3
org_pvs7hzio,2025-08-06,database,12.952300000000001,239.0,0.0,0.0,0.0,0.0478,3
org_pvs7hzio,2025-08-07,networking,2.7417,264.0,0.0179,0.0,0.0,0.052804000000000004,3
org_pvs7hzio,2025-08-08,database,18.4182,329.0,0.0,0.0,0.0,0.0658,3
org_pvs7hzio,2025-08-08,networking,2.3068,219.0,0.0,10.9733,0.0,0.04599500000000001,3
org_pvs7hzio,2025-08-09,networking,2.2157,207.0,0.0,0.0,0.0,0.0414,3
org_pvs7hzio,2025-08-10,networking,1.9625000000000001,230.0,0.0,20.0646,0.0,0.050013,3
org_pvs7hzio,2025-08-11,networking,1.1472,123.0,0.4469,0.0,0.0,0.024689,3
org_pvs7hzio,2025-08-12,database,7.8834,120.0,0.0,32.2501,0.0,0.030449999999999998,3
org_pvs7hzio,2025-08-13,database,7.6417,133.0,4.4386,0.0,0.0,0.027488,3
org_pvs7hzio,2025-08-14,database,13.913499999999999,229.0,0.0,16.8558,0.0,0.04917099999999999,3
org_pvs7hzio,2025-08-14,networking,2.2853000000000003,245.0,3.8618,0.0,0.0,0.049772,3
org_pvs7hzio,2025-08-15,database,7.1291,131.0,0.0,17.6172,0.0,0.029723,3
org_pvs7hzio,2025-08-16,database,13.724599999999999,234.0,0.0,9.588,0.0,0.048718000000000004,3
org_pvs7hzio,2025-08-16,networking,3.5550999999999995,327.0,0.0,0.0,0.0,0.0654,3
org_pvs7hzio,2025-08-18,database,6.090999999999999,102.0,0.0,25.6449,0.0,0.025529000000000003,3
org_pvs7hzio,2025-08-19,networking,0.2595,0.0,0.0,28.5507,0.0,0.00571,3
org_pvs7hzio,2025-08-21,database,13.6251,262.0,0.0,6.3049,0.0,0.053661,3
org_pvs7hzio,2025-08-22,database,14.471699999999998,234.0,2.3622,0.0,0.0,0.047272,3
org_pvs7hzio,2025-08-22,networking,2.4221,245.0,1.9231,0.0,0.0,0.049385,3
org_pvs7hzio,2025-08-23,database,12.916,245.0,0.0,5.9699,0.0,0.050194,3
org_pvs7hzio,2025-08-23,networking,3.3316,335.0,0.0,0.0,0.0,0.067,3
org_pvs7hzio,2025-08-24,database,6.3871,112.0,2.8876,0.0,0.0,0.022978,3
org_pvs7hzio,2025-08-24,networking,3.359,246.0,0.0,18.2682,0.0,0.052854,3
org_pvs7hzio,2025-08-25,database,7.3339,117.0,0.0,16.438899999999997,0.0,0.026688,3
org_pvs7hzio,2025-08-25,networking,1.3196,118.0,0.0,6.0601,0.0,0.024812,3
org_pvs7hzio,2025-08-26,database,12.0363,244.0,2.5682,0.0,0.0,0.049314,3
org_pvs7hzio,2025-08-26,networking,1.2865,114.0,0.0,7.0978,0.0,0.024220000000000002,3
org_pvs7hzio,2025-08-27,database,7.4194,127.0,0.0,16.4661,0.0,0.028693,3
org_pvs7hzio,2025-08-27,networking,2.8682,113.0,0.0,12.1796,0.0,0.025036,3
org_pvs7hzio,2025-08-28,database,26.2072,115.0,0.0,38.6428,0.0,0.030729,3
org_pvs7hzio,2025-08-28,networking,2.5382,257.0,0.0,16.3844,0.0,0.054676999999999996,3
org_pvs7hzio,2025-08-29,database,6.4095,121.0,0.2177,21.1777,0.0,0.02848,3
org_pvs7hzio,2025-08-31,database,6.5846,122.0,3.3499,0.0,0.0,0.025070000000000002,3
org_pvs7hzio,2025-08-31,networking,0.0815,0.0,1.1702,8.6696,0.0,0.001968,3
org_rixa11dp,2025-07-03,analytics,15.8678,209.0,0.0,19.8513,0.0,0.0,3
org_rixa11dp,2025-07-03,database,75.65259999999999,118.0,0.0,28.6586,0.0,0.0,3
org_rixa11dp,2025-07-03,genai,11.9135,98.0,5.5996,2.5634,0.0,0.0,3
org_rixa11dp,2025-07-04,analytics,9.6189,118.0,0.3075,12.1182,0.0,0.0,3
org_rixa11dp,2025-07-04,compute,20.0302,240.0,0.0,0.0,0.0,0.0,3
org_rixa11dp,2025-07-04,genai,27.816200000000002,243.0,1.302,0.0,0.0,0.0,3
org_rixa11dp,2025-07-05,compute,32.1674,375.0,0.0,0.0,0.0,0.0,3
org_rixa11dp,2025-07-05,database,7.4175,142.0,2.7504,3.5894,0.0,0.0,3
org_rixa11dp,2025-07-05,genai,39.9294,372.0,1.7528000000000001,0.0,0.0,0.0,6
org_rixa11dp,2025-07-06,analytics,9.032,137.0,3.6128,0.0,0.0,0.0,3
org_rixa11dp,2025-07-06,compute,3.1224,0.0,0.0,41.7959,0.0,0.0,3
org_rixa11dp,2025-07-06,database,5.652799999999999,125.0,2.7267,7.953,0.0,0.0,3
org_rixa11dp,2025-07-06,genai,23.5572,215.0,0.0,0.0,0.0,0.0,3
org_rixa11dp,2025-07-07,analytics,2.2874,0.0,2.6932,26.4362,0.0,0.0,3
org_rixa11dp,2025-07-07,compute,0.7134,0.0,3.7278000000000002,5.0192,0.0,0.0,3
org_rixa11dp,2025-07-07,genai,39.5511,368.0,0.0,0.0,0.0,0.0,3
org_rixa11dp,2025-07-08,analytics,8.1625,112.0,1.9743,0.0,0.0,0.0,3
org_rixa11dp,2025-07-08,compute,19.686899999999998,220.0,0.0,13.7453,0.0,0.0,3
org_rixa11dp,2025-07-08,database,14.0138,226.0,0.0,9.2013,0.0,0.0,3
org_rixa11dp,2025-07-09,compute,20.3245,255.0,0.0,0.0,0.0,0.0,3
org_rixa11dp,2025-07-09,database,10.683,130.0,0.0,3.5018,0.0,0.0,3
org_rixa11dp,2025-07-09,genai,1.275,0.0,4.2444999999999995,5.3399,0.0,0.0,3
org_rixa11dp,2025-07-10,compute,2.3663,0.0,2.8454,30.3419,0.0,0.0,3
org_rixa11dp,2025-07-10,database,5.2709,100.0,0.8052,3.5289,0.0,0.0,3
org_rixa11dp,2025-07-10,genai,1.5106000000000002,0.0,4.0571,9.708,0.0,0.0,3
org_rixa11dp,2025-07-11,compute,9.848499999999998,116.0,4.8547,0.0,0.0,0.0,3
org_rixa11dp,2025-07-11,genai,31.3781,241.0,0.0,9.3968,0.0,0.0,3
org_rixa11dp,2025-07-12,analytics,18.9387,261.0,0.0,13.2809,0.0,0.0,3
org_rixa11dp,2025-07-12,database,10.8579,244.0,3.1378,0.0,0.0,0.0,3
org_rixa11dp,2025-07-12,genai,45.7098,378.0,5.9211,10.8638,0.0,0.0,6
org_rixa11dp,2025-07-13,genai,1.5468000000000002,0.0,4.0161,9.4964,0.0,0.0,3
org_rixa11dp,2025-07-14,genai,22.1599,140.0,6.0543,0.0,0.0,0.0,3
org_rixa11dp,2025-07-15,analytics,0.9316,0.0,4.1546,10.5742,0.0,0.0,3
org_rixa11dp,2025-07-15,genai,32.8635,233.0,0.0,11.325,0.0,0.0,3
org_rixa11dp,2025-07-16,database,12.0473,113.0,0.0,22.2835,0.0,0.0,3
org_rixa11dp,2025-07-16,genai,61.3408,378.0,0.0,12.0906,0.0,0.0,6
org_rixa11dp,2025-07-17,analytics,1.0358,0.0,1.0691,15.4914,0.0,0.0,3
org_rixa11dp,2025-07-17,compute,22.3694,231.0,0.0,10.913,0.0,0.0,3
org_rixa11dp,2025-07-17,database,8.0359,0.0,0.0,25.5927,0.0,0.0,3
org_rixa11dp,2025-07-17,genai,20.7316,132.0,0.2239,49.5167,0.0,0.0,6
org_rixa11dp,2025-07-18,analytics,20.231099999999998,228.0,3.6351,0.0,0.0,0.046327,3
org_rixa11dp,2025-07-18,compute,1.9713,0.0,1.2711,21.4393,0.0,0.004542,3
org_rixa11dp,2025-07-18,genai,27.505899999999997,239.0,0.0,6.0604,3221.0,0.049012,3
org_rixa11dp,2025-07-19,analytics,17.0232,231.0,1.7048,0.0,0.0,0.046541,3
org_rixa11dp,2025-07-19,database,8.364,135.0,0.6723,9.5523,0.0,0.029043999999999997,3
org_rixa11dp,2025-07-20,analytics,18.7827,245.0,3.19,0.0,0.0,0.049638,3
org_rixa11dp,2025-07-20,compute,9.6833,111.0,0.0,25.7778,0.0,0.027355,3
org_rixa11dp,2025-07-20,genai,28.101,235.0,2.4309,42.566900000000004,5485.0,0.055999,6
org_rixa11dp,2025-07-21,analytics,1.7212,0.0,3.0584,19.875700000000002,0.0,0.004587,3
org_rixa11dp,2025-07-21,database,0.6178,0.0,0.2734,13.3661,0.0,0.002728,3
org_rixa11dp,2025-07-21,genai,1.3914,0.0,2.1745,8.3339,1450.0,0.002102,3
org_rixa11dp,2025-07-22,compute,20.122700000000002,246.0,0.0,19.65,0.0,0.05313,3
org_rixa11dp,2025-07-22,database,11.9165,244.0,0.0,7.3209,0.0,0.050264,3
org_rixa11dp,2025-07-22,genai,1.5392,0.0,4.0234,8.6549,2617.0,0.002536,3
org_rixa11dp,2025-07-23,analytics,8.1381,130.0,3.579,0.0,0.0,0.026716,3
org_rixa11dp,2025-07-23,genai,36.7645,260.0,7.1872,11.0605,6356.0,0.055649,6
org_rixa11dp,2025-07-24,analytics,6.3803,111.0,1.5768,0.0,0.0,0.022515,3
org_rixa11dp,2025-07-24,compute,17.877,241.0,2.3653,0.0,0.0,0.048673,3
org_rixa11dp,2025-07-24,database,0.2514,0.0,4.475099999999999,0.0,0.0,8.95E-4,3
org_rixa11dp,2025-07-24,genai,17.2084,131.0,3.9999,20.7955,2748.0,0.031159,3
org_rixa11dp,2025-07-25,analytics,18.6431,239.0,0.0,15.8317,0.0,0.050966,3
org_rixa11dp,2025-07-25,compute,8.8862,115.0,0.1012,10.2211,0.0,0.025064,3
org_rixa11dp,2025-07-25,database,0.8161,0.0,0.0,17.4596,0.0,0.003492,2
org_rixa11dp,2025-07-25,genai,33.0756,212.0,5.3251,17.298,5021.0,0.046925,6
org_rixa11dp,2025-07-26,analytics,17.2219,244.0,0.0,13.3327,0.0,0.051467,3
org_rixa11dp,2025-07-26,compute,9.2506,121.0,2.0251,11.9749,0.0,0.027,3
org_rixa11dp,2025-07-26,database,0.2959,0.0,2.8892,3.349,0.0,0.001248,3
org_rixa11dp,2025-07-27,compute,10.6693,106.0,1.6384,9.9403,0.0,0.023516000000000002,3
org_rixa11dp,2025-07-27,genai,35.4072,284.0,0.8128,0.0,3605.0,0.056963,3
org_rixa11dp,2025-07-28,analytics,122.44930000000001,241.0,0.0,0.0,0.0,0.0482,3
org_rixa11dp,2025-07-28,genai,17.9573,110.0,3.1154,9.6238,1302.0,0.024548,3
org_rixa11dp,2025-07-29,genai,28.7787,244.0,0.0,11.4071,3928.0,0.051081,3
org_rixa11dp,2025-07-30,analytics,15.2303,246.0,0.0,0.0,0.0,0.0492,3
org_rixa11dp,2025-07-30,compute,0.7033,0.0,2.7953,6.5629,0.0,0.001872,3
org_rixa11dp,2025-07-30,database,7.0565,0.0,0.0,31.0322,0.0,0.006206,3
org_rixa11dp,2025-07-30,genai,63.0399,580.0,1.5344,0.0,5934.0,0.116307,6
org_rixa11dp,2025-07-31,analytics,8.450800000000001,111.0,1.1516,18.0783,0.0,0.026046,3
org_rixa11dp,2025-07-31,database,13.5414,265.0,3.2928,0.0,0.0,0.053659,3
org_rixa11dp,2025-07-31,genai,29.8684,247.0,1.98,0.0,2088.0,0.049796,3
org_rixa11dp,2025-08-01,analytics,8.3929,113.0,0.0,13.0796,0.0,0.025216,3
org_rixa11dp,2025-08-01,compute,20.294100000000004,236.0,0.0,14.6109,0.0,0.050122,3
org_rixa11dp,2025-08-01,database,15.543199999999999,237.0,0.0,23.2823,0.0,0.052056000000000005,3
org_rixa11dp,2025-08-01,genai,29.334899999999998,118.0,0.0,15.482800000000001,4394.0,0.026697,5
org_rixa11dp,2025-08-02,compute,1.8288,0.0,5.3073,19.9308,0.0,0.005047,3
org_rixa11dp,2025-08-02,database,20.406299999999998,376.0,0.0,0.0,0.0,0.0752,3
org_rixa11dp,2025-08-02,genai,19.1792,112.0,0.0,20.1282,2696.0,0.026425999999999998,3
org_rixa11dp,2025-08-03,compute,9.1244,110.0,0.6408,1.0379,0.0,0.022335999999999998,3
org_rixa11dp,2025-08-03,database,16.3241,338.0,0.0,0.0,0.0,0.0676,3
org_rixa11dp,2025-08-04,analytics,10.4879,133.0,3.2814,20.325,0.0,0.031321,3
org_rixa11dp,2025-08-04,database,15.0502,240.0,0.0,17.1782,0.0,0.051436,3
org_rixa11dp,2025-08-04,genai,74.46499999999999,612.0,0.0,14.7796,5342.0,0.125356,6
org_rixa11dp,2025-08-05,compute,1.2696,0.0,3.4479,14.0424,0.0,0.0034980000000000002,3
org_rixa11dp,2025-08-05,database,13.5211,237.0,0.2852,0.0,0.0,0.047457,3
org_rixa11dp,2025-08-05,genai,3.9284,0.0,0.0,31.862299999999998,2852.0,0.006373,3
org_rixa11dp,2025-08-06,analytics,8.7705,113.0,0.0,7.0939000000000005,0.0,0.024019,3
org_rixa11dp,2025-08-06,compute,29.906599999999997,372.0,0.0,0.0,0.0,0.0744,3
org_rixa11dp,2025-08-06,genai,13.7589,113.0,0.0,19.2402,2584.0,0.026448,3
org_rixa11dp,2025-08-07,analytics,11.473500000000001,127.0,1.1497,0.2975,0.0,0.02569,3
org_rixa11dp,2025-08-07,compute,10.201,132.0,0.0,21.1126,0.0,0.030623,3
org_rixa11dp,2025-08-07,database,5.858300000000001,125.0,1.6884,0.0,0.0,0.025338000000000003,3
org_rixa11dp,2025-08-07,genai,49.5565,398.0,2.6811,8.6659,4478.0,0.081869,6
org_rixa11dp,2025-08-08,compute,11.3048,108.0,3.5181,26.685,0.0,0.027641000000000002,3
org_rixa11dp,2025-08-08,database,18.297800000000002,373.0,0.0,0.0,0.0,0.0746,3
org_rixa11dp,2025-08-08,genai,28.8629,230.0,7.3056,17.997100000000003,5891.0,0.051060999999999995,6
org_rixa11dp,2025-08-09,analytics,3.387,0.0,0.0,48.4062,0.0,0.009681,3
org_rixa11dp,2025-08-09,genai,28.207,213.0,6.1447,9.6115,4514.0,0.045751,6
org_rixa11dp,2025-08-10,analytics,10.558900000000001,127.0,4.7923,13.8809,0.0,0.029134,3
org_rixa11dp,2025-08-10,compute,21.2459,263.0,0.0,0.0,0.0,0.0526,3
org_rixa11dp,2025-08-10,database,6.741099999999999,108.0,0.0,20.749,0.0,0.025750000000000002,3
org_rixa11dp,2025-08-11,database,7.2974000000000006,112.0,0.0,24.5747,0.0,0.027315,3
org_rixa11dp,2025-08-11,genai,20.485799999999998,125.0,0.4242,47.8588,4999.0,0.034657,6
org_rixa11dp,2025-08-12,analytics,1.1249,0.0,3.1664000000000003,15.1494,0.0,0.003664,3
org_rixa11dp,2025-08-12,compute,10.9835,109.0,0.408,10.7927,0.0,0.024041,3
org_rixa11dp,2025-08-13,analytics,12.733300000000002,123.0,0.0,17.19,0.0,0.028038,3
org_rixa11dp,2025-08-13,compute,20.3273,242.0,2.6136,0.0,0.0,0.048923,3
org_rixa11dp,2025-08-13,database,20.967799999999997,349.0,0.0,0.0,0.0,0.0698,3
org_rixa11dp,2025-08-13,genai,18.2807,135.0,0.0,8.3692,2562.0,0.028673999999999998,2
org_rixa11dp,2025-08-14,compute,22.8992,258.0,0.0,4.3188,0.0,0.052464,3
org_rixa11dp,2025-08-14,database,15.3538,361.0,0.0,0.0,0.0,0.0722,3
org_rixa11dp,2025-08-14,genai,16.3619,120.0,0.0,38.667,3699.0,0.031734,3
org_rixa11dp,2025-08-15,analytics,17.678,243.0,0.0,8.4284,0.0,0.050286,3
org_rixa11dp,2025-08-15,compute,0.477,0.0,6.2136,0.0,0.0,0.001243,3
org_rixa11dp,2025-08-15,database,8.1396,123.0,0.0,33.7309,0.0,0.031346,3
org_rixa11dp,2025-08-15,genai,33.922,285.0,0.0,11.4963,2097.0,0.059299000000000004,3
org_rixa11dp,2025-08-16,analytics,1.7424,0.0,0.3477,21.5598,0.0,0.004382,3
org_rixa11dp,2025-08-16,database,8.1546,125.0,1.4555,0.0,0.0,0.025291,3
org_rixa11dp,2025-08-16,genai,33.5081,264.0,4.1769,26.8461,1878.0,0.059005,6
org_rixa11dp,2025-08-17,compute,17.6084,235.0,1.346,0.0,0.0,0.047269,3
org_rixa11dp,2025-08-17,database,5.832800000000001,113.0,0.0,22.4237,0.0,0.027084999999999998,3
org_rixa11dp,2025-08-17,genai,43.3483,343.0,7.2987,0.0,4944.0,0.07006,6
org_rixa11dp,2025-08-18,database,5.6443,117.0,2.4568,0.0,0.0,0.023891,3
org_rixa11dp,2025-08-18,genai,22.8521,228.0,5.0637,0.0,4285.0,0.04661300000000001,6
org_rixa11dp,2025-08-19,analytics,8.6841,128.0,0.0,0.0,0.0,0.0256,3
org_rixa11dp,2025-08-19,compute,10.1212,132.0,0.0,13.765799999999999,0.0,0.029153000000000002,3
org_rixa11dp,2025-08-19,database,11.770399999999999,230.0,3.7178,0.0,0.0,0.04674400000000001,3
org_rixa11dp,2025-08-20,compute,10.0874,117.0,2.4889,0.0,0.0,0.023898,3
org_rixa11dp,2025-08-20,genai,34.1616,226.0,2.1739,48.868500000000004,2524.0,0.05540899999999999,6
org_rixa11dp,2025-08-21,analytics,6.8514,119.0,1.6949,1.8273,0.0,0.024504,3
org_rixa11dp,2025-08-21,database,7.6368,122.0,2.9107,16.4974,0.0,0.028281,3
org_rixa11dp,2025-08-21,genai,15.796899999999999,109.0,0.3891,29.0076,4870.0,0.027680000000000003,6
org_rixa11dp,2025-08-22,database,1.1973,0.0,3.5604,19.3142,0.0,0.004575,3
org_rixa11dp,2025-08-23,analytics,7.7029000000000005,121.0,3.4684,0.0,0.0,0.024894,3
org_rixa11dp,2025-08-23,compute,18.4953,218.0,0.0,15.2441,0.0,0.046648999999999996,3
org_rixa11dp,2025-08-23,database,20.6018,372.0,0.0,0.0,0.0,0.0744,3
org_rixa11dp,2025-08-23,genai,9.4524,107.0,2.1216,0.0,2465.0,0.021824,3
org_rixa11dp,2025-08-24,database,4.3908,115.0,1.6147,0.0,0.0,0.023323,3
org_rixa11dp,2025-08-24,genai,340.5259,390.0,0.0473,8.3086,5646.0,0.07967099999999999,6
org_rixa11dp,2025-08-25,analytics,9.3387,130.0,5.168900000000001,0.0,0.0,0.027033999999999996,3
org_rixa11dp,2025-08-25,compute,7.927300000000001,95.0,7.3438,0.0,0.0,0.020469,3
org_rixa11dp,2025-08-25,genai,29.3656,235.0,4.0096,0.0,2836.0,0.047802,3
org_rixa11dp,2025-08-26,compute,27.7878,340.0,0.0,0.0,0.0,0.068,3
org_rixa11dp,2025-08-26,database,5.099600000000001,102.0,0.0139,14.3201,0.0,0.023267,3
org_rixa11dp,2025-08-26,genai,37.099,338.0,0.0,0.0,2516.0,0.0676,3
org_rixa11dp,2025-08-27,analytics,16.2569,254.0,1.9283,0.0,0.0,0.051186,3
org_rixa11dp,2025-08-27,database,0.9577999999999999,0.0,4.8441,13.1692,0.0,0.0036030000000000003,3
org_rixa11dp,2025-08-27,genai,21.4689,137.0,3.0347,0.0,2082.0,0.028007,3
org_rixa11dp,2025-08-28,analytics,22.398600000000002,262.0,0.0,9.7872,0.0,0.054357,3
org_rixa11dp,2025-08-28,genai,53.3193,464.0,0.0,0.0,6661.0,0.09280000000000001,6
org_rixa11dp,2025-08-29,analytics,23.617800000000003,343.0,0.0,0.0,0.0,0.0686,3
org_rixa11dp,2025-08-29,genai,16.162300000000002,122.0,0.6165,6.8692,3876.0,0.025897000000000003,3
org_rixa11dp,2025-08-30,analytics,20.579,225.0,0.0,17.8922,0.0,0.048578,3
org_rixa11dp,2025-08-30,compute,11.1572,125.0,4.0887,7.751,0.0,0.027368,3
org_rixa11dp,2025-08-30,database,5.6358999999999995,111.0,2.5042,13.7085,0.0,0.025443,3
org_rixa11dp,2025-08-30,genai,21.0148,129.0,0.0,27.6614,2640.0,0.031333,3
org_rixa11dp,2025-08-31,analytics,3.705,0.0,0.0,56.391099999999994,0.0,0.011278,3
org_rixa11dp,2025-08-31,compute,8.8784,117.0,0.0,8.9539,0.0,0.025191,3
org_rixa11dp,2025-08-31,database,5.872999999999999,113.0,0.0,13.3664,0.0,0.025272999999999997,3
org_rixa11dp,2025-08-31,genai,17.893199999999997,138.0,3.128,0.0,2744.0,0.028224999999999997,3
org_sg65kxvf,2025-07-03,analytics,13.825800000000001,122.0,0.0,14.375399999999999,0.0,0.0,3
org_sg65kxvf,2025-07-03,database,11.917,245.0,3.5483,0.0,0.0,0.0,3
org_sg65kxvf,2025-07-03,genai,48.696600000000004,502.0,1.3178,5.4484,0.0,0.0,6
org_sg65kxvf,2025-07-03,networking,2.8103,239.0,0.0,18.3907,0.0,0.0,3
org_sg65kxvf,2025-07-04,analytics,17.481,123.0,0.0,10.109,0.0,0.0,3
org_sg65kxvf,2025-07-04,genai,19.265700000000002,122.0,6.1084,20.4741,0.0,0.0,6
org_sg65kxvf,2025-07-05,database,7.899100000000001,120.0,2.4515,0.0,0.0,0.0,3
org_sg65kxvf,2025-07-05,genai,62.940200000000004,479.0,1.6078999999999999,0.0,0.0,0.0,6
org_sg65kxvf,2025-07-06,analytics,8.7761,119.0,3.3884,15.8031,0.0,0.0,3
org_sg65kxvf,2025-07-06,database,18.107300000000002,327.0,0.0,28.9234,0.0,0.0,6
org_sg65kxvf,2025-07-06,genai,32.5227,233.0,0.0,0.0,0.0,0.0,3
org_sg65kxvf,2025-07-06,networking,1.2936,137.0,2.6776,1.2102,0.0,0.0,3
org_sg65kxvf,2025-07-07,analytics,10.0891,139.0,4.3426,0.0,0.0,0.0,3
org_sg65kxvf,2025-07-07,database,31.5961,479.0,0.0,12.5585,0.0,0.0,6
org_sg65kxvf,2025-07-07,genai,57.5073,448.0,0.0,33.1978,0.0,0.0,6
org_sg65kxvf,2025-07-08,analytics,11.8816,115.0,0.0,35.9419,0.0,0.0,3
org_sg65kxvf,2025-07-08,database,12.2148,236.0,0.6813,27.3172,0.0,0.0,6
org_sg65kxvf,2025-07-08,genai,5.0104,0.0,5.4201,35.487300000000005,0.0,0.0,6
org_sg65kxvf,2025-07-09,analytics,17.704099999999997,229.0,3.6471,0.0,0.0,0.0,3
org_sg65kxvf,2025-07-09,database,5.3558,114.0,2.8216,0.5424,0.0,0.0,3
org_sg65kxvf,2025-07-09,genai,50.04919999999999,373.0,0.7592,2.0216000000000003,0.0,0.0,6
org_sg65kxvf,2025-07-09,networking,2.1273999999999997,230.0,0.0,5.8022,0.0,0.0,3
org_sg65kxvf,2025-07-10,database,5.8624,103.0,5.9513,0.0,0.0,0.0,6
org_sg65kxvf,2025-07-10,genai,14.566,104.0,0.0,25.0494,0.0,0.0,3
org_sg65kxvf,2025-07-11,analytics,15.392199999999999,240.0,2.6538,0.0,0.0,0.0,3
org_sg65kxvf,2025-07-11,database,5.000100000000001,102.0,0.0,5.8903,0.0,0.0,3
org_sg65kxvf,2025-07-11,networking,2.4836,235.0,0.5891,0.0,0.0,0.0,3
org_sg65kxvf,2025-07-12,analytics,8.8954,118.0,2.7359,0.0,0.0,0.0,3
org_sg65kxvf,2025-07-12,database,22.0394,467.0,0.0,10.9489,0.0,0.0,5
org_sg65kxvf,2025-07-12,genai,49.639300000000006,455.0,0.8374,20.6721,0.0,0.0,9
org_sg65kxvf,2025-07-12,networking,2.7455,233.0,3.9653,0.0,0.0,0.0,3
org_sg65kxvf,2025-07-13,database,13.4309,237.0,5.412,0.0,0.0,0.0,3
org_sg65kxvf,2025-07-13,genai,21.3426,157.0,0.0,36.5075,0.0,0.0,5
org_sg65kxvf,2025-07-14,analytics,11.3331,115.0,3.1944,8.2404,0.0,0.0,3
org_sg65kxvf,2025-07-14,database,27.340400000000002,583.0,0.0,0.0,0.0,0.0,6
org_sg65kxvf,2025-07-14,genai,20.768,123.0,0.0,32.3181,0.0,0.0,3
org_sg65kxvf,2025-07-14,networking,2.5538000000000003,240.0,0.5868,0.0,0.0,0.0,3
org_sg65kxvf,2025-07-15,analytics,10.8146,133.0,2.9022,0.0,0.0,0.0,3
org_sg65kxvf,2025-07-15,genai,14.446100000000001,111.0,0.0,7.7123,0.0,0.0,3
org_sg65kxvf,2025-07-16,analytics,13.2853,221.0,0.8124,0.0,0.0,0.0,3
org_sg65kxvf,2025-07-16,database,31.5994,612.0,0.0,17.9596,0.0,0.0,6
org_sg65kxvf,2025-07-16,genai,77.6643,643.0,0.0,0.0,0.0,0.0,6
org_sg65kxvf,2025-07-17,analytics,28.2069,364.0,0.0,0.0,0.0,0.0,3
org_sg65kxvf,2025-07-17,database,7.2174000000000005,112.0,1.1498,13.3559,0.0,0.0,3
org_sg65kxvf,2025-07-17,genai,17.3133,108.0,4.8026,20.165300000000002,0.0,0.0,6
org_sg65kxvf,2025-07-17,networking,2.6964,247.0,2.8657,0.0,0.0,0.0,3
org_sg65kxvf,2025-07-18,analytics,17.2619,261.0,0.0,6.9532,0.0,0.053591,3
org_sg65kxvf,2025-07-18,database,27.9497,593.0,0.0,5.9367,0.0,0.119787,6
org_sg65kxvf,2025-07-18,genai,37.0383,368.0,3.6005000000000003,18.2647,5286.0,0.077973,6
org_sg65kxvf,2025-07-19,database,13.9792,246.0,0.0,25.6509,0.0,0.05433,3
org_sg65kxvf,2025-07-19,genai,50.1481,428.0,0.0,19.686999999999998,5661.0,0.089538,6
org_sg65kxvf,2025-07-19,networking,2.7613,260.0,0.0,12.027,0.0,0.054405,3
org_sg65kxvf,2025-07-20,analytics,18.122300000000003,225.0,0.0,18.2941,0.0,0.048658999999999994,3
org_sg65kxvf,2025-07-20,database,1.9048000000000003,0.0,0.0,42.295,0.0,0.008459,2
org_sg65kxvf,2025-07-20,genai,62.0128,455.0,1.5215,14.771,4561.0,0.094258,6
org_sg65kxvf,2025-07-21,analytics,0.44410000000000005,0.0,3.1046,0.81,0.0,7.830000000000001E-4,3
org_sg65kxvf,2025-07-21,database,7.625500000000001,140.0,2.7062999999999997,0.0,0.0,0.028541,6
org_sg65kxvf,2025-07-21,genai,29.0874,255.0,4.6815999999999995,30.6335,5157.0,0.058063,6
org_sg65kxvf,2025-07-21,networking,1.3717000000000001,121.0,0.0,16.6406,0.0,0.027528,3
org_sg65kxvf,2025-07-22,database,18.912,374.0,5.5513,12.8174,0.0,0.078473,6
org_sg65kxvf,2025-07-22,genai,28.614800000000002,232.0,7.5175,0.0,5083.0,0.047903,6
org_sg65kxvf,2025-07-22,networking,3.8581,360.0,0.0,0.0,0.0,0.072,3
org_sg65kxvf,2025-07-23,database,11.5549,238.0,0.0,8.6673,0.0,0.049333,3
org_sg65kxvf,2025-07-23,genai,24.779200000000003,252.0,0.0,0.0,1966.0,0.0504,2
org_sg65kxvf,2025-07-23,networking,2.8297,224.0,0.0,8.7093,0.0,0.046542,3
org_sg65kxvf,2025-07-24,database,7.4311,127.0,3.8174,6.4959,0.0,0.027462,3
org_sg65kxvf,2025-07-24,genai,29.436,244.0,3.7206,18.3946,6290.0,0.05322400000000001,6
org_sg65kxvf,2025-07-24,networking,1.3615,115.0,0.7768,1.6177,0.0,0.023479,3
org_sg65kxvf,2025-07-25,analytics,0.3456,0.0,4.7196,0.0,0.0,9.44E-4,3
org_sg65kxvf,2025-07-25,genai,43.754400000000004,344.0,0.0,25.046999999999997,3893.0,0.07381,6
org_sg65kxvf,2025-07-26,analytics,9.668700000000001,131.0,0.8514,0.7095,0.0,0.026512,3
org_sg65kxvf,2025-07-26,database,8.254,127.0,2.5642,28.9709,0.0,0.031707,6
org_sg65kxvf,2025-07-26,genai,25.079900000000002,227.0,6.8644,0.0,3665.0,0.046772999999999995,5
org_sg65kxvf,2025-07-27,database,0.186,0.0,0.8927,3.2681,0.0,8.33E-4,2
org_sg65kxvf,2025-07-27,genai,28.2106,220.0,0.0,0.0,2231.0,0.044,3
org_sg65kxvf,2025-07-27,networking,2.3866999999999994,270.0,0.0,14.5622,0.0,0.056912,3
org_sg65kxvf,2025-07-28,analytics,8.1526,118.0,5.1035,0.0,0.0,0.024621,3
org_sg65kxvf,2025-07-28,database,24.3821,476.0,0.0,2.0812,0.0,0.095616,6
org_sg65kxvf,2025-07-28,genai,51.9983,252.0,5.933,32.815200000000004,6310.0,0.05815,9
org_sg65kxvf,2025-07-28,networking,0.0844,0.0,7.2707999999999995,0.0,0.0,0.001454,3
org_sg65kxvf,2025-07-29,genai,19.8061,127.0,1.0256,15.8902,2865.0,0.028783,3
org_sg65kxvf,2025-07-30,analytics,16.0666,245.0,1.6665,0.0,0.0,0.049333,3
org_sg65kxvf,2025-07-30,database,33.4088,642.0,0.0,8.1457,0.0,0.130029,6
org_sg65kxvf,2025-07-30,networking,1.8484,130.0,0.0,9.0232,0.0,0.027805,3
org_sg65kxvf,2025-07-31,analytics,25.6152,371.0,0.0,0.0,0.0,0.0742,3
org_sg65kxvf,2025-07-31,database,15.1755,347.0,4.0165,13.6701,0.0,0.072937,6
org_sg65kxvf,2025-07-31,genai,16.551099999999998,130.0,1.3577,12.5355,4258.0,0.028779,3
org_sg65kxvf,2025-08-01,database,6.6908,113.0,0.0,1.2877,0.0,0.022858,2
org_sg65kxvf,2025-08-01,genai,54.6148,461.0,4.8149,15.0411,7346.0,0.096172,9
org_sg65kxvf,2025-08-01,networking,2.9504,256.0,0.0,18.5858,0.0,0.054916999999999994,3
org_sg65kxvf,2025-08-02,database,13.7706,225.0,4.3134,15.753,0.0,0.049014,6
org_sg65kxvf,2025-08-02,genai,4.913,0.0,0.0,43.5112,4371.0,0.008702,3
org_sg65kxvf,2025-08-03,database,5.855599999999999,122.0,8.3547,4.0474,0.0,0.02688,6
org_sg65kxvf,2025-08-03,genai,32.7853,250.0,5.9014999999999995,17.8296,4885.0,0.054746,6
org_sg65kxvf,2025-08-04,analytics,15.0792,210.0,1.8342,0.0,0.0,0.042366999999999995,3
org_sg65kxvf,2025-08-04,database,6.155799999999999,130.0,0.0,12.9835,0.0,0.028596999999999997,3
org_sg65kxvf,2025-08-04,genai,53.189099999999996,477.0,3.3727,0.0,4473.0,0.096075,6
org_sg65kxvf,2025-08-04,networking,2.3444,218.0,1.6874,0.0,0.0,0.043937000000000004,3
org_sg65kxvf,2025-08-05,analytics,8.474200000000002,124.0,3.3741000000000003,0.0,0.0,0.025474999999999998,3
org_sg65kxvf,2025-08-05,database,6.613,112.0,4.1232,9.1087,0.0,0.025047,3
org_sg65kxvf,2025-08-05,genai,27.4373,228.0,6.7232,0.0,2990.0,0.04694500000000001,6
org_sg65kxvf,2025-08-05,networking,2.3098,234.0,0.0,15.9743,0.0,0.049995,3
org_sg65kxvf,2025-08-06,genai,30.236800000000002,256.0,0.0,0.0,4254.0,0.051199999999999996,3
org_sg65kxvf,2025-08-07,analytics,19.6577,262.0,4.2337,0.0,0.0,0.053247,3
org_sg65kxvf,2025-08-07,database,17.0993,350.0,0.0,0.0,0.0,0.07,3
org_sg65kxvf,2025-08-07,genai,74.54400000000001,599.0,2.1142,55.116,7762.0,0.13124599999999997,9
org_sg65kxvf,2025-08-07,networking,2.4036,245.0,0.0,23.4467,0.0,0.053689,3
org_sg65kxvf,2025-08-08,database,17.3398,318.0,4.416,0.0,0.0,0.064483,6
org_sg65kxvf,2025-08-08,genai,38.1979,366.0,0.7484,5.7479,5685.0,0.0745,6
org_sg65kxvf,2025-08-09,database,6.3707,116.0,1.1258,16.9488,0.0,0.026815,3
org_sg65kxvf,2025-08-09,genai,30.404400000000003,229.0,5.7364999999999995,33.735499999999995,8102.0,0.053694,9
org_sg65kxvf,2025-08-09,networking,2.6512000000000002,242.0,0.0,13.1327,0.0,0.051026999999999996,3
org_sg65kxvf,2025-08-10,database,18.2552,376.0,0.0,16.7806,0.0,0.078556,6
org_sg65kxvf,2025-08-10,genai,17.1133,116.0,5.1444,26.935200000000002,4995.0,0.029615999999999996,6
org_sg65kxvf,2025-08-11,analytics,0.6582,0.0,8.0519,0.0,0.0,0.0016099999999999999,3
org_sg65kxvf,2025-08-11,database,1.7095,0.0,0.0,31.8534,0.0,0.006371,3
org_sg65kxvf,2025-08-11,genai,19.0313,116.0,7.676799999999999,29.739,6084.0,0.030682999999999995,9
org_sg65kxvf,2025-08-12,analytics,24.255499999999998,378.0,0.0,0.0,0.0,0.0756,3
org_sg65kxvf,2025-08-12,genai,13.6336,0.0,0.4619,27.163600000000002,7697.0,0.005525,6
org_sg65kxvf,2025-08-12,networking,2.3288,240.0,0.0,10.0738,0.0,0.050015000000000004,3
org_sg65kxvf,2025-08-13,analytics,15.2815,224.0,1.3096,0.0,0.0,0.045062,3
org_sg65kxvf,2025-08-13,database,17.086100000000002,332.0,3.2308,0.0,0.0,0.067046,5
org_sg65kxvf,2025-08-13,genai,102.03680000000001,830.0,0.7705,5.7468,9861.0,0.167303,9
org_sg65kxvf,2025-08-13,networking,2.3521,251.0,0.0,12.6438,0.0,0.052729,3
org_sg65kxvf,2025-08-14,analytics,16.7957,227.0,2.0419,0.0,0.0,0.045808,3
org_sg65kxvf,2025-08-14,genai,30.9475,249.0,2.1453,8.5755,3994.0,0.051944,6
org_sg65kxvf,2025-08-15,database,8.1495,126.0,5.3376,37.1951,0.0,0.033707,3
org_sg65kxvf,2025-08-15,genai,71.0012,586.0,0.0,3.1777,4980.0,0.117836,6
org_sg65kxvf,2025-08-15,networking,0.0633,0.0,7.645300000000001,0.0,0.0,0.001529,3
org_sg65kxvf,2025-08-16,database,16.8032,352.0,0.0,0.0,0.0,0.0704,3
org_sg65kxvf,2025-08-16,genai,19.2796,96.0,2.3184,29.4242,6373.0,0.025548,6
org_sg65kxvf,2025-08-16,networking,2.1488,246.0,0.0,0.0,0.0,0.0492,3
org_sg65kxvf,2025-08-17,genai,54.0544,465.0,1.1002,11.1879,5484.0,0.095458,6
org_sg65kxvf,2025-08-17,networking,1.4038,118.0,1.304,13.5224,0.0,0.026565000000000002,3
org_sg65kxvf,2025-08-18,analytics,14.702,229.0,0.0,6.5406,0.0,0.047108,3
org_sg65kxvf,2025-08-18,database,7.834,101.0,2.9235,0.0,0.0,0.020784999999999998,3
org_sg65kxvf,2025-08-18,networking,1.0844,103.0,4.3196,0.0,0.0,0.021464,3
org_sg65kxvf,2025-08-19,analytics,9.6587,133.0,0.0,19.028399999999998,0.0,0.030406,3
org_sg65kxvf,2025-08-19,database,11.3032,251.0,0.0,0.0,0.0,0.0502,3
org_sg65kxvf,2025-08-19,genai,67.3932,489.0,2.404,0.2559,7199.0,0.098332,8
org_sg65kxvf,2025-08-19,networking,1.23,127.0,2.1602,11.6154,0.0,0.028154999999999996,3
org_sg65kxvf,2025-08-20,analytics,16.6361,256.0,1.7311,0.0,0.0,0.051545999999999995,3
org_sg65kxvf,2025-08-20,genai,12.2368,111.0,0.0,0.0,1939.0,0.0222,3
org_sg65kxvf,2025-08-20,networking,3.2257000000000002,247.0,2.1248,0.0,0.0,0.049824999999999994,3
org_sg65kxvf,2025-08-21,analytics,10.3369,121.0,0.8314,1.6835,0.0,0.024703,3
org_sg65kxvf,2025-08-21,database,11.452399999999999,216.0,3.8403,6.5681,0.0,0.045281999999999996,6
org_sg65kxvf,2025-08-21,genai,11.9809,103.0,4.4459,0.0,1643.0,0.021489,3
org_sg65kxvf,2025-08-21,networking,4.364800000000001,391.0,0.0,0.0,0.0,0.0782,3
org_sg65kxvf,2025-08-22,analytics,25.9082,356.0,0.0,0.0,0.0,0.0712,3
org_sg65kxvf,2025-08-22,genai,21.309,122.0,0.0,14.3161,2329.0,0.027263000000000003,3
org_sg65kxvf,2025-08-22,networking,2.6734,250.0,2.1257,0.0,0.0,0.050425,3
org_sg65kxvf,2025-08-23,analytics,0.5453,0.0,2.779,5.8333,0.0,0.0017230000000000001,3
org_sg65kxvf,2025-08-23,database,8.2309,123.0,2.415,5.9887,0.0,0.026281000000000002,3
org_sg65kxvf,2025-08-23,genai,19.5124,139.0,0.9472,15.6139,2863.0,0.031112,3
org_sg65kxvf,2025-08-24,database,13.255099999999999,254.0,5.4032,16.8217,0.0,0.055246,6
org_sg65kxvf,2025-08-24,genai,38.2344,348.0,0.2053,19.3816,5473.0,0.073517,6
org_sg65kxvf,2025-08-24,networking,1.1555999999999997,119.0,3.3204000000000002,0.0,0.0,0.024464,3
org_sg65kxvf,2025-08-25,database,24.6536,492.0,2.3563,10.3237,0.0,0.10093599999999998,6
org_sg65kxvf,2025-08-25,genai,28.2574,255.0,1.9601000000000002,19.587400000000002,4769.0,0.055309000000000004,6
org_sg65kxvf,2025-08-26,analytics,1.6469,0.0,0.0315,23.872899999999998,0.0,0.0047799999999999995,3
org_sg65kxvf,2025-08-26,database,14.5333,243.0,3.2946,0.0,0.0,0.049259000000000004,3
org_sg65kxvf,2025-08-26,genai,18.2715,104.0,4.4546,41.0821,3150.0,0.029908,5
org_sg65kxvf,2025-08-26,networking,2.6051,258.0,0.0,0.0,0.0,0.0516,3
org_sg65kxvf,2025-08-27,database,12.445600000000002,253.0,7.6446000000000005,6.7146,0.0,0.053473,6
org_sg65kxvf,2025-08-27,genai,28.8878,243.0,0.0,16.1652,2931.0,0.051833000000000004,3
org_sg65kxvf,2025-08-27,networking,2.5848,233.0,0.0,0.0,0.0,0.0466,3
org_sg65kxvf,2025-08-28,analytics,11.4563,127.0,0.0,26.6685,0.0,0.030733999999999997,3
org_sg65kxvf,2025-08-28,database,7.8963,149.0,0.8583,1.7784,0.0,0.030328,3
org_sg65kxvf,2025-08-28,genai,16.491600000000002,123.0,0.1804,46.0677,4457.0,0.033849,6
org_sg65kxvf,2025-08-29,database,12.9267,245.0,4.1114999999999995,12.2223,0.0,0.052267,6
org_sg65kxvf,2025-08-29,genai,62.6997,464.0,5.053800000000001,27.3142,6587.0,0.099274,9
org_sg65kxvf,2025-08-30,database,25.117,507.0,0.0,32.3424,0.0,0.107869,6
org_sg65kxvf,2025-08-30,genai,17.7911,111.0,0.0,43.4143,4048.0,0.030883,3
org_sg65kxvf,2025-08-30,networking,2.5517000000000003,246.0,2.5981,0.0,0.0,0.04972,3
org_sg65kxvf,2025-08-31,database,8.1999,110.0,4.2198,14.6573,0.0,0.025775,6
org_sg65kxvf,2025-08-31,genai,0.8038000000000001,0.0,0.7535,5.4769,1142.0,0.0012460000000000001,3
org_sg65kxvf,2025-08-31,networking,2.9475,260.0,5.3166,0.0,0.0,0.053063,3
org_t1ghr09s,2025-07-03,compute,21.6631,217.0,0.0,19.1625,0.0,0.0,3
org_t1ghr09s,2025-07-06,compute,10.8416,111.0,0.0,29.7053,0.0,0.0,3
org_t1ghr09s,2025-07-06,networking,1.0334999999999999,106.0,5.2741,0.0,0.0,0.0,3
org_t1ghr09s,2025-07-07,compute,20.048000000000002,241.0,2.1883,0.0,0.0,0.0,3
org_t1ghr09s,2025-07-07,networking,2.7719,232.0,0.0,12.8478,0.0,0.0,3
org_t1ghr09s,2025-07-08,networking,0.0126,0.0,1.1918,0.0,0.0,0.0,3
org_t1ghr09s,2025-07-09,compute,18.8497,212.0,0.0,1.1232,0.0,0.0,3
org_t1ghr09s,2025-07-09,networking,3.0088,335.0,0.0,0.0,0.0,0.0,3
org_t1ghr09s,2025-07-10,compute,12.0493,125.0,0.0,0.0,0.0,0.0,3
org_t1ghr09s,2025-07-10,networking,1.1419,132.0,2.4422,0.0,0.0,0.0,3
org_t1ghr09s,2025-07-11,networking,0.4949,0.0,1.0423,41.503699999999995,0.0,0.0,3
org_t1ghr09s,2025-07-12,compute,9.5458,125.0,0.0,18.5158,0.0,0.0,3
org_t1ghr09s,2025-07-13,networking,3.84,361.0,0.0,0.0,0.0,0.0,3
org_t1ghr09s,2025-07-14,compute,12.453700000000001,0.0,0.0,16.1326,0.0,0.0,3
org_t1ghr09s,2025-07-14,networking,0.33580000000000004,0.0,0.0,31.692800000000002,0.0,0.0,3
org_t1ghr09s,2025-07-15,networking,0.2803,0.0,0.0,30.884800000000002,0.0,0.0,2
org_t1ghr09s,2025-07-16,compute,10.5422,122.0,2.3985,3.4556,0.0,0.0,3
org_t1ghr09s,2025-07-16,networking,2.3113,251.0,0.0,7.194,0.0,0.0,3
org_t1ghr09s,2025-07-17,compute,21.3033,246.0,0.0,4.7067,0.0,0.0,3
org_t1ghr09s,2025-07-17,networking,1.4084999999999999,118.0,2.825,13.2895,0.0,0.0,3
org_t1ghr09s,2025-07-18,compute,18.383699999999997,247.0,4.526,0.0,0.0,0.050305,3
org_t1ghr09s,2025-07-19,compute,0.48050000000000004,0.0,5.8113,0.0,0.0,0.001163,3
org_t1ghr09s,2025-07-19,networking,1.8260999999999998,238.0,0.0,0.0,0.0,0.0476,3
org_t1ghr09s,2025-07-20,compute,11.473500000000001,123.0,0.0,23.6563,0.0,0.029331,3
org_t1ghr09s,2025-07-20,networking,0.16820000000000002,0.0,0.0,14.814700000000002,0.0,0.002963,3
org_t1ghr09s,2025-07-21,compute,8.875499999999999,129.0,0.3629,0.0,0.0,0.025873,3
org_t1ghr09s,2025-07-21,networking,1.1922000000000001,126.0,3.7209,0.0,0.0,0.025945,3
org_t1ghr09s,2025-07-22,networking,0.3478,0.0,2.8684,33.0351,0.0,0.007181,3
org_t1ghr09s,2025-07-23,compute,9.2534,113.0,2.3522,3.9078,0.0,0.023852,3
org_t1ghr09s,2025-07-23,networking,1.2337,126.0,0.9478,0.0,0.0,0.02539,3
org_t1ghr09s,2025-07-24,compute,32.7241,364.0,0.0,0.0,0.0,0.0728,3
org_t1ghr09s,2025-07-26,compute,8.4791,120.0,4.9719,0.0,0.0,0.024994000000000002,3
org_t1ghr09s,2025-07-26,networking,1.2654,129.0,1.5415,12.9703,0.0,0.028702,3
org_t1ghr09s,2025-07-27,compute,9.3615,119.0,0.0,12.7552,0.0,0.026351000000000003,3
org_t1ghr09s,2025-07-27,networking,0.151,0.0,1.1053,14.8356,0.0,0.003188,3
org_t1ghr09s,2025-07-28,compute,19.7614,248.0,0.0,17.4082,0.0,0.053082,3
org_t1ghr09s,2025-07-28,networking,1.7012999999999998,124.0,0.0,38.061899999999994,0.0,0.032411999999999996,3
org_t1ghr09s,2025-07-29,compute,2.6559999999999997,0.0,2.5447,32.2811,0.0,0.006965,3
org_t1ghr09s,2025-07-29,networking,0.0412,0.0,4.1776,0.0,0.0,8.36E-4,3
org_t1ghr09s,2025-07-31,networking,2.4981,233.0,0.0,4.4753,0.0,0.047494999999999996,3
org_t1ghr09s,2025-08-01,compute,18.0762,235.0,3.1791,0.0,0.0,0.047636,3
org_t1ghr09s,2025-08-01,networking,1.2825,120.0,2.1145,3.3389,0.0,0.025091,3
org_t1ghr09s,2025-08-02,compute,19.5304,238.0,0.0,8.762,0.0,0.04935200000000001,3
org_t1ghr09s,2025-08-03,compute,15.013300000000001,213.0,2.6745,0.0,0.0,0.043135,3
org_t1ghr09s,2025-08-04,networking,1.7303000000000002,132.0,0.0,10.3973,0.0,0.028479,3
org_t1ghr09s,2025-08-05,networking,2.9892000000000003,326.0,0.0,0.0,0.0,0.06520000000000001,3
org_t1ghr09s,2025-08-06,networking,0.0358,0.0,3.2366,0.0,0.0,6.47E-4,3
org_t1ghr09s,2025-08-07,compute,22.9931,240.0,0.0,0.0,0.0,0.048,3
org_t1ghr09s,2025-08-08,networking,2.5788,225.0,0.0,11.837,0.0,0.047367000000000006,3
org_t1ghr09s,2025-08-09,compute,8.0135,139.0,5.9158,0.0,0.0,0.028983,3
org_t1ghr09s,2025-08-10,networking,0.0149,0.0,1.5225,0.0,0.0,3.05E-4,3
org_t1ghr09s,2025-08-11,compute,20.0756,244.0,1.4175,0.0,0.0,0.049084,3
org_t1ghr09s,2025-08-12,networking,2.6376,254.0,4.4401,0.0,0.0,0.051688,3
org_t1ghr09s,2025-08-13,compute,1.2914,0.0,1.0477,13.319,0.0,0.0028740000000000003,3
org_t1ghr09s,2025-08-13,networking,2.3649,240.0,1.6,0.0,0.0,0.04832,3
org_t1ghr09s,2025-08-14,compute,19.0854,215.0,0.0,0.0,0.0,0.043,3
org_t1ghr09s,2025-08-14,networking,2.6022,216.0,0.0,9.8385,0.0,0.045168,3
org_t1ghr09s,2025-08-15,compute,8.442,110.0,3.2956000000000003,0.0,0.0,0.022659,3
org_t1ghr09s,2025-08-15,networking,2.4962999999999997,255.0,1.8289,0.0,0.0,0.051365999999999995,3
org_t1ghr09s,2025-08-17,networking,2.5770999999999997,259.0,0.0,7.3949,0.0,0.053279,3
org_t1ghr09s,2025-08-18,compute,29.3928,350.0,0.0,0.0,0.0,0.06999999999999999,3
org_t1ghr09s,2025-08-18,networking,1.1777,110.0,2.7378,0.7882,0.0,0.022705999999999997,3
org_t1ghr09s,2025-08-19,networking,2.3272,241.0,2.7966,0.0,0.0,0.048759,3
org_t1ghr09s,2025-08-20,networking,2.2107,236.0,0.0,9.2466,0.0,0.049048999999999995,3
org_t1ghr09s,2025-08-21,compute,18.242,243.0,0.0,0.0,0.0,0.048600000000000004,3
org_t1ghr09s,2025-08-21,networking,0.40020000000000006,0.0,1.6864,38.989,0.0,0.008134,3
org_t1ghr09s,2025-08-22,networking,2.3139,267.0,0.0,3.0688,0.0,0.054014,3
org_t1ghr09s,2025-08-23,compute,9.435,121.0,0.0,9.693,0.0,0.026137999999999998,3
org_t1ghr09s,2025-08-25,networking,1.6772000000000002,126.0,0.932,14.697,0.0,0.028325,3
org_t1ghr09s,2025-08-26,networking,2.3589,220.0,0.0,15.7359,0.0,0.047147,3
org_t1ghr09s,2025-08-27,compute,19.7267,91.0,0.0,27.8983,0.0,0.023780000000000003,3
org_t1ghr09s,2025-08-27,networking,2.6812,252.0,0.0,0.0,0.0,0.0504,3
org_t1ghr09s,2025-08-28,compute,7.1045,123.0,0.5842,0.0,0.0,0.024717,3
org_t1ghr09s,2025-08-28,networking,2.1782999999999997,221.0,0.0,0.1259,0.0,0.044225,3
org_t1ghr09s,2025-08-30,compute,32.35340000000001,247.0,0.0,0.0,0.0,0.0494,3
org_t1ghr09s,2025-08-30,networking,2.0535,236.0,0.0,13.9542,0.0,0.049991,3
org_t1ghr09s,2025-08-31,compute,29.5147,346.0,0.0,0.0,0.0,0.0692,3
org_t9nt3w5u,2025-07-04,analytics,13.5748,236.0,1.8992,0.0,0.0,0.0,3
org_t9nt3w5u,2025-07-04,compute,18.305100000000003,218.0,0.131,0.0,0.0,0.0,3
org_t9nt3w5u,2025-07-05,analytics,16.9241,104.0,0.3427,0.0,0.0,0.0,3
org_t9nt3w5u,2025-07-05,compute,15.7898,233.0,1.0759,0.0,0.0,0.0,3
org_t9nt3w5u,2025-07-06,analytics,10.4247,109.0,1.7761,11.9237,0.0,0.0,3
org_t9nt3w5u,2025-07-06,compute,21.458599999999997,226.0,0.0,5.0203,0.0,0.0,3
org_t9nt3w5u,2025-07-07,analytics,11.092699999999999,134.0,0.0,27.022100000000002,0.0,0.0,3
org_t9nt3w5u,2025-07-07,compute,20.1779,273.0,0.0,27.2964,0.0,0.0,3
org_t9nt3w5u,2025-07-08,compute,20.3501,237.0,0.5427,0.0,0.0,0.0,3
org_t9nt3w5u,2025-07-09,analytics,14.3761,102.0,2.6929,0.0,0.0,0.0,3
org_t9nt3w5u,2025-07-10,compute,8.543399999999998,115.0,0.5777,2.1782,0.0,0.0,3
org_t9nt3w5u,2025-07-11,compute,7.1438999999999995,105.0,1.2964,7.2038,0.0,0.0,3
org_t9nt3w5u,2025-07-12,analytics,9.9642,113.0,2.0349,9.1722,0.0,0.0,3
org_t9nt3w5u,2025-07-12,compute,13.472999999999999,147.0,1.9891,9.3672,0.0,0.0,3
org_t9nt3w5u,2025-07-13,analytics,16.3734,110.0,0.0,4.2939,0.0,0.0,3
org_t9nt3w5u,2025-07-13,compute,9.2477,116.0,2.6036,17.2753,0.0,0.0,3
org_t9nt3w5u,2025-07-14,analytics,9.205499999999999,121.0,1.6798,0.0,0.0,0.0,3
org_t9nt3w5u,2025-07-14,compute,1.8576999999999997,0.0,1.0465,24.04,0.0,0.0,3
org_t9nt3w5u,2025-07-15,analytics,0.0749,0.0,1.1931,0.0,0.0,0.0,3
org_t9nt3w5u,2025-07-15,compute,10.077300000000001,119.0,0.0,15.615400000000001,0.0,0.0,3
org_t9nt3w5u,2025-07-16,analytics,21.5471,258.0,0.0,14.8034,0.0,0.0,3
org_t9nt3w5u,2025-07-20,analytics,7.8547,123.0,0.3834,2.017,0.0,0.02508,3
org_t9nt3w5u,2025-07-20,compute,18.1391,244.0,0.1985,0.0,0.0,0.048839999999999995,3
org_t9nt3w5u,2025-07-22,analytics,21.6817,366.0,0.0,0.0,0.0,0.0732,3
org_t9nt3w5u,2025-07-22,compute,14.1439,135.0,0.0,37.2362,0.0,0.034447,3
org_t9nt3w5u,2025-07-23,analytics,15.0964,254.0,1.7126,0.0,0.0,0.051143,3
org_t9nt3w5u,2025-07-24,analytics,17.1985,237.0,0.0,10.719,0.0,0.049544,3
org_t9nt3w5u,2025-07-25,analytics,21.5407,244.0,0.0,17.6385,0.0,0.052328,3
org_t9nt3w5u,2025-07-26,analytics,17.037200000000002,219.0,0.0,6.2057,0.0,0.045041,3
org_t9nt3w5u,2025-07-27,compute,13.3006,113.0,0.0,22.8357,0.0,0.027167999999999998,3
org_t9nt3w5u,2025-07-28,compute,10.8326,114.0,0.4622,10.0934,0.0,0.024911,3
org_t9nt3w5u,2025-07-29,compute,1.7911,0.0,4.0273,0.0,0.0,8.049999999999999E-4,3
org_t9nt3w5u,2025-07-30,analytics,8.7026,109.0,0.0,22.317,0.0,0.026263,3
org_t9nt3w5u,2025-07-31,compute,1.6131,0.0,0.0,19.8953,0.0,0.003979,3
org_t9nt3w5u,2025-08-01,compute,12.287600000000001,100.0,0.0,20.8455,0.0,0.024169,3
org_t9nt3w5u,2025-08-02,compute,14.7566,241.0,1.19,0.0,0.0,0.048437999999999995,3
org_t9nt3w5u,2025-08-03,analytics,9.390500000000001,112.0,4.4041,23.0474,0.0,0.027889999999999998,3
org_t9nt3w5u,2025-08-05,compute,2.8547000000000002,0.0,3.6953,30.626800000000003,0.0,0.006864,3
org_t9nt3w5u,2025-08-06,compute,25.4912,254.0,0.0,0.0,0.0,0.0508,3
org_t9nt3w5u,2025-08-07,analytics,7.114700000000001,114.0,3.1617,3.8833,0.0,0.024209,3
org_t9nt3w5u,2025-08-07,compute,24.4217,314.0,0.0,0.0,0.0,0.0628,3
org_t9nt3w5u,2025-08-08,compute,11.7266,142.0,0.0,23.459899999999998,0.0,0.033092,3
org_t9nt3w5u,2025-08-09,analytics,1.6897000000000002,0.0,4.0245,25.8034,0.0,0.005966,3
org_t9nt3w5u,2025-08-09,compute,2.0279,0.0,2.669,22.5776,0.0,0.00505,3
org_t9nt3w5u,2025-08-10,compute,18.8121,245.0,0.0,2.9088,0.0,0.049582,3
org_t9nt3w5u,2025-08-11,compute,33.3141,388.0,0.0,0.0,0.0,0.0776,3
org_t9nt3w5u,2025-08-12,analytics,9.834200000000001,135.0,0.0,14.8385,0.0,0.029968,3
org_t9nt3w5u,2025-08-12,compute,11.382,128.0,7.3148,0.0,0.0,0.027063,3
org_t9nt3w5u,2025-08-14,analytics,17.598399999999998,260.0,0.6829,0.0,0.0,0.052137,3
org_t9nt3w5u,2025-08-15,analytics,16.4567,231.0,0.0,10.8296,0.0,0.048366,3
org_t9nt3w5u,2025-08-15,compute,27.3281,369.0,0.0,0.0,0.0,0.0738,3
org_t9nt3w5u,2025-08-16,analytics,15.1183,241.0,0.7174,0.0,0.0,0.048343,3
org_t9nt3w5u,2025-08-16,compute,8.6192,134.0,3.3625,2.6523,0.0,0.028003,3
org_t9nt3w5u,2025-08-17,analytics,2.6270000000000002,0.0,1.1429,8.6293,0.0,0.001955,3
org_t9nt3w5u,2025-08-20,analytics,1.5617999999999999,0.0,5.5688,18.3614,0.0,0.004787,3
org_t9nt3w5u,2025-08-20,compute,10.5319,124.0,7.8725,0.0,0.0,0.026373999999999998,3
org_t9nt3w5u,2025-08-22,analytics,19.9898,233.0,0.0,13.8863,0.0,0.049377000000000004,3
org_t9nt3w5u,2025-08-22,compute,1.0665,0.0,2.4632,9.2973,0.0,0.002352,3
org_t9nt3w5u,2025-08-23,compute,8.2277,114.0,3.1064,0.0,0.0,0.023421,3
org_t9nt3w5u,2025-08-24,compute,9.5574,119.0,1.9023,11.7835,0.0,0.026537,3
org_t9nt3w5u,2025-08-26,compute,27.9039,342.0,0.0,0.0,0.0,0.0684,3
org_t9nt3w5u,2025-08-27,compute,31.778,344.0,0.0,0.0,0.0,0.0688,3
org_t9nt3w5u,2025-08-29,analytics,7.8564,120.0,2.7776,3.6127,0.0,0.025279000000000003,3
org_t9nt3w5u,2025-08-30,analytics,8.2765,108.0,7.5737000000000005,0.0,0.0,0.023115,3
org_t9nt3w5u,2025-08-31,compute,20.296599999999998,239.0,0.6386,0.0,0.0,0.047928,3
org_teiyzcot,2025-07-03,analytics,10.157200000000001,124.0,0.1775,7.9986,0.0,0.0,3
org_teiyzcot,2025-07-03,compute,11.4376,125.0,1.541,5.3822,0.0,0.0,3
org_teiyzcot,2025-07-03,networking,1.0388,112.0,0.0,27.0075,0.0,0.0,3
org_teiyzcot,2025-07-04,analytics,19.091099999999997,248.0,3.3507,17.6184,0.0,0.0,6
org_teiyzcot,2025-07-04,compute,24.5953,249.0,5.3703,18.0256,0.0,0.0,6
org_teiyzcot,2025-07-04,networking,3.7627000000000006,352.0,1.9604000000000001,0.0,0.0,0.0,6
org_teiyzcot,2025-07-05,analytics,18.7853,260.0,0.0,0.0,0.0,0.0,3
org_teiyzcot,2025-07-05,compute,18.087600000000002,244.0,2.1064,0.0,0.0,0.0,3
org_teiyzcot,2025-07-05,networking,1.5263,128.0,0.0,26.8534,0.0,0.0,3
org_teiyzcot,2025-07-06,analytics,6.7777,112.0,4.125500000000001,0.0,0.0,0.0,3
org_teiyzcot,2025-07-06,compute,189.4048,471.0,3.2784,6.6578,0.0,0.0,6
org_teiyzcot,2025-07-06,networking,3.2994,247.0,0.0,37.3196,0.0,0.0,6
org_teiyzcot,2025-07-07,analytics,10.9977,123.0,0.0,23.9963,0.0,0.0,3
org_teiyzcot,2025-07-07,compute,22.1452,238.0,3.4321,24.83,0.0,0.0,6
org_teiyzcot,2025-07-07,networking,1.3716,117.0,0.0,14.742,0.0,0.0,3
org_teiyzcot,2025-07-08,analytics,23.2655,339.0,0.0,0.0,0.0,0.0,3
org_teiyzcot,2025-07-08,compute,30.9743,447.0,0.0,14.0455,0.0,0.0,6
org_teiyzcot,2025-07-08,networking,2.6101,248.0,0.0,41.101200000000006,0.0,0.0,6
org_teiyzcot,2025-07-09,analytics,22.411900000000003,376.0,2.8634,0.0,0.0,0.0,6
org_teiyzcot,2025-07-09,compute,41.4313,509.0,0.0,0.0,0.0,0.0,5
org_teiyzcot,2025-07-10,analytics,25.333,355.0,3.5388,8.1199,0.0,0.0,6
org_teiyzcot,2025-07-10,compute,20.2464,235.0,2.8785,27.915799999999997,0.0,0.0,6
org_teiyzcot,2025-07-10,networking,2.8396999999999997,247.0,0.0,0.0,0.0,0.0,3
org_teiyzcot,2025-07-11,analytics,15.8437,255.0,1.8844,36.675000000000004,0.0,0.0,6
org_teiyzcot,2025-07-11,compute,20.9409,251.0,1.7225,0.0,0.0,0.0,3
org_teiyzcot,2025-07-11,networking,3.077,267.0,3.2179,16.5146,0.0,0.0,6
org_teiyzcot,2025-07-12,compute,12.8385,127.0,1.1265,23.0271,0.0,0.0,3
org_teiyzcot,2025-07-12,networking,2.963,275.0,0.0,8.9055,0.0,0.0,3
org_teiyzcot,2025-07-13,analytics,18.401699999999998,241.0,4.9526,0.0,0.0,0.0,3
org_teiyzcot,2025-07-13,compute,25.026899999999998,238.0,1.3225,54.01390000000001,0.0,0.0,6
org_teiyzcot,2025-07-13,networking,4.2421,465.0,0.0,12.3017,0.0,0.0,6
org_teiyzcot,2025-07-14,analytics,42.849000000000004,633.0,0.0,5.747,0.0,0.0,6
org_teiyzcot,2025-07-14,compute,13.821399999999999,130.0,4.5247,9.6259,0.0,0.0,3
org_teiyzcot,2025-07-15,analytics,15.5777,247.0,0.0,2.2879,0.0,0.0,3
org_teiyzcot,2025-07-15,compute,2.6790000000000003,0.0,0.0,30.3638,0.0,0.0,3
org_teiyzcot,2025-07-16,analytics,37.555499999999995,362.0,1.9501,0.0,0.0,0.0,6
org_teiyzcot,2025-07-16,compute,12.1906,129.0,0.7289,17.0867,0.0,0.0,3
org_teiyzcot,2025-07-16,networking,23.990499999999997,259.0,0.0,6.3344,0.0,0.0,3
org_teiyzcot,2025-07-17,analytics,24.2343,338.0,3.1588,4.5782,0.0,0.0,6
org_teiyzcot,2025-07-17,compute,1.1072000000000002,0.0,1.3107,14.6851,0.0,0.0,3
org_teiyzcot,2025-07-17,networking,3.4770000000000003,368.0,0.0,0.0,0.0,0.0,3
org_teiyzcot,2025-07-18,analytics,14.357199999999999,240.0,3.1823,0.0,0.0,0.048636,3
org_teiyzcot,2025-07-18,compute,27.034,351.0,6.6721,0.0,0.0,0.071535,6
org_teiyzcot,2025-07-18,networking,3.6679000000000004,249.0,0.0,14.0516,0.0,0.05261,6
org_teiyzcot,2025-07-19,analytics,27.9471,344.0,0.0,34.1445,0.0,0.075629,6
org_teiyzcot,2025-07-19,networking,1.4235,134.0,2.0011,0.0,0.0,0.027200000000000002,3
org_teiyzcot,2025-07-20,analytics,39.4669,498.0,3.5903,20.1872,0.0,0.104355,6
org_teiyzcot,2025-07-20,compute,10.2079,114.0,4.6373,13.1149,0.0,0.026350000000000002,6
org_teiyzcot,2025-07-20,networking,0.6943000000000001,0.0,5.5375,61.1111,0.0,0.013330000000000002,6
org_teiyzcot,2025-07-21,analytics,30.4302,491.0,0.0,6.9814,0.0,0.099596,6
org_teiyzcot,2025-07-21,compute,18.5001,235.0,0.0,0.0,0.0,0.047,3
org_teiyzcot,2025-07-21,networking,4.5937,488.0,0.0,23.3108,0.0,0.102262,6
org_teiyzcot,2025-07-22,analytics,0.7319,0.0,2.1008,7.6927,0.0,0.001959,3
org_teiyzcot,2025-07-22,compute,12.589,133.0,3.5878,8.0379,0.0,0.028926,3
org_teiyzcot,2025-07-22,networking,1.3826,128.0,0.4276,0.0,0.0,0.025686,3
org_teiyzcot,2025-07-23,analytics,25.9435,256.0,0.0,18.2902,0.0,0.054858000000000004,6
org_teiyzcot,2025-07-23,compute,22.156,245.0,0.1989,0.0,0.0,0.04904,3
org_teiyzcot,2025-07-23,networking,2.8356000000000003,254.0,1.2526,0.0,0.0,0.051051,3
org_teiyzcot,2025-07-24,compute,9.9393,121.0,3.6555,0.0,0.0,0.024931,3
org_teiyzcot,2025-07-24,networking,1.5725,127.0,5.597,12.4668,0.0,0.029012,3
org_teiyzcot,2025-07-25,analytics,34.18899999999999,460.0,1.9865,5.6965,0.0,0.093536,6
org_teiyzcot,2025-07-25,compute,18.2411,242.0,0.0,0.0,0.0,0.0484,3
org_teiyzcot,2025-07-25,networking,0.16670000000000001,0.0,0.0,16.5735,0.0,0.003314,3
org_teiyzcot,2025-07-26,compute,11.745000000000001,119.0,2.0981,6.3321,0.0,0.025486,3
org_teiyzcot,2025-07-26,networking,1.6182,129.0,1.0867,22.1649,0.0,0.03045,5
org_teiyzcot,2025-07-27,analytics,28.724800000000002,463.0,0.0,2.4513,0.0,0.09309,5
org_teiyzcot,2025-07-27,compute,17.553400000000003,218.0,0.2814,0.0,0.0,0.043656,6
org_teiyzcot,2025-07-27,networking,2.9894,245.0,5.6548,16.6202,0.0,0.053454999999999996,6
org_teiyzcot,2025-07-28,compute,30.885199999999998,381.0,6.6059,15.6612,0.0,0.080654,6
org_teiyzcot,2025-07-28,networking,1.6117,115.0,0.0,11.2936,0.0,0.025259,3
org_teiyzcot,2025-07-29,analytics,35.9213,479.0,0.0,29.712899999999998,0.0,0.101743,6
org_teiyzcot,2025-07-29,compute,2.5968999999999998,0.0,0.0,34.1746,0.0,0.006834999999999999,3
org_teiyzcot,2025-07-29,networking,3.4777000000000005,362.0,0.0,0.0,0.0,0.07239999999999999,3
org_teiyzcot,2025-07-30,analytics,16.682299999999998,238.0,0.0,3.6633,0.0,0.048333,3
org_teiyzcot,2025-07-31,analytics,21.086599999999997,241.0,1.4754,14.3239,0.0,0.051359,6
org_teiyzcot,2025-07-31,compute,14.0989,112.0,4.9482,32.8788,0.0,0.029965,6
org_teiyzcot,2025-07-31,networking,1.0582,101.0,2.6318,4.1065,0.0,0.021546999999999997,3
org_teiyzcot,2025-08-01,analytics,13.9099,141.0,1.0346,54.8043,0.0,0.039368,6
org_teiyzcot,2025-08-01,compute,2.897,0.0,1.7783,28.0574,0.0,0.005967,3
org_teiyzcot,2025-08-01,networking,6.0641,612.0,3.9722,0.0,0.0,0.123194,6
org_teiyzcot,2025-08-02,analytics,8.2823,119.0,8.9241,1.203,0.0,0.025826,5
org_teiyzcot,2025-08-02,compute,30.632600000000004,212.0,0.0,0.0,0.0,0.0424,3
org_teiyzcot,2025-08-02,networking,7.1566,720.0,0.0,0.0,0.0,0.14400000000000002,6
org_teiyzcot,2025-08-03,analytics,1.9501,0.0,3.217,20.6088,0.0,0.004764,3
org_teiyzcot,2025-08-03,compute,0.4718,0.0,6.0171,0.0,0.0,0.001203,3
org_teiyzcot,2025-08-03,networking,3.1704,360.0,0.0,6.4323,0.0,0.073286,6
org_teiyzcot,2025-08-04,analytics,45.956,624.0,0.0,5.6481,0.0,0.12593,6
org_teiyzcot,2025-08-05,analytics,9.2862,127.0,0.0,9.2534,0.0,0.027250999999999997,3
org_teiyzcot,2025-08-05,compute,0.1726,0.0,1.1896,0.8449,0.0,4.07E-4,3
org_teiyzcot,2025-08-05,networking,2.1630000000000003,228.0,0.0,5.6464,0.0,0.046729,3
org_teiyzcot,2025-08-06,analytics,10.8654,116.0,6.3214,0.0,0.0,0.024464,3
org_teiyzcot,2025-08-06,networking,2.8937999999999997,363.0,0.0,0.0,0.0,0.0726,3
org_teiyzcot,2025-08-07,compute,2.0446,0.0,0.0,8.2193,0.0,0.001644,3
org_teiyzcot,2025-08-07,networking,2.9208999999999996,237.0,0.0,61.0248,0.0,0.059605000000000005,6
org_teiyzcot,2025-08-08,compute,18.9741,225.0,0.0,0.0,0.0,0.045,3
org_teiyzcot,2025-08-08,networking,3.7884,337.0,0.0,0.0,0.0,0.0674,3
org_teiyzcot,2025-08-09,compute,19.5737,225.0,2.7366,23.589,0.0,0.050265,6
org_teiyzcot,2025-08-09,networking,1.5816000000000001,128.0,1.0449,30.808500000000002,0.0,0.03197,6
org_teiyzcot,2025-08-10,compute,0.5129,0.0,6.430299999999999,0.0,0.0,0.001286,3
org_teiyzcot,2025-08-10,networking,2.5374999999999996,235.0,0.9164,0.0,0.0,0.047183,3
org_teiyzcot,2025-08-11,analytics,25.1385,345.0,0.0,22.826999999999998,0.0,0.07356599999999999,6
org_teiyzcot,2025-08-11,compute,17.3352,242.0,0.0,27.3914,0.0,0.053878999999999996,6
org_teiyzcot,2025-08-11,networking,2.4326,233.0,0.0,6.6973,0.0,0.047939,3
org_teiyzcot,2025-08-12,analytics,14.6231,201.0,0.0,12.753,0.0,0.042751,3
org_teiyzcot,2025-08-12,compute,11.8103,130.0,1.6746,16.0608,0.0,0.029546999999999997,3
org_teiyzcot,2025-08-12,networking,2.5873,241.0,0.0,29.6127,0.0,0.054122,6
org_teiyzcot,2025-08-13,analytics,23.697100000000002,331.0,0.0,32.4973,0.0,0.0727,6
org_teiyzcot,2025-08-13,compute,22.967599999999997,242.0,0.0,0.7111,0.0,0.048542,3
org_teiyzcot,2025-08-13,networking,3.4162,351.0,5.5122,11.7548,0.0,0.073654,6
org_teiyzcot,2025-08-14,analytics,26.7227,337.0,2.9688,6.4489,0.0,0.069284,6
org_teiyzcot,2025-08-14,compute,12.5647,141.0,1.3075,0.0,0.0,0.028461999999999998,3
org_teiyzcot,2025-08-14,networking,1.3688,122.0,1.6329,13.5883,0.0,0.027445000000000004,3
org_teiyzcot,2025-08-15,analytics,18.909399999999998,247.0,3.0106,0.0,0.0,0.050002,3
org_teiyzcot,2025-08-15,compute,39.67819999999999,470.0,1.8469,3.6696,0.0,0.095103,6
org_teiyzcot,2025-08-15,networking,1.9515,232.0,0.0,4.1522,0.0,0.04723,3
org_teiyzcot,2025-08-16,analytics,18.6259,256.0,4.8098,10.5464,0.0,0.05427099999999999,6
org_teiyzcot,2025-08-16,compute,11.95,127.0,0.0,0.0,0.0,0.0254,3
org_teiyzcot,2025-08-16,networking,3.6695,397.0,0.0,0.0,0.0,0.0794,3
org_teiyzcot,2025-08-17,analytics,8.2413,113.0,3.6356,4.856,0.0,0.024297999999999997,3
org_teiyzcot,2025-08-17,compute,27.392599999999998,352.0,0.0,0.0,0.0,0.0704,3
org_teiyzcot,2025-08-17,networking,1.3219,124.0,0.6309,0.0,0.0,0.024926,3
org_teiyzcot,2025-08-18,analytics,9.509500000000001,112.0,0.0,17.0916,0.0,0.025819,3
org_teiyzcot,2025-08-18,compute,42.7222,505.0,0.4501,13.9556,0.0,0.103881,6
org_teiyzcot,2025-08-18,networking,2.6902999999999997,245.0,0.0,0.0,0.0,0.049,3
org_teiyzcot,2025-08-19,analytics,33.4879,503.0,4.0177,0.0,0.0,0.10140400000000001,6
org_teiyzcot,2025-08-20,analytics,5.3176,124.0,3.6109,0.0,0.0,0.025522,3
org_teiyzcot,2025-08-20,compute,2.4272,0.0,0.1636,31.407600000000002,0.0,0.006315,3
org_teiyzcot,2025-08-20,networking,4.303800000000001,343.0,0.0,39.1752,0.0,0.076436,6
org_teiyzcot,2025-08-21,compute,3.9942999999999995,0.0,8.0841,32.6918,0.0,0.008156,6
org_teiyzcot,2025-08-21,networking,1.3302,126.0,6.3714,15.8957,0.0,0.029653,3
org_teiyzcot,2025-08-22,analytics,17.606399999999997,248.0,3.4521,0.0,0.0,0.05029000000000001,3
org_teiyzcot,2025-08-22,compute,18.6483,227.0,0.0,13.2028,0.0,0.048041,3
org_teiyzcot,2025-08-22,networking,0.9128,100.0,0.0,0.0,0.0,0.02,3
org_teiyzcot,2025-08-23,analytics,10.9268,122.0,0.0,18.715899999999998,0.0,0.028144000000000002,3
org_teiyzcot,2025-08-23,compute,224.113,247.0,0.0,17.3191,0.0,0.052864,3
org_teiyzcot,2025-08-23,networking,1.8279,144.0,0.0,24.226300000000002,0.0,0.033645,3
org_teiyzcot,2025-08-24,analytics,42.486399999999996,583.0,0.0,16.351,0.0,0.11987,6
org_teiyzcot,2025-08-24,compute,20.9961,227.0,0.0,4.4617,0.0,0.04629199999999999,3
org_teiyzcot,2025-08-24,networking,2.5603999999999996,245.0,0.0,0.0,0.0,0.049,3
org_teiyzcot,2025-08-25,analytics,22.035200000000003,352.0,5.0466999999999995,0.0,0.0,0.071409,6
org_teiyzcot,2025-08-25,compute,30.5503,127.0,0.0,28.6834,0.0,0.031136999999999998,3
org_teiyzcot,2025-08-25,networking,1.2756,133.0,0.0,2.8215,0.0,0.027165,3
org_teiyzcot,2025-08-26,analytics,9.2545,108.0,0.7899,6.8504,0.0,0.023128000000000003,3
org_teiyzcot,2025-08-26,compute,11.8313,137.0,1.081,22.5585,0.0,0.032128000000000004,3
org_teiyzcot,2025-08-26,networking,6.1422,613.0,0.0,0.0,0.0,0.1226,6
org_teiyzcot,2025-08-27,analytics,8.956999999999999,114.0,0.0,25.5772,0.0,0.027915000000000002,3
org_teiyzcot,2025-08-27,networking,2.3557,256.0,4.184,7.2697,0.0,0.053491,6
org_teiyzcot,2025-08-28,analytics,13.6537,236.0,2.0115,0.1916,0.0,0.047639999999999995,6
org_teiyzcot,2025-08-28,compute,26.535899999999998,355.0,0.0,0.0,0.0,0.071,3
org_teiyzcot,2025-08-28,networking,1.5357,132.0,3.6315,0.0,0.0,0.027126,3
org_teiyzcot,2025-08-29,analytics,14.953299999999999,211.0,1.867,0.0,0.0,0.042573,3
org_teiyzcot,2025-08-29,compute,21.7637,250.0,2.4681,30.1178,0.0,0.056517000000000005,6
org_teiyzcot,2025-08-29,networking,1.482,104.0,0.0,38.8243,0.0,0.028564,3
org_teiyzcot,2025-08-30,analytics,7.473800000000001,124.0,0.0,13.6253,0.0,0.027525,3
org_teiyzcot,2025-08-30,networking,5.241200000000001,485.0,0.0,19.2313,0.0,0.10084599999999999,6
org_teiyzcot,2025-08-31,analytics,16.791,252.0,2.4059,21.8506,0.0,0.055252,6
org_teiyzcot,2025-08-31,compute,20.2912,247.0,0.0,11.7123,0.0,0.051741999999999996,3
org_teiyzcot,2025-08-31,networking,3.9263999999999997,406.0,1.1143,12.1145,0.0,0.083846,6
org_trp0j43d,2025-07-03,database,11.4761,243.0,0.0,1.2431,0.0,0.0,3
org_trp0j43d,2025-07-04,compute,9.96,100.0,3.7177,0.0,0.0,0.0,3
org_trp0j43d,2025-07-04,database,8.4755,133.0,0.0,28.5152,0.0,0.0,3
org_trp0j43d,2025-07-05,database,6.1998,132.0,0.7632,11.8439,0.0,0.0,3
org_trp0j43d,2025-07-06,compute,20.2933,214.0,0.0,6.0062,0.0,0.0,3
org_trp0j43d,2025-07-06,database,0.6232,0.0,4.7111,5.042,0.0,0.0,3
org_trp0j43d,2025-07-07,database,2.1521,0.0,0.0,38.1726,0.0,0.0,3
org_trp0j43d,2025-07-08,compute,5.8009,115.0,4.274,0.0,0.0,0.0,3
org_trp0j43d,2025-07-08,database,16.5612,327.0,0.0,0.0,0.0,0.0,3
org_trp0j43d,2025-07-09,compute,9.3979,117.0,1.9535,0.4221,0.0,0.0,3
org_trp0j43d,2025-07-09,database,17.8475,359.0,3.949,13.0072,0.0,0.0,6
org_trp0j43d,2025-07-10,compute,10.0832,118.0,2.2885,0.0,0.0,0.0,3
org_trp0j43d,2025-07-10,database,19.937400000000004,359.0,0.0,25.177500000000002,0.0,0.0,6
org_trp0j43d,2025-07-11,database,17.7977,367.0,2.8834,12.8593,0.0,0.0,6
org_trp0j43d,2025-07-12,compute,24.7017,110.0,0.0,14.6559,0.0,0.0,3
org_trp0j43d,2025-07-12,database,13.5091,246.0,0.6397,0.0,0.0,0.0,3
org_trp0j43d,2025-07-13,database,7.207599999999999,129.0,0.466,4.7906,0.0,0.0,3
org_trp0j43d,2025-07-14,database,19.3844,341.0,3.1624,39.4731,0.0,0.0,6
org_trp0j43d,2025-07-15,compute,19.6387,239.0,0.0,16.6681,0.0,0.0,3
org_trp0j43d,2025-07-15,database,10.406500000000001,242.0,0.0,18.057499999999997,0.0,0.0,6
org_trp0j43d,2025-07-16,compute,12.6611,121.0,2.0578000000000003,0.0,0.0,0.0,3
org_trp0j43d,2025-07-16,database,37.9176,687.0,0.0,0.0,0.0,0.0,6
org_trp0j43d,2025-07-17,database,11.5539,128.0,0.0,14.5595,0.0,0.0,3
org_trp0j43d,2025-07-18,compute,13.5565,122.0,0.0,0.0,0.0,0.0244,3
org_trp0j43d,2025-07-18,database,13.6333,255.0,0.5798,0.0,0.0,0.051116,3
org_trp0j43d,2025-07-19,compute,10.5475,0.0,1.9465,7.7455,0.0,0.001938,3
org_trp0j43d,2025-07-19,database,7.1953,135.0,2.1962,11.3876,0.0,0.029716999999999997,3
org_trp0j43d,2025-07-20,compute,12.5189,133.0,6.7615,0.0,0.0,0.027953,3
org_trp0j43d,2025-07-20,database,8.189,126.0,0.0,14.0074,0.0,0.028001,3
org_trp0j43d,2025-07-21,database,5.2364,96.0,0.0,12.73,0.0,0.021745999999999998,3
org_trp0j43d,2025-07-22,database,6.0164,126.0,5.481199999999999,3.2938,0.0,0.026956,6
org_trp0j43d,2025-07-23,compute,19.9551,110.0,0.0,11.0347,0.0,0.024207,3
org_trp0j43d,2025-07-23,database,15.891499999999999,344.0,0.7201,30.878700000000002,0.0,0.07511999999999999,6
org_trp0j43d,2025-07-24,compute,0.4655,0.0,5.2951999999999995,0.0,0.0,0.001058,3
org_trp0j43d,2025-07-24,database,6.7774,122.0,0.8906,12.9675,0.0,0.027171,3
org_trp0j43d,2025-07-25,compute,17.2757,243.0,1.0527,0.0,0.0,0.04881100000000001,3
org_trp0j43d,2025-07-26,database,18.7584,350.0,3.0075,22.7438,0.0,0.07515,6
org_trp0j43d,2025-07-28,compute,9.9774,120.0,0.0,25.3341,0.0,0.029067000000000003,3
org_trp0j43d,2025-07-28,database,21.988300000000002,494.0,0.0,0.7348,0.0,0.098947,6
org_trp0j43d,2025-07-29,database,11.4282,227.0,0.0,0.0,0.0,0.045399999999999996,3
org_trp0j43d,2025-07-31,compute,20.665399999999998,245.0,0.0,5.5573,0.0,0.050111,3
org_trp0j43d,2025-07-31,database,19.9559,250.0,0.0,0.0,0.0,0.05,3
org_trp0j43d,2025-08-01,compute,18.325899999999997,240.0,0.0,21.0677,0.0,0.052214,3
org_trp0j43d,2025-08-01,database,14.983699999999999,257.0,2.7034,49.7899,0.0,0.061899,6
org_trp0j43d,2025-08-02,compute,9.462399999999999,132.0,1.4738,0.0,0.0,0.026695,3
org_trp0j43d,2025-08-02,database,1.1273,0.0,5.0892,17.86,0.0,0.00459,3
org_trp0j43d,2025-08-03,compute,19.271,252.0,0.0,8.8193,0.0,0.052164,3
org_trp0j43d,2025-08-03,database,25.1566,467.0,0.0,0.0,0.0,0.0934,6
org_trp0j43d,2025-08-05,database,7.1048,113.0,6.9036,12.648,0.0,0.026510999999999996,6
org_trp0j43d,2025-08-06,compute,7.4068,116.0,0.5522,0.0,0.0,0.023309999999999997,3
org_trp0j43d,2025-08-06,database,14.6811,231.0,1.612,46.4297,0.0,0.055809,6
org_trp0j43d,2025-08-07,compute,20.462699999999998,252.0,0.0,7.3924,0.0,0.051878,3
org_trp0j43d,2025-08-07,database,8.7766,127.0,6.6884999999999994,0.0,0.0,0.026737999999999998,3
org_trp0j43d,2025-08-09,compute,22.727600000000002,239.0,0.0,0.0,0.0,0.047799999999999995,3
org_trp0j43d,2025-08-10,database,13.4341,237.0,0.0,10.904,0.0,0.049581,3
org_trp0j43d,2025-08-11,database,18.5948,233.0,2.8971,13.1691,0.0,0.049812999999999996,6
org_trp0j43d,2025-08-12,database,5.0398,121.0,0.0,5.1584,0.0,0.025231999999999997,3
org_trp0j43d,2025-08-13,database,18.7125,391.0,5.4287,17.5399,0.0,0.082794,6
org_trp0j43d,2025-08-14,database,15.380700000000001,215.0,7.0968,31.0118,0.0,0.050622,6
org_trp0j43d,2025-08-15,compute,17.064899999999998,161.0,0.0,17.6764,0.0,0.035734999999999996,3
org_trp0j43d,2025-08-15,database,13.897,266.0,0.9945,22.24,0.0,0.057847,6
org_trp0j43d,2025-08-16,compute,19.6733,218.0,0.0,22.0871,0.0,0.048017000000000004,3
org_trp0j43d,2025-08-16,database,27.2023,476.0,0.0,26.735500000000002,0.0,0.100547,6
org_trp0j43d,2025-08-17,compute,18.8387,243.0,3.0579,0.0,0.0,0.049212000000000006,3
org_trp0j43d,2025-08-17,database,7.582999999999999,126.0,2.4805,7.1359,0.0,0.027123,3
org_trp0j43d,2025-08-18,database,17.4114,337.0,0.0,0.0,0.0,0.0674,3
org_trp0j43d,2025-08-19,database,17.3071,350.0,0.0,0.0,0.0,0.07,3
org_trp0j43d,2025-08-20,compute,9.0521,107.0,0.0,11.4683,0.0,0.023694,3
org_trp0j43d,2025-08-20,database,8.471200000000001,124.0,2.2261,24.196,0.0,0.030084000000000003,6
org_trp0j43d,2025-08-21,compute,14.916400000000001,231.0,0.0,14.1485,0.0,0.04903,3
org_trp0j43d,2025-08-21,database,10.325800000000001,237.0,0.0,6.0539,0.0,0.048611,3
org_trp0j43d,2025-08-22,compute,15.198699999999999,254.0,3.0026,0.0,0.0,0.051401,3
org_trp0j43d,2025-08-22,database,10.299199999999999,220.0,0.0,9.3164,0.0,0.045863,3
org_trp0j43d,2025-08-23,compute,22.1412,237.0,1.1632,0.0,0.0,0.047632999999999995,3
org_trp0j43d,2025-08-23,database,2.1219,0.0,3.0962,34.7916,0.0,0.0075769999999999995,3
org_trp0j43d,2025-08-24,compute,11.490300000000001,136.0,0.0,22.9729,0.0,0.031795,3
org_trp0j43d,2025-08-25,database,16.7565,341.0,1.7539,32.3966,0.0,0.075031,6
org_trp0j43d,2025-08-26,compute,20.1586,240.0,2.8594,0.0,0.0,0.048572,3
org_trp0j43d,2025-08-26,database,6.1951,130.0,2.41,1.2318,0.0,0.026728,3
org_trp0j43d,2025-08-27,database,17.697,354.0,4.7636,0.0,0.0,0.071753,6
org_trp0j43d,2025-08-28,database,8.1045,123.0,4.2914,18.3327,0.0,0.029125,3
org_trp0j43d,2025-08-29,compute,6.848400000000001,122.0,2.9882999999999997,0.0,0.0,0.024998000000000003,3
org_trp0j43d,2025-08-29,database,9.7574,197.0,0.0,3.5767,0.0,0.040115,3
org_trp0j43d,2025-08-30,compute,10.6613,120.0,0.0,34.0634,0.0,0.030812000000000003,3
org_trp0j43d,2025-08-30,database,0.8256999999999999,0.0,2.3059,15.5946,0.0,0.0035800000000000003,3
org_tvhhpbmy,2025-07-03,genai,29.152299999999997,229.0,0.0,11.0899,0.0,0.0,3
org_tvhhpbmy,2025-07-03,storage,2.4672,116.0,6.5851,9.1715,0.0,0.0,3
org_tvhhpbmy,2025-07-04,compute,32.3077,256.0,0.0,0.0,0.0,0.0,3
org_tvhhpbmy,2025-07-04,genai,313.4168,210.0,1.3851,0.0,0.0,0.0,3
org_tvhhpbmy,2025-07-05,compute,2.2901999999999996,0.0,3.8718,23.8889,0.0,0.0,3
org_tvhhpbmy,2025-07-05,genai,30.1294,245.0,0.0,17.1846,0.0,0.0,3
org_tvhhpbmy,2025-07-06,compute,30.733399999999996,385.0,0.0,0.0,0.0,0.0,3
org_tvhhpbmy,2025-07-06,genai,0.8130999999999999,0.0,2.2706,4.6372,0.0,0.0,3
org_tvhhpbmy,2025-07-06,networking,4.0204,372.0,0.0,0.0,0.0,0.0,3
org_tvhhpbmy,2025-07-06,storage,0.7157,0.0,0.0,33.8438,0.0,0.0,3
org_tvhhpbmy,2025-07-07,compute,9.748000000000001,131.0,0.0,14.575800000000001,0.0,0.0,3
org_tvhhpbmy,2025-07-07,networking,1.5215999999999998,117.0,0.0,23.5987,0.0,0.0,3
org_tvhhpbmy,2025-07-07,storage,9.802499999999998,394.0,0.0,0.0,0.0,0.0,3
org_tvhhpbmy,2025-07-08,compute,2.1288,0.0,8.027000000000001,20.9999,0.0,0.0,3
org_tvhhpbmy,2025-07-08,genai,22.206,127.0,3.3671,18.4492,0.0,0.0,3
org_tvhhpbmy,2025-07-08,storage,2.1079,108.0,5.5623000000000005,0.0,0.0,0.0,3
org_tvhhpbmy,2025-07-09,genai,3.8315,0.0,1.6523,15.7759,0.0,0.0,3
org_tvhhpbmy,2025-07-09,networking,1.4342000000000001,125.0,0.0,8.6395,0.0,0.0,3
org_tvhhpbmy,2025-07-09,storage,2.7062,119.0,1.9257,12.1955,0.0,0.0,3
org_tvhhpbmy,2025-07-10,compute,204.96280000000002,350.0,0.0,0.0,0.0,0.0,3
org_tvhhpbmy,2025-07-10,genai,3.5494999999999997,0.0,0.3167,30.5923,0.0,0.0,3
org_tvhhpbmy,2025-07-10,networking,1.5941999999999998,129.0,0.0,20.409,0.0,0.0,3
org_tvhhpbmy,2025-07-11,genai,29.1984,223.0,0.0,10.1429,0.0,0.0,3
org_tvhhpbmy,2025-07-11,networking,2.3270999999999997,252.0,0.0,3.1268,0.0,0.0,3
org_tvhhpbmy,2025-07-12,genai,31.740000000000002,242.0,0.5625,0.0,0.0,0.0,3
org_tvhhpbmy,2025-07-12,networking,1.199,110.0,4.7299,0.0,0.0,0.0,3
org_tvhhpbmy,2025-07-12,storage,2.3702,111.0,2.0031,10.5804,0.0,0.0,3
org_tvhhpbmy,2025-07-13,networking,1.6256,117.0,4.2828,0.0,0.0,0.0,3
org_tvhhpbmy,2025-07-13,storage,2.8514,116.0,0.0,27.8902,0.0,0.0,3
org_tvhhpbmy,2025-07-14,genai,17.1866,148.0,0.0,15.5527,0.0,0.0,3
org_tvhhpbmy,2025-07-14,networking,0.4075,0.0,0.0,51.2539,0.0,0.0,3
org_tvhhpbmy,2025-07-14,storage,5.1241,242.0,0.0,22.736,0.0,0.0,3
org_tvhhpbmy,2025-07-15,compute,9.420800000000002,122.0,2.0287,0.0,0.0,0.0,3
org_tvhhpbmy,2025-07-15,genai,16.718,117.0,3.1422,0.0,0.0,0.0,3
org_tvhhpbmy,2025-07-15,storage,2.9675,124.0,1.1996,0.0,0.0,0.0,3
org_tvhhpbmy,2025-07-17,genai,28.7085,240.0,1.2244,0.0,0.0,0.0,3
org_tvhhpbmy,2025-07-17,storage,4.521599999999999,233.0,3.1984,0.0,0.0,0.0,3
org_tvhhpbmy,2025-07-18,genai,14.6612,119.0,0.0,14.1563,2460.0,0.026631000000000002,3
org_tvhhpbmy,2025-07-18,networking,2.8358999999999996,255.0,1.8418,0.0,0.0,0.051368,3
org_tvhhpbmy,2025-07-18,storage,0.1278,0.0,1.7756,0.0,0.0,3.56E-4,3
org_tvhhpbmy,2025-07-19,genai,15.9346,124.0,3.4539999999999997,0.0,2063.0,0.025491,3
org_tvhhpbmy,2025-07-19,networking,1.2279,132.0,0.9785,14.8218,0.0,0.02956,3
org_tvhhpbmy,2025-07-19,storage,2.5804,131.0,2.3855,12.3669,0.0,0.029150000000000002,3
org_tvhhpbmy,2025-07-20,networking,1.3479999999999999,98.0,2.0346,7.3833,0.0,0.021484,3
org_tvhhpbmy,2025-07-21,compute,2.6696999999999997,0.0,4.1377,25.157500000000002,0.0,0.0058590000000000005,3
org_tvhhpbmy,2025-07-21,genai,14.347100000000001,112.0,1.1048,5.0805,3247.0,0.023637,3
org_tvhhpbmy,2025-07-21,networking,3.5957,384.0,0.0,0.0,0.0,0.0768,3
org_tvhhpbmy,2025-07-23,genai,17.1472,124.0,0.0,8.4638,3194.0,0.026493,3
org_tvhhpbmy,2025-07-23,storage,0.2781,0.0,1.2765,16.2971,0.0,0.0035139999999999998,3
org_tvhhpbmy,2025-07-24,compute,14.8903,116.0,0.0,38.0351,0.0,0.030806999999999998,3
org_tvhhpbmy,2025-07-24,genai,12.487400000000001,129.0,3.3754,9.7834,2814.0,0.028432,3
org_tvhhpbmy,2025-07-24,storage,2.8569,121.0,2.1098,14.3797,0.0,0.027497999999999998,3
org_tvhhpbmy,2025-07-25,compute,19.051900000000003,222.0,0.529,0.0,0.0,0.044506000000000004,3
org_tvhhpbmy,2025-07-25,storage,1.9963,110.0,0.8457,0.0,0.0,0.022168999999999998,3
org_tvhhpbmy,2025-07-26,genai,26.1862,228.0,1.8208,0.0,1924.0,0.045964000000000005,3
org_tvhhpbmy,2025-07-26,networking,2.7437,237.0,0.0,2.8939,0.0,0.047978999999999994,3
org_tvhhpbmy,2025-07-26,storage,2.6460000000000004,119.0,1.8195,0.0,0.0,0.024164,3
org_tvhhpbmy,2025-07-27,storage,4.0363,208.0,3.4068,0.0,0.0,0.042281,3
org_tvhhpbmy,2025-07-28,genai,3.398,0.0,1.2785,24.198999999999998,1417.0,0.005096,3
org_tvhhpbmy,2025-07-28,networking,2.6233999999999997,241.0,0.0,1.4209,0.0,0.048484000000000006,3
org_tvhhpbmy,2025-07-28,storage,4.4747,217.0,0.0,17.5368,0.0,0.046907000000000004,3
org_tvhhpbmy,2025-07-29,networking,2.3764000000000003,245.0,0.0,3.6591,0.0,0.049732,3
org_tvhhpbmy,2025-07-29,storage,2.7669,137.0,2.1372,14.0806,0.0,0.030643,3
org_tvhhpbmy,2025-07-30,compute,21.444,227.0,1.2048,0.0,0.0,0.045641,3
org_tvhhpbmy,2025-07-30,networking,1.4801999999999997,122.0,1.7843,9.0078,0.0,0.026559000000000003,3
org_tvhhpbmy,2025-07-30,storage,5.8624,326.0,0.0,0.0,0.0,0.06520000000000001,3
org_tvhhpbmy,2025-07-31,compute,8.833300000000001,112.0,3.396,13.778,0.0,0.025835,3
org_tvhhpbmy,2025-07-31,genai,18.3535,122.0,0.0,28.7342,1538.0,0.030147000000000004,3
org_tvhhpbmy,2025-07-31,networking,2.739,254.0,0.0,21.5002,0.0,0.0551,3
org_tvhhpbmy,2025-07-31,storage,4.8391,251.0,0.0,22.7388,0.0,0.054748000000000005,3
org_tvhhpbmy,2025-08-01,genai,13.887100000000002,119.0,0.4976,1.3168,1940.0,0.024163,3
org_tvhhpbmy,2025-08-01,storage,2.5652999999999997,124.0,1.4057,15.3002,0.0,0.028141,3
org_tvhhpbmy,2025-08-02,genai,30.416999999999998,261.0,1.9333,0.0,2552.0,0.052586999999999995,3
org_tvhhpbmy,2025-08-03,genai,1.8262,0.0,6.855,7.5846,3646.0,0.002888,3
org_tvhhpbmy,2025-08-03,networking,2.6117999999999997,268.0,0.0,8.5866,0.0,0.055317000000000005,3
org_tvhhpbmy,2025-08-03,storage,2.6722,109.0,4.2778,0.0,0.0,0.022656,3
org_tvhhpbmy,2025-08-04,genai,17.7812,122.0,3.5676,20.3837,2581.0,0.029191,3
org_tvhhpbmy,2025-08-05,compute,22.3478,347.0,0.0,0.0,0.0,0.0694,3
org_tvhhpbmy,2025-08-05,genai,18.1554,144.0,2.1358,0.0,2452.0,0.029227,3
org_tvhhpbmy,2025-08-05,networking,2.7687000000000004,276.0,2.4799,0.0,0.0,0.055696,3
org_tvhhpbmy,2025-08-06,compute,12.0491,120.0,0.0,15.917200000000001,0.0,0.027183000000000002,3
org_tvhhpbmy,2025-08-06,networking,0.4348,0.0,0.0,44.4717,0.0,0.008893999999999999,3
org_tvhhpbmy,2025-08-06,storage,3.2827,125.0,0.0,27.8521,0.0,0.030571000000000004,3
org_tvhhpbmy,2025-08-07,genai,11.1327,109.0,3.3342,4.1734,3246.0,0.023302,3
org_tvhhpbmy,2025-08-08,genai,37.6984,268.0,0.0,13.5532,2107.0,0.056311,3
org_tvhhpbmy,2025-08-08,networking,2.7418,251.0,0.0,16.9818,0.0,0.053596,3
org_tvhhpbmy,2025-08-09,compute,9.745700000000001,119.0,0.0,14.7421,0.0,0.026748,3
org_tvhhpbmy,2025-08-09,genai,24.2147,236.0,1.0033,0.0,2876.0,0.047401,3
org_tvhhpbmy,2025-08-10,compute,1.4126,0.0,2.8759,16.2731,0.0,0.00383,3
org_tvhhpbmy,2025-08-10,genai,11.599,105.0,0.4058,11.6927,2429.0,0.023420000000000003,3
org_tvhhpbmy,2025-08-10,networking,2.1189999999999998,224.0,1.7582,0.0,0.0,0.045152,3
org_tvhhpbmy,2025-08-11,genai,18.4484,117.0,2.9129,18.4296,2119.0,0.027669,3
org_tvhhpbmy,2025-08-11,networking,0.162,0.0,0.922,16.671,0.0,0.003519,3
org_tvhhpbmy,2025-08-12,compute,24.8334,263.0,0.0,9.5692,0.0,0.054514,3
org_tvhhpbmy,2025-08-12,genai,16.9441,121.0,0.0,22.4994,1783.0,0.0287,3
org_tvhhpbmy,2025-08-12,storage,6.7743,356.0,0.0,0.0,0.0,0.0712,3
org_tvhhpbmy,2025-08-13,compute,8.7411,106.0,0.0,10.4119,0.0,0.023282,3
org_tvhhpbmy,2025-08-13,genai,39.1475,376.0,0.0,0.0,2278.0,0.0752,3
org_tvhhpbmy,2025-08-13,networking,2.2454,234.0,1.2843,0.0,0.0,0.047056999999999995,3
org_tvhhpbmy,2025-08-14,genai,32.5918,264.0,0.8527,0.0,2171.0,0.052971000000000004,3
org_tvhhpbmy,2025-08-14,networking,3.6967,367.0,0.0,0.0,0.0,0.07339999999999999,3
org_tvhhpbmy,2025-08-14,storage,1.6501,94.0,1.5083,0.0,0.0,0.019102,3
org_tvhhpbmy,2025-08-15,compute,19.1201,235.0,2.4071,0.0,0.0,0.047480999999999995,3
org_tvhhpbmy,2025-08-15,genai,35.2594,145.0,1.4995,0.0,1215.0,0.029300000000000003,3
org_tvhhpbmy,2025-08-16,compute,11.3937,123.0,2.7071,8.5153,0.0,0.026844,3
org_tvhhpbmy,2025-08-16,genai,15.7054,134.0,0.5615,6.3052,3071.0,0.028173000000000004,3
org_tvhhpbmy,2025-08-16,storage,4.4647,242.0,0.0,1.5644,0.0,0.048713,3
org_tvhhpbmy,2025-08-17,networking,1.7054,126.0,0.0,15.988299999999999,0.0,0.028398,3
org_tvhhpbmy,2025-08-17,storage,1.9686,108.0,0.0,13.4838,0.0,0.024297000000000003,3
org_tvhhpbmy,2025-08-18,compute,9.6766,125.0,0.0,0.3752,0.0,0.025075,3
org_tvhhpbmy,2025-08-18,genai,34.876999999999995,280.0,0.0,9.0802,2279.0,0.057816,3
org_tvhhpbmy,2025-08-18,networking,2.1409000000000002,236.0,2.1287,0.0,0.0,0.047626,3
org_tvhhpbmy,2025-08-18,storage,3.9597,124.0,0.0,13.209900000000001,0.0,0.027442,3
org_tvhhpbmy,2025-08-19,genai,17.1573,121.0,1.4603,0.0,2744.0,0.024492,3
org_tvhhpbmy,2025-08-19,storage,5.013199999999999,246.0,0.0,0.0,0.0,0.0492,2
org_tvhhpbmy,2025-08-20,compute,31.0629,370.0,0.0,0.0,0.0,0.07400000000000001,3
org_tvhhpbmy,2025-08-20,genai,26.398400000000002,215.0,1.7285,0.0,2217.0,0.043345999999999996,3
org_tvhhpbmy,2025-08-20,networking,2.5354,228.0,0.0,0.0,0.0,0.0456,3
org_tvhhpbmy,2025-08-20,storage,2.8598,139.0,0.0,5.3604,0.0,0.028872,3
org_tvhhpbmy,2025-08-21,compute,9.4802,117.0,0.0,8.4999,0.0,0.0251,3
org_tvhhpbmy,2025-08-21,genai,32.411100000000005,241.0,0.0,33.127,1360.0,0.054825,3
org_tvhhpbmy,2025-08-21,networking,2.8051,235.0,0.0,9.6714,0.0,0.048934,3
org_tvhhpbmy,2025-08-22,networking,2.5641999999999996,273.0,0.2149,0.0,0.0,0.054643000000000004,3
org_tvhhpbmy,2025-08-24,storage,5.2118,255.0,1.9075,0.0,0.0,0.051382,3
org_tvhhpbmy,2025-08-25,compute,13.1384,0.0,0.0,30.7241,0.0,0.006144999999999999,3
org_tvhhpbmy,2025-08-25,genai,27.7216,234.0,2.9513,0.0,2057.0,0.04739,3
org_tvhhpbmy,2025-08-25,networking,2.6835,239.0,0.0,11.7461,0.0,0.05014899999999999,3
org_tvhhpbmy,2025-08-26,storage,4.9535,243.0,4.4023,0.0,0.0,0.049479999999999996,3
org_tvhhpbmy,2025-08-27,compute,19.122199999999996,252.0,0.0,5.4146,0.0,0.051483,3
org_tvhhpbmy,2025-08-27,storage,3.7188,218.0,2.7698,0.0,0.0,0.044154,3
org_tvhhpbmy,2025-08-28,genai,27.5829,239.0,0.0,1.7682,2551.0,0.048154,3
org_tvhhpbmy,2025-08-28,networking,1.3432,126.0,3.3845,0.0,0.0,0.025877,3
org_tvhhpbmy,2025-08-29,compute,6.8414,99.0,5.8951,0.0,0.0,0.020979,3
org_tvhhpbmy,2025-08-29,genai,31.5293,239.0,0.0,6.7596,792.0,0.049152,3
org_tvhhpbmy,2025-08-30,compute,10.4343,113.0,0.0,24.298000000000002,0.0,0.027458999999999997,3
org_tvhhpbmy,2025-08-30,genai,48.2471,351.0,0.0,0.0,3060.0,0.0702,3
org_tvhhpbmy,2025-08-30,networking,2.609,240.0,0.0,0.0,0.0,0.048,3
org_tvhhpbmy,2025-08-31,compute,9.4035,96.0,5.1784,0.0,0.0,0.020235999999999997,3
org_tvhhpbmy,2025-08-31,networking,0.3329,0.0,0.0,34.6999,0.0,0.00694,3
org_tvhhpbmy,2025-08-31,storage,0.7281,0.0,0.0,34.9953,0.0,0.006999,3
org_ujv6oh9s,2025-07-03,compute,18.1021,245.0,4.3379,0.0,0.0,0.0,3
org_ujv6oh9s,2025-07-03,database,10.0309,129.0,0.0,4.3277,0.0,0.0,3
org_ujv6oh9s,2025-07-03,storage,2.9442,114.0,1.9091,10.0649,0.0,0.0,3
org_ujv6oh9s,2025-07-04,compute,8.9153,102.0,3.3667,0.0,0.0,0.0,3
org_ujv6oh9s,2025-07-04,database,10.979800000000001,229.0,0.0,0.0,0.0,0.0,3
org_ujv6oh9s,2025-07-04,storage,5.0236,237.0,2.2572,0.0,0.0,0.0,6
org_ujv6oh9s,2025-07-05,storage,5.265000000000001,239.0,0.0,7.392,0.0,0.0,3
org_ujv6oh9s,2025-07-06,analytics,7.6139,125.0,0.6755,0.0,0.0,0.0,3
org_ujv6oh9s,2025-07-06,compute,1.641,0.0,5.1437,14.8013,0.0,0.0,3
org_ujv6oh9s,2025-07-06,database,13.1275,244.0,2.2973,0.0,0.0,0.0,3
org_ujv6oh9s,2025-07-06,storage,9.8851,486.0,1.6341,52.4269,0.0,0.0,8
org_ujv6oh9s,2025-07-07,database,12.8603,253.0,0.0,16.0208,0.0,0.0,3
org_ujv6oh9s,2025-07-07,storage,2.411,118.0,2.5116,1.3273,0.0,0.0,3
org_ujv6oh9s,2025-07-08,compute,22.9173,247.0,0.0,19.0456,0.0,0.0,3
org_ujv6oh9s,2025-07-08,storage,50.6858,358.0,6.2071000000000005,21.2789,0.0,0.0,9
org_ujv6oh9s,2025-07-09,analytics,10.898,125.0,4.0827,7.2146,0.0,0.0,3
org_ujv6oh9s,2025-07-09,database,5.7537,104.0,0.0,13.612300000000001,0.0,0.0,3
org_ujv6oh9s,2025-07-09,storage,3.9014,231.0,0.0373,0.0,0.0,0.0,3
org_ujv6oh9s,2025-07-10,analytics,27.5278,386.0,0.0,0.0,0.0,0.0,3
org_ujv6oh9s,2025-07-10,compute,10.5313,148.0,0.0,9.2645,0.0,0.0,3
org_ujv6oh9s,2025-07-10,storage,4.0171,235.0,0.0,5.7708,0.0,0.0,3
org_ujv6oh9s,2025-07-11,analytics,1.9127,0.0,2.8547,24.3478,0.0,0.0,3
org_ujv6oh9s,2025-07-11,database,1.5809,0.0,2.7414,34.7081,0.0,0.0,3
org_ujv6oh9s,2025-07-11,storage,9.397400000000001,353.0,0.0,52.1609,0.0,0.0,6
org_ujv6oh9s,2025-07-12,analytics,9.728299999999999,140.0,1.3674,24.0948,0.0,0.0,3
org_ujv6oh9s,2025-07-12,compute,3.8829,0.0,3.4177,43.02310000000001,0.0,0.0,3
org_ujv6oh9s,2025-07-12,database,1.1232,0.0,2.1953,13.7319,0.0,0.0,3
org_ujv6oh9s,2025-07-12,storage,7.3584,359.0,0.0,22.515900000000002,0.0,0.0,6
org_ujv6oh9s,2025-07-13,analytics,15.8947,245.0,0.0,13.284,0.0,0.0,3
org_ujv6oh9s,2025-07-13,compute,17.1103,245.0,1.8224,0.0,0.0,0.0,3
org_ujv6oh9s,2025-07-13,database,6.101100000000001,122.0,6.0624,0.0,0.0,0.0,3
org_ujv6oh9s,2025-07-13,storage,11.1062,495.0,1.0277,42.7217,0.0,0.0,9
org_ujv6oh9s,2025-07-14,analytics,2.9777,0.0,2.4947,36.6296,0.0,0.0,3
org_ujv6oh9s,2025-07-14,compute,9.4472,121.0,0.0,21.005,0.0,0.0,3
org_ujv6oh9s,2025-07-14,storage,10.347,476.0,0.0,23.089800000000004,0.0,0.0,6
org_ujv6oh9s,2025-07-15,analytics,6.2942,97.0,4.550800000000001,0.0,0.0,0.0,3
org_ujv6oh9s,2025-07-15,database,6.4384,126.0,0.0,9.969,0.0,0.0,3
org_ujv6oh9s,2025-07-16,analytics,9.441,104.0,2.806,0.0,0.0,0.0,3
org_ujv6oh9s,2025-07-16,compute,2.302,0.0,1.3642,29.8966,0.0,0.0,3
org_ujv6oh9s,2025-07-16,database,4.9325,110.0,0.0,4.3771,0.0,0.0,3
org_ujv6oh9s,2025-07-16,storage,8.205,348.0,0.0764,38.5355,0.0,0.0,8
org_ujv6oh9s,2025-07-17,analytics,10.8874,115.0,0.0,36.5522,0.0,0.0,3
org_ujv6oh9s,2025-07-17,database,15.6767,253.0,0.0,13.2034,0.0,0.0,3
org_ujv6oh9s,2025-07-17,storage,39.840599999999995,367.0,0.0,0.0,0.0,0.0,3
org_ujv6oh9s,2025-07-18,compute,10.686499999999999,109.0,0.0,9.6014,0.0,0.02372,3
org_ujv6oh9s,2025-07-18,database,14.0076,232.0,4.3165,0.0,0.0,0.047263,3
org_ujv6oh9s,2025-07-18,storage,0.8787,0.0,0.0,39.5891,0.0,0.007918,3
org_ujv6oh9s,2025-07-19,compute,1.4928,0.0,3.5159,14.7712,0.0,0.003657,3
org_ujv6oh9s,2025-07-19,database,142.7731,256.0,0.0,0.0,0.0,0.051199999999999996,3
org_ujv6oh9s,2025-07-19,storage,0.0365,0.0,1.7737,0.0,0.0,3.55E-4,3
org_ujv6oh9s,2025-07-20,analytics,18.319200000000002,254.0,0.0,0.0,0.0,0.0508,3
org_ujv6oh9s,2025-07-20,compute,31.8099,396.0,0.0,0.0,0.0,0.0792,3
org_ujv6oh9s,2025-07-20,database,12.647099999999998,249.0,0.0,12.5529,0.0,0.052310999999999996,3
org_ujv6oh9s,2025-07-20,storage,10.4426,470.0,0.2977,70.9036,0.0,0.108241,9
org_ujv6oh9s,2025-07-21,compute,14.999699999999999,219.0,1.5144,0.0,0.0,0.044102999999999996,3
org_ujv6oh9s,2025-07-21,storage,6.9227,358.0,6.355700000000001,8.8181,0.0,0.074635,6
org_ujv6oh9s,2025-07-22,analytics,8.4072,124.0,0.0,0.1526,0.0,0.024831,3
org_ujv6oh9s,2025-07-22,compute,7.6942,108.0,1.4538,3.2134,0.0,0.022534000000000002,3
org_ujv6oh9s,2025-07-22,database,6.7226,133.0,1.7653,0.0,0.0,0.026952999999999998,2
org_ujv6oh9s,2025-07-22,storage,7.362,274.0,0.0,7.9055,0.0,0.056381,3
org_ujv6oh9s,2025-07-23,database,13.177299999999999,223.0,3.5375,0.0,0.0,0.045308,3
org_ujv6oh9s,2025-07-23,storage,10.3834,472.0,5.2115,5.0158,0.0,0.096445,9
org_ujv6oh9s,2025-07-24,analytics,9.1692,126.0,0.3528,0.0,0.0,0.025271000000000002,3
org_ujv6oh9s,2025-07-24,compute,9.9998,119.0,0.0,15.991399999999999,0.0,0.026999000000000002,3
org_ujv6oh9s,2025-07-24,database,9.4107,150.0,0.0,27.4056,0.0,0.035481,3
org_ujv6oh9s,2025-07-24,storage,6.7054,324.0,9.5303,0.0,0.0,0.066706,6
org_ujv6oh9s,2025-07-25,compute,9.649099999999999,101.0,2.3368,0.0,0.0,0.020666999999999998,3
org_ujv6oh9s,2025-07-25,storage,7.084199999999999,379.0,7.1288,7.813,0.0,0.078789,6
org_ujv6oh9s,2025-07-26,analytics,1.4825,0.0,1.4651,16.7962,0.0,0.003652,3
org_ujv6oh9s,2025-07-26,storage,3.3808,115.0,2.1581,42.8055,0.0,0.031993,6
org_ujv6oh9s,2025-07-27,analytics,18.602600000000002,246.0,0.0,19.9673,0.0,0.053193000000000004,3
org_ujv6oh9s,2025-07-27,compute,9.6563,124.0,0.0,0.0,0.0,0.0248,3
org_ujv6oh9s,2025-07-27,database,5.4022,115.0,2.1439,18.0337,0.0,0.027035999999999998,3
org_ujv6oh9s,2025-07-27,storage,4.506,214.0,2.7034,17.3917,0.0,0.046819,6
org_ujv6oh9s,2025-07-28,compute,20.2841,233.0,0.0,11.2584,0.0,0.048852,3
org_ujv6oh9s,2025-07-28,database,5.2243,126.0,0.5777,8.2849,0.0,0.026973,3
org_ujv6oh9s,2025-07-28,storage,6.5859,360.0,0.0,0.0,0.0,0.072,3
org_ujv6oh9s,2025-07-29,database,8.3903,135.0,5.1937,0.0,0.0,0.028039,3
org_ujv6oh9s,2025-07-29,storage,3.236,126.0,0.0,46.986,0.0,0.034597,6
org_ujv6oh9s,2025-07-30,analytics,9.1701,106.0,2.2265,2.3209,0.0,0.022109,3
org_ujv6oh9s,2025-07-30,compute,9.024799999999999,109.0,1.7497,0.0,0.0,0.02215,3
org_ujv6oh9s,2025-07-30,database,6.694100000000001,115.0,0.0,20.2191,0.0,0.027044,3
org_ujv6oh9s,2025-07-30,storage,12.8835,579.0,0.042,20.165599999999998,0.0,0.119842,9
org_ujv6oh9s,2025-07-31,compute,20.262599999999996,261.0,0.4367,0.0,0.0,0.05228699999999999,3
org_ujv6oh9s,2025-07-31,storage,7.6215,356.0,1.0124,7.9796,0.0,0.072998,6
org_ujv6oh9s,2025-08-01,analytics,11.6636,138.0,2.2866,0.0,0.0,0.028058,3
org_ujv6oh9s,2025-08-01,database,7.1821,132.0,0.0,19.1,0.0,0.03022,3
org_ujv6oh9s,2025-08-01,storage,7.2979,366.0,4.5844000000000005,0.0,0.0,0.074117,6
org_ujv6oh9s,2025-08-02,analytics,16.2652,138.0,0.0,24.5344,0.0,0.032507,3
org_ujv6oh9s,2025-08-02,compute,11.033199999999999,124.0,3.2007,9.7359,0.0,0.027387,3
org_ujv6oh9s,2025-08-02,database,11.9904,235.0,1.7735,0.0,0.0,0.047355,3
org_ujv6oh9s,2025-08-02,storage,4.9306,253.0,3.3138,22.459699999999998,0.0,0.055755,6
org_ujv6oh9s,2025-08-03,database,13.380600000000001,257.0,2.7299,0.0,0.0,0.051946000000000006,3
org_ujv6oh9s,2025-08-03,storage,16.9502,818.0,1.2314,0.0,0.0,0.163846,9
org_ujv6oh9s,2025-08-04,analytics,16.9422,246.0,0.5495,0.0,0.0,0.04931,3
org_ujv6oh9s,2025-08-04,compute,12.8092,154.0,0.0,17.612099999999998,0.0,0.034323,3
org_ujv6oh9s,2025-08-04,database,2.9097999999999997,0.0,0.0,55.0004,0.0,0.011,3
org_ujv6oh9s,2025-08-04,storage,0.35500000000000004,0.0,2.0172,17.1193,0.0,0.003827,3
org_ujv6oh9s,2025-08-05,database,17.2945,352.0,0.0,0.0,0.0,0.0704,3
org_ujv6oh9s,2025-08-05,storage,3.1937,143.0,0.0,39.2685,0.0,0.036454,5
org_ujv6oh9s,2025-08-06,analytics,19.944699999999997,128.0,0.0,21.0326,0.0,0.029807,3
org_ujv6oh9s,2025-08-06,compute,11.909999999999998,125.0,0.3736,13.6464,0.0,0.027804,3
org_ujv6oh9s,2025-08-06,storage,5.6937,230.0,0.0,60.6756,0.0,0.058136,6
org_ujv6oh9s,2025-08-07,analytics,7.9076,126.0,3.2758,5.381,0.0,0.026931,3
org_ujv6oh9s,2025-08-07,compute,22.3988,236.0,2.4887,0.0,0.0,0.047698,3
org_ujv6oh9s,2025-08-07,storage,0.7377,0.0,0.8933,36.1338,0.0,0.007406,3
org_ujv6oh9s,2025-08-08,analytics,8.2021,112.0,7.5051,0.0,0.0,0.023902,3
org_ujv6oh9s,2025-08-08,compute,15.8809,245.0,0.0,20.4239,0.0,0.05308500000000001,3
org_ujv6oh9s,2025-08-08,storage,7.3094,377.0,0.0,0.0,0.0,0.07540000000000001,3
org_ujv6oh9s,2025-08-09,compute,9.907700000000002,140.0,0.7657,14.0737,0.0,0.030968000000000002,3
org_ujv6oh9s,2025-08-09,database,6.3302,119.0,0.0,10.7965,0.0,0.025959,3
org_ujv6oh9s,2025-08-09,storage,8.768899999999999,491.0,0.0,13.0474,0.0,0.10080900000000001,6
org_ujv6oh9s,2025-08-10,analytics,9.5305,126.0,0.7902,7.8709,0.0,0.026931999999999998,3
org_ujv6oh9s,2025-08-10,compute,13.6343,0.0,0.0,22.0347,0.0,0.0044069999999999995,3
org_ujv6oh9s,2025-08-10,storage,2.8157,114.0,13.7271,17.1492,0.0,0.028976,9
org_ujv6oh9s,2025-08-11,analytics,17.686799999999998,242.0,0.0,6.309,0.0,0.049662,3
org_ujv6oh9s,2025-08-11,compute,21.527,243.0,0.0,1.7858,0.0,0.04895700000000001,3
org_ujv6oh9s,2025-08-11,database,13.0464,239.0,1.0773,0.0,0.0,0.048015,3
org_ujv6oh9s,2025-08-11,storage,10.9877,627.0,4.5988,0.0,0.0,0.12632,6
org_ujv6oh9s,2025-08-12,analytics,17.988,245.0,0.2417,0.0,0.0,0.049048,3
org_ujv6oh9s,2025-08-12,database,5.4436,106.0,0.0,19.7486,0.0,0.025150000000000002,3
org_ujv6oh9s,2025-08-12,storage,5.0329,243.0,0.0,22.9335,0.0,0.053187,3
org_ujv6oh9s,2025-08-13,analytics,11.206999999999999,135.0,0.0,17.3711,0.0,0.030474,3
org_ujv6oh9s,2025-08-13,compute,11.8037,119.0,0.9513,11.2466,0.0,0.026239000000000002,3
org_ujv6oh9s,2025-08-13,storage,2.7439999999999998,129.0,0.0,27.524300000000004,0.0,0.031305,3
org_ujv6oh9s,2025-08-14,database,5.6915000000000004,123.0,0.0,11.8219,0.0,0.026964000000000002,3
org_ujv6oh9s,2025-08-14,storage,5.6912,231.0,3.9817,24.377299999999998,0.0,0.051871,6
org_ujv6oh9s,2025-08-15,analytics,7.2681,118.0,2.5584,5.5873,0.0,0.025228999999999998,3
org_ujv6oh9s,2025-08-15,compute,8.1113,109.0,3.4407,0.0,0.0,0.022488,3
org_ujv6oh9s,2025-08-15,database,6.8298000000000005,113.0,0.0,10.158,0.0,0.024631,3
org_ujv6oh9s,2025-08-15,storage,0.0689,0.0,0.0,2.7911,0.0,5.58E-4,3
org_ujv6oh9s,2025-08-16,analytics,9.047,108.0,0.0,30.6445,0.0,0.027729,3
org_ujv6oh9s,2025-08-16,compute,9.1979,110.0,0.0,0.2266,0.0,0.022045,3
org_ujv6oh9s,2025-08-16,storage,0.2073,0.0,1.6508,12.7285,0.0,0.002876,3
org_ujv6oh9s,2025-08-17,analytics,0.5184,0.0,0.0,6.6243,0.0,0.001325,2
org_ujv6oh9s,2025-08-17,compute,3.6136,0.0,0.0,47.6503,0.0,0.009529,3
org_ujv6oh9s,2025-08-18,analytics,0.0,0.0,0.0,0.0,0.0,0.0,3
org_ujv6oh9s,2025-08-18,compute,8.7304,116.0,0.0,0.0,0.0,0.0232,3
org_ujv6oh9s,2025-08-18,database,12.4437,234.0,0.0,10.8907,0.0,0.048977999999999994,3
org_ujv6oh9s,2025-08-18,storage,10.601,350.0,0.0,9.7233,0.0,0.07194500000000001,6
org_ujv6oh9s,2025-08-19,compute,8.1319,113.0,0.1028,2.3891,0.0,0.023098999999999998,3
org_ujv6oh9s,2025-08-19,database,12.0718,251.0,0.0,0.0,0.0,0.0502,3
org_ujv6oh9s,2025-08-19,storage,2.9102,118.0,1.7189,42.7996,0.0,0.032504,6
org_ujv6oh9s,2025-08-20,compute,7.9909,123.0,0.2791,12.2548,0.0,0.027107,3
org_ujv6oh9s,2025-08-20,database,7.9032,134.0,2.8202,0.0,0.0,0.027364,3
org_ujv6oh9s,2025-08-20,storage,71.9992,487.0,8.5745,25.055,0.0,0.104126,9
org_ujv6oh9s,2025-08-21,compute,22.9343,268.0,3.6927,0.0,0.0,0.054339,3
org_ujv6oh9s,2025-08-21,database,11.8981,254.0,3.9604,0.0,0.0,0.051592,3
org_ujv6oh9s,2025-08-21,storage,2.2486,103.0,0.0,20.649,0.0,0.024730000000000002,3
org_ujv6oh9s,2025-08-22,analytics,10.2544,121.0,0.0,30.1083,0.0,0.030220999999999998,3
org_ujv6oh9s,2025-08-22,database,10.404,209.0,0.0,20.5392,0.0,0.045908000000000004,3
org_ujv6oh9s,2025-08-23,analytics,10.2121,115.0,2.9793,0.0,0.0,0.023596000000000002,3
org_ujv6oh9s,2025-08-23,compute,13.108,143.0,0.0,5.5267,0.0,0.029705000000000002,3
org_ujv6oh9s,2025-08-23,database,13.457799999999999,259.0,0.0,0.0,0.0,0.0518,3
org_ujv6oh9s,2025-08-23,storage,0.4448,0.0,0.0,18.667099999999998,0.0,0.003733,3
org_ujv6oh9s,2025-08-24,analytics,8.9416,121.0,0.0,4.8102,0.0,0.025162,3
org_ujv6oh9s,2025-08-24,compute,23.308999999999997,327.0,0.0,0.0,0.0,0.06539999999999999,3
org_ujv6oh9s,2025-08-24,storage,8.1598,388.0,1.1689,8.3733,0.0,0.079509,6
org_ujv6oh9s,2025-08-25,database,10.622900000000001,237.0,0.0,19.6763,0.0,0.051335,3
org_ujv6oh9s,2025-08-25,storage,6.690300000000001,343.0,0.0,0.0,0.0,0.0686,3
org_ujv6oh9s,2025-08-26,analytics,18.5805,217.0,0.0,29.333,0.0,0.049267000000000005,3
org_ujv6oh9s,2025-08-26,database,0.4445,0.0,6.545399999999999,1.6773,0.0,0.001644,3
org_ujv6oh9s,2025-08-27,analytics,8.5095,131.0,7.7353000000000005,0.0,0.0,0.027747,3
org_ujv6oh9s,2025-08-27,storage,5.0105,234.0,4.1209999999999996,5.2696,0.0,0.048678,6
org_ujv6oh9s,2025-08-28,compute,10.9205,123.0,3.6496,0.0,0.0,0.025330000000000002,3
org_ujv6oh9s,2025-08-28,database,6.9263,122.0,3.6356,19.9732,0.0,0.029122000000000002,3
org_ujv6oh9s,2025-08-28,storage,5.6601,264.0,0.0,26.470399999999998,0.0,0.058094,5
org_ujv6oh9s,2025-08-29,compute,20.968,237.0,0.0,7.6906,0.0,0.048937999999999995,3
org_ujv6oh9s,2025-08-29,storage,7.9057,370.0,3.1144,21.5076,0.0,0.078925,6
org_ujv6oh9s,2025-08-30,analytics,14.94,256.0,2.8303,0.0,0.0,0.051766,3
org_ujv6oh9s,2025-08-30,compute,0.525,0.0,7.8492,0.0,0.0,0.00157,3
org_ujv6oh9s,2025-08-30,database,12.4417,226.0,0.0,14.5541,0.0,0.048111,3
org_ujv6oh9s,2025-08-30,storage,7.7495,347.0,0.0,0.0,0.0,0.06939999999999999,3
org_ujv6oh9s,2025-08-31,database,6.2885,119.0,0.0,0.0,0.0,0.0238,3
org_uzfk8ut0,2025-07-03,compute,1.4189,0.0,0.06,18.2588,0.0,0.0,3
org_uzfk8ut0,2025-07-03,genai,3.8118999999999996,0.0,4.389,28.2259,0.0,0.0,3
org_uzfk8ut0,2025-07-03,networking,0.17939999999999998,0.0,4.7117,15.1056,0.0,0.0,3
org_uzfk8ut0,2025-07-04,compute,32.8409,367.0,0.0,0.0,0.0,0.0,3
org_uzfk8ut0,2025-07-04,networking,1.1766,135.0,1.0927,15.125,0.0,0.0,3
org_uzfk8ut0,2025-07-05,compute,18.4421,219.0,0.0,25.969099999999997,0.0,0.0,6
org_uzfk8ut0,2025-07-05,genai,34.7368,250.0,0.0,17.7249,0.0,0.0,3
org_uzfk8ut0,2025-07-06,compute,39.0339,471.0,0.0,28.362099999999998,0.0,0.0,6
org_uzfk8ut0,2025-07-06,genai,26.1432,228.0,3.7218,0.0,0.0,0.0,3
org_uzfk8ut0,2025-07-07,compute,36.7798,456.0,0.6924,6.4481,0.0,0.0,6
org_uzfk8ut0,2025-07-07,genai,16.6271,105.0,1.0468,15.1949,0.0,0.0,3
org_uzfk8ut0,2025-07-07,networking,0.326,0.0,3.4928,21.108,0.0,0.0,3
org_uzfk8ut0,2025-07-08,compute,11.5048,124.0,2.8075,12.657,0.0,0.0,3
org_uzfk8ut0,2025-07-08,genai,27.712,259.0,0.6902,0.0,0.0,0.0,3
org_uzfk8ut0,2025-07-08,networking,1.2004,121.0,3.5125,16.4308,0.0,0.0,3
org_uzfk8ut0,2025-07-09,compute,14.022,129.0,1.9755,12.9229,0.0,0.0,3
org_uzfk8ut0,2025-07-09,genai,30.2081,234.0,0.0,17.2202,0.0,0.0,3
org_uzfk8ut0,2025-07-09,networking,1.4023999999999999,111.0,0.0,21.0896,0.0,0.0,3
org_uzfk8ut0,2025-07-10,compute,31.546799999999998,330.0,3.0115,18.1335,0.0,0.0,6
org_uzfk8ut0,2025-07-10,networking,1.7896,209.0,0.0,8.9709,0.0,0.0,3
org_uzfk8ut0,2025-07-11,compute,227.781,214.0,1.4011,9.7048,0.0,0.0,6
org_uzfk8ut0,2025-07-11,genai,13.332299999999998,123.0,3.5216,7.0051,0.0,0.0,3
org_uzfk8ut0,2025-07-11,networking,3.9463999999999997,349.0,0.0,0.0,0.0,0.0,3
org_uzfk8ut0,2025-07-12,compute,0.2315,0.0,0.0,2.5712,0.0,0.0,3
org_uzfk8ut0,2025-07-12,genai,30.058899999999998,215.0,2.4409,0.0,0.0,0.0,3
org_uzfk8ut0,2025-07-12,networking,0.1671,0.0,3.9063999999999997,13.9688,0.0,0.0,3
org_uzfk8ut0,2025-07-13,compute,2.4158,0.0,3.3511,27.767500000000002,0.0,0.0,6
org_uzfk8ut0,2025-07-13,genai,32.8844,234.0,0.0,10.3131,0.0,0.0,3
org_uzfk8ut0,2025-07-13,networking,1.4164,130.0,0.0,16.3188,0.0,0.0,3
org_uzfk8ut0,2025-07-14,compute,24.429199999999998,258.0,2.2584,39.5478,0.0,0.0,6
org_uzfk8ut0,2025-07-14,networking,2.5612,246.0,0.0,6.0255,0.0,0.0,3
org_uzfk8ut0,2025-07-15,compute,17.8632,235.0,3.3435,0.0,0.0,0.0,3
org_uzfk8ut0,2025-07-15,genai,35.300200000000004,243.0,0.0,10.638,0.0,0.0,3
org_uzfk8ut0,2025-07-15,networking,2.4675000000000002,246.0,0.0,8.2815,0.0,0.0,3
org_uzfk8ut0,2025-07-16,compute,19.192999999999998,221.0,4.0631,0.0,0.0,0.0,6
org_uzfk8ut0,2025-07-16,networking,1.2342,118.0,2.8674,0.0,0.0,0.0,3
org_uzfk8ut0,2025-07-17,compute,38.897000000000006,463.0,1.6068,8.0052,0.0,0.0,6
org_uzfk8ut0,2025-07-17,genai,25.02,238.0,0.5662,0.0,0.0,0.0,3
org_uzfk8ut0,2025-07-17,networking,3.4261999999999997,340.0,0.0,0.0,0.0,0.0,3
org_uzfk8ut0,2025-07-18,compute,17.4285,229.0,2.55,0.0,0.0,0.046310000000000004,3
org_uzfk8ut0,2025-07-18,networking,1.6364,119.0,2.1441,0.0,0.0,0.024229,3
org_uzfk8ut0,2025-07-19,compute,18.0917,120.0,4.0677,20.4966,0.0,0.028913,6
org_uzfk8ut0,2025-07-19,genai,30.6788,236.0,0.0,10.4534,2951.0,0.049291,3
org_uzfk8ut0,2025-07-20,compute,10.5193,109.0,0.0,24.3507,0.0,0.02667,3
org_uzfk8ut0,2025-07-20,genai,3.6198,0.0,0.0,28.321800000000003,3263.0,0.005665,3
org_uzfk8ut0,2025-07-21,compute,51.253600000000006,629.0,0.0,20.111,0.0,0.129822,6
org_uzfk8ut0,2025-07-21,networking,1.0378,121.0,0.3503,4.1408,0.0,0.025098,3
org_uzfk8ut0,2025-07-22,compute,8.6235,128.0,6.2343,0.0,0.0,0.026846000000000002,3
org_uzfk8ut0,2025-07-22,genai,31.7074,245.0,0.0,15.4091,2644.0,0.052082,3
org_uzfk8ut0,2025-07-23,compute,11.4521,121.0,3.6884,0.0,0.0,0.024938,3
org_uzfk8ut0,2025-07-23,genai,1.1509,0.0,2.8466,6.0184,4630.0,0.0017729999999999998,3
org_uzfk8ut0,2025-07-23,networking,2.4857,218.0,0.0,19.2989,0.0,0.04746,3
org_uzfk8ut0,2025-07-24,genai,16.4146,122.0,2.6537,0.766,1847.0,0.025084000000000002,3
org_uzfk8ut0,2025-07-24,networking,2.4986,217.0,0.0,11.0416,0.0,0.045607999999999996,3
org_uzfk8ut0,2025-07-25,compute,33.8293,371.0,0.0,53.4923,0.0,0.084898,6
org_uzfk8ut0,2025-07-25,networking,3.6961,329.0,0.0,0.0,0.0,0.0658,3
org_uzfk8ut0,2025-07-26,compute,51.885999999999996,470.0,0.0,0.0,0.0,0.094,6
org_uzfk8ut0,2025-07-27,compute,28.2397,340.0,5.4576,13.718,0.0,0.071836,6
org_uzfk8ut0,2025-07-27,networking,4.0107,370.0,0.0,0.0,0.0,0.074,3
org_uzfk8ut0,2025-07-28,compute,21.467100000000002,263.0,0.3347,25.341900000000003,0.0,0.057735,6
org_uzfk8ut0,2025-07-28,genai,23.1095,145.0,0.0,19.0848,1600.0,0.032817,3
org_uzfk8ut0,2025-07-29,compute,30.102800000000002,230.0,3.0228,34.719899999999996,0.0,0.053549,6
org_uzfk8ut0,2025-07-29,genai,23.103899999999996,126.0,6.1537,7.6911,2661.0,0.027969,3
org_uzfk8ut0,2025-07-29,networking,1.8346,211.0,1.6751,0.0,0.0,0.042535,3
org_uzfk8ut0,2025-07-30,compute,10.559,119.0,0.0,16.8878,0.0,0.027177,3
org_uzfk8ut0,2025-07-30,genai,18.5931,127.0,1.7522,13.1965,3380.0,0.028388999999999998,3
org_uzfk8ut0,2025-07-30,networking,2.5979,235.0,0.0,13.7458,0.0,0.049749,3
org_uzfk8ut0,2025-07-31,compute,32.1973,249.0,2.68,7.1006,0.0,0.051755999999999996,6
org_uzfk8ut0,2025-07-31,genai,32.6235,267.0,3.4211,0.0,2060.0,0.054084,3
org_uzfk8ut0,2025-08-01,compute,35.272099999999995,365.0,0.0,0.0,0.0,0.073,3
org_uzfk8ut0,2025-08-01,genai,1.0307,0.0,1.3271,4.7305,1016.0,0.001211,3
org_uzfk8ut0,2025-08-01,networking,0.30829999999999996,0.0,0.0,29.802,0.0,0.00596,3
org_uzfk8ut0,2025-08-02,compute,26.4466,279.0,0.0,12.453,0.0,0.058291,3
org_uzfk8ut0,2025-08-03,genai,21.8321,231.0,2.2783,0.0,3474.0,0.046656,3
org_uzfk8ut0,2025-08-04,compute,11.4942,117.0,0.5788,0.0,0.0,0.023516000000000002,3
org_uzfk8ut0,2025-08-04,genai,16.5973,116.0,0.0,9.557500000000001,2091.0,0.025112,3
org_uzfk8ut0,2025-08-05,compute,17.7738,213.0,6.1181,34.5297,0.0,0.050728999999999996,6
org_uzfk8ut0,2025-08-05,genai,46.7659,361.0,0.0,0.0,2947.0,0.0722,3
org_uzfk8ut0,2025-08-06,compute,9.662299999999998,121.0,0.7401,3.8465,0.0,0.025116999999999997,3
org_uzfk8ut0,2025-08-06,networking,1.2578,128.0,4.3219,12.1291,0.0,0.028890000000000002,3
org_uzfk8ut0,2025-08-07,compute,12.815999999999999,123.0,1.9149,45.7416,0.0,0.034131,6
org_uzfk8ut0,2025-08-07,networking,0.0612,0.0,5.6265,0.0,0.0,0.001126,3
org_uzfk8ut0,2025-08-08,compute,23.3215,326.0,0.0,0.0,0.0,0.0652,3
org_uzfk8ut0,2025-08-08,genai,27.9591,212.0,0.0,4.4246,1768.0,0.043285,3
org_uzfk8ut0,2025-08-08,networking,1.511,133.0,3.1713,16.4771,0.0,0.030529,3
org_uzfk8ut0,2025-08-09,compute,15.7592,225.0,0.8762,0.0,0.0,0.04517500000000001,3
org_uzfk8ut0,2025-08-09,genai,31.0567,236.0,0.0,0.0,1726.0,0.0472,2
org_uzfk8ut0,2025-08-10,compute,45.965999999999994,522.0,0.0,26.091,0.0,0.109618,6
org_uzfk8ut0,2025-08-10,genai,17.5721,135.0,4.1958,0.0,2986.0,0.027839,3
org_uzfk8ut0,2025-08-11,compute,14.590900000000001,121.0,5.2009,36.425,0.0,0.032525,6
org_uzfk8ut0,2025-08-11,networking,3.4024,338.0,0.0,0.0,0.0,0.0676,3
org_uzfk8ut0,2025-08-12,compute,13.7922,122.0,1.488,57.5295,0.0,0.036204,6
org_uzfk8ut0,2025-08-12,networking,2.1774,231.0,0.0,13.5932,0.0,0.048919,3
org_uzfk8ut0,2025-08-13,compute,10.9492,129.0,0.0341,7.7928,0.0,0.027366,3
org_uzfk8ut0,2025-08-13,genai,4.8202,0.0,0.0,46.029,2242.0,0.009206,3
org_uzfk8ut0,2025-08-13,networking,1.5122,118.0,3.951,11.7345,0.0,0.026737,3
org_uzfk8ut0,2025-08-14,compute,28.266,354.0,2.6005,12.3052,0.0,0.07378100000000001,6
org_uzfk8ut0,2025-08-15,compute,38.4377,471.0,1.4918,21.8656,0.0,0.098871,6
org_uzfk8ut0,2025-08-16,networking,0.2571,0.0,5.2461,20.2426,0.0,0.005098,3
org_uzfk8ut0,2025-08-17,compute,31.299200000000003,361.0,1.3171,9.1614,0.0,0.074295,6
org_uzfk8ut0,2025-08-18,compute,0.3749,0.0,3.6714,0.8165,0.0,8.97E-4,3
org_uzfk8ut0,2025-08-18,genai,41.1774,360.0,0.0,0.0,2952.0,0.072,3
org_uzfk8ut0,2025-08-19,compute,9.565299999999999,112.0,16.192700000000002,0.0,0.0,0.025639,6
org_uzfk8ut0,2025-08-19,genai,4.2703,0.0,0.0,36.3701,2911.0,0.007273,3
org_uzfk8ut0,2025-08-19,networking,0.1076,0.0,1.2953,11.4231,0.0,0.0025440000000000003,3
org_uzfk8ut0,2025-08-20,compute,1.8621,0.0,7.828,18.6156,0.0,0.005289,3
org_uzfk8ut0,2025-08-20,genai,16.073999999999998,149.0,2.0085,0.0,2083.0,0.030202,3
org_uzfk8ut0,2025-08-20,networking,3.1937,260.0,0.0,4.2469,0.0,0.05284899999999999,3
org_uzfk8ut0,2025-08-21,compute,11.764100000000001,126.0,3.4554,10.6856,0.0,0.028028,3
org_uzfk8ut0,2025-08-21,genai,14.3477,112.0,4.1937999999999995,0.0,2012.0,0.023239,3
org_uzfk8ut0,2025-08-22,compute,42.758100000000006,492.0,3.5929,0.0,0.0,0.099118,6
org_uzfk8ut0,2025-08-22,genai,19.5859,126.0,2.7209,6.7516,1590.0,0.027094,3
org_uzfk8ut0,2025-08-22,networking,1.9627999999999999,149.0,0.0645,3.7937,0.0,0.030572,3
org_uzfk8ut0,2025-08-23,genai,0.7686000000000001,0.0,6.9785,0.0,3443.0,0.001395,3
org_uzfk8ut0,2025-08-23,networking,2.2691,221.0,0.6852,0.0,0.0,0.044337,3
org_uzfk8ut0,2025-08-24,compute,10.877300000000002,127.0,2.5934,2.2161,0.0,0.026361999999999997,6
org_uzfk8ut0,2025-08-24,networking,3.9015,331.0,0.0,0.0,0.0,0.06620000000000001,3
org_uzfk8ut0,2025-08-25,genai,29.6834,253.0,0.0,8.0259,1472.0,0.052205,3
org_uzfk8ut0,2025-08-26,compute,19.787599999999998,240.0,4.1778,24.6368,0.0,0.053763000000000005,6
org_uzfk8ut0,2025-08-26,genai,27.4143,230.0,1.7866,0.0,3929.0,0.046357,3
org_uzfk8ut0,2025-08-27,compute,1.5439000000000003,0.0,2.7471,16.9967,0.0,0.003949,3
org_uzfk8ut0,2025-08-27,genai,30.2855,246.0,1.6118,0.0,2674.0,0.049522,3
org_uzfk8ut0,2025-08-28,compute,31.1088,337.0,3.5376,21.2426,0.0,0.072357,6
org_uzfk8ut0,2025-08-28,genai,3.5020000000000002,0.0,1.3877,30.8041,2434.0,0.006438999999999999,3
org_uzfk8ut0,2025-08-29,compute,26.1381,391.0,0.0,0.0,0.0,0.07819999999999999,3
org_uzfk8ut0,2025-08-29,networking,2.3164,238.0,2.911,0.0,0.0,0.048182,3
org_uzfk8ut0,2025-08-30,compute,19.0778,219.0,0.0,5.0406,0.0,0.044808,3
org_uzfk8ut0,2025-08-30,genai,1.0167000000000002,0.0,3.1313,5.8021,2052.0,0.001786,3
org_uzfk8ut0,2025-08-31,compute,38.3204,367.0,2.1612,16.0439,0.0,0.07704100000000001,6
org_vyie6ivw,2025-07-03,analytics,8.9788,97.0,0.0,9.44,0.0,0.0,3
org_vyie6ivw,2025-07-03,storage,4.8223,243.0,0.6315,0.0,0.0,0.0,3
org_vyie6ivw,2025-07-04,analytics,17.5201,242.0,0.0,15.3368,0.0,0.0,3
org_vyie6ivw,2025-07-04,database,6.806400000000001,123.0,2.0446999999999997,0.0,0.0,0.0,3
org_vyie6ivw,2025-07-04,networking,1.0754,104.0,1.8392,0.0,0.0,0.0,3
org_vyie6ivw,2025-07-04,storage,5.6341,250.0,3.8746,0.2666,0.0,0.0,6
org_vyie6ivw,2025-07-05,analytics,8.3787,124.0,0.0,12.8902,0.0,0.0,3
org_vyie6ivw,2025-07-06,storage,1.6735,125.0,1.1289,0.0,0.0,0.0,3
org_vyie6ivw,2025-07-07,analytics,9.895100000000001,136.0,2.0536,11.3722,0.0,0.0,3
org_vyie6ivw,2025-07-07,networking,2.5671,243.0,0.0,0.0,0.0,0.0,3
org_vyie6ivw,2025-07-07,storage,3.8599,116.0,4.6488,59.241099999999996,0.0,0.0,6
org_vyie6ivw,2025-07-08,networking,1.9649,250.0,0.967,0.0,0.0,0.0,3
org_vyie6ivw,2025-07-08,storage,2.4067999999999996,115.0,0.0,7.5181,0.0,0.0,3
org_vyie6ivw,2025-07-09,analytics,16.7366,225.0,0.0,9.6553,0.0,0.0,3
org_vyie6ivw,2025-07-09,database,7.0098,121.0,0.0,29.5835,0.0,0.0,3
org_vyie6ivw,2025-07-09,networking,2.6558,241.0,0.0,22.516,0.0,0.0,3
org_vyie6ivw,2025-07-09,storage,3.3672999999999997,125.0,0.0,31.1667,0.0,0.0,3
org_vyie6ivw,2025-07-10,analytics,9.0281,112.0,0.0,16.0503,0.0,0.0,3
org_vyie6ivw,2025-07-10,database,6.973999999999999,122.0,0.9676,15.1615,0.0,0.0,3
org_vyie6ivw,2025-07-10,networking,1.6779000000000002,124.0,0.0,45.0659,0.0,0.0,3
org_vyie6ivw,2025-07-10,storage,7.5036000000000005,373.0,4.6553,6.865,0.0,0.0,6
org_vyie6ivw,2025-07-11,networking,1.3895999999999997,117.0,2.4779,0.0,0.0,0.0,3
org_vyie6ivw,2025-07-11,storage,3.1100999999999996,131.0,0.8094,18.3571,0.0,0.0,3
org_vyie6ivw,2025-07-12,analytics,53.0672,135.0,1.4318,26.6699,0.0,0.0,3
org_vyie6ivw,2025-07-12,networking,1.371,121.0,0.0,14.7092,0.0,0.0,3
org_vyie6ivw,2025-07-12,storage,3.7939999999999996,228.0,1.5492,13.9058,0.0,0.0,6
org_vyie6ivw,2025-07-13,storage,5.2059,255.0,3.7832,0.0,0.0,0.0,3
org_vyie6ivw,2025-07-14,database,8.7197,132.0,4.5153,23.9322,0.0,0.0,3
org_vyie6ivw,2025-07-14,networking,1.2455,133.0,0.134,15.1495,0.0,0.0,3
org_vyie6ivw,2025-07-14,storage,5.785,232.0,1.8658,29.946199999999997,0.0,0.0,6
org_vyie6ivw,2025-07-15,analytics,0.6091,0.0,3.6772,5.0662,0.0,0.0,3
org_vyie6ivw,2025-07-15,database,12.5498,258.0,1.8368,0.0,0.0,0.0,3
org_vyie6ivw,2025-07-15,networking,0.11499999999999999,0.0,0.0,12.386199999999999,0.0,0.0,2
org_vyie6ivw,2025-07-15,storage,10.373899999999999,491.0,3.4538,1.8983,0.0,0.0,6
org_vyie6ivw,2025-07-16,database,12.7273,286.0,1.6004,0.0,0.0,0.0,3
org_vyie6ivw,2025-07-16,networking,1.4208999999999998,110.0,1.5218,13.1601,0.0,0.0,3
org_vyie6ivw,2025-07-16,storage,1.8984999999999999,107.0,0.7611,15.7137,0.0,0.0,3
org_vyie6ivw,2025-07-17,networking,1.3458999999999999,126.0,4.2542,0.0,0.0,0.0,3
org_vyie6ivw,2025-07-17,storage,4.5283999999999995,239.0,1.3959,0.0,0.0,0.0,3
org_vyie6ivw,2025-07-18,analytics,14.9366,233.0,1.4937,0.0,0.0,0.046898999999999996,3
org_vyie6ivw,2025-07-18,database,14.6154,239.0,0.0,9.3543,0.0,0.04967099999999999,3
org_vyie6ivw,2025-07-18,storage,7.2216000000000005,375.0,2.83,31.049,0.0,0.08177600000000002,6
org_vyie6ivw,2025-07-19,networking,1.4575,132.0,2.0032,0.0,0.0,0.026801000000000002,3
org_vyie6ivw,2025-07-19,storage,3.1289999999999996,109.0,0.0,10.322099999999999,0.0,0.023865,3
org_vyie6ivw,2025-07-20,analytics,9.7594,121.0,0.0,24.7951,0.0,0.029158999999999997,3
org_vyie6ivw,2025-07-21,analytics,1.0282,0.0,1.7897,14.3189,0.0,0.003222,3
org_vyie6ivw,2025-07-21,networking,2.6327,253.0,0.0,13.0433,0.0,0.053209,3
org_vyie6ivw,2025-07-21,storage,5.012200000000001,242.0,1.3225,3.1682,0.0,0.049299,6
org_vyie6ivw,2025-07-22,analytics,19.2335,258.0,0.0,0.0,0.0,0.0516,3
org_vyie6ivw,2025-07-22,networking,0.044899999999999995,0.0,3.1626000000000003,0.4441,0.0,7.22E-4,3
org_vyie6ivw,2025-07-22,storage,5.473,268.0,0.0,0.0,0.0,0.053599999999999995,3
org_vyie6ivw,2025-07-23,analytics,7.3626,131.0,0.2881,0.0,0.0,0.026258,3
org_vyie6ivw,2025-07-23,database,9.6242,227.0,0.0,0.0,0.0,0.045399999999999996,3
org_vyie6ivw,2025-07-23,storage,0.1881,0.0,4.4175,4.3647,0.0,0.001756,3
org_vyie6ivw,2025-07-24,analytics,21.3758,268.0,0.0,14.9685,0.0,0.056594000000000005,3
org_vyie6ivw,2025-07-24,database,18.5584,364.0,0.0,0.0,0.0,0.0728,3
org_vyie6ivw,2025-07-24,storage,4.961499999999999,218.0,6.6456,0.0,0.0,0.04493,6
org_vyie6ivw,2025-07-25,networking,2.1673999999999998,224.0,1.6612,0.0,0.0,0.045132,3
org_vyie6ivw,2025-07-26,storage,6.3103,375.0,0.0,0.0,0.0,0.07500000000000001,3
org_vyie6ivw,2025-07-27,analytics,7.633299999999999,128.0,1.1679,19.5563,0.0,0.029745000000000004,3
org_vyie6ivw,2025-07-27,storage,5.3355999999999995,225.0,0.0,15.5475,0.0,0.048109,3
org_vyie6ivw,2025-07-28,analytics,18.8737,234.0,0.0,7.994,0.0,0.048399,3
org_vyie6ivw,2025-07-28,networking,1.3888,115.0,0.5427,6.753,0.0,0.024460000000000003,3
org_vyie6ivw,2025-07-28,storage,1.6831999999999998,103.0,5.5407,0.0,0.0,0.021708,3
org_vyie6ivw,2025-07-29,analytics,9.413499999999999,121.0,0.0,19.334,0.0,0.028066999999999998,3
org_vyie6ivw,2025-07-29,database,1.6599,0.0,0.0,32.2945,0.0,0.006459,3
org_vyie6ivw,2025-07-29,networking,2.367,241.0,0.0,9.3578,0.0,0.050072000000000005,3
org_vyie6ivw,2025-07-29,storage,2.6307,127.0,0.0,18.3163,0.0,0.029063,3
org_vyie6ivw,2025-07-30,analytics,25.985699999999994,347.0,0.0,0.0,0.0,0.0694,3
org_vyie6ivw,2025-07-30,database,16.595100000000002,318.0,0.0,0.0,0.0,0.06359999999999999,3
org_vyie6ivw,2025-07-30,networking,3.6159999999999997,364.0,0.0,0.0,0.0,0.0728,3
org_vyie6ivw,2025-07-30,storage,2.0408,110.0,3.8891,0.0,0.0,0.022777999999999996,3
org_vyie6ivw,2025-07-31,database,0.36719999999999997,0.0,7.072800000000001,0.0,0.0,0.001415,3
org_vyie6ivw,2025-07-31,networking,1.6981,129.0,3.027,7.6446,0.0,0.027934,3
org_vyie6ivw,2025-07-31,storage,12.799,631.0,1.3415,0.0,0.0,0.126468,6
org_vyie6ivw,2025-08-01,analytics,9.1821,129.0,0.0,3.9303,0.0,0.026586,3
org_vyie6ivw,2025-08-02,analytics,0.20579999999999998,0.0,3.6912000000000003,0.0,0.0,7.379999999999999E-4,3
org_vyie6ivw,2025-08-02,database,5.1143,100.0,0.0,14.769,0.0,0.022954000000000002,3
org_vyie6ivw,2025-08-02,storage,2.045,110.0,3.7037,0.0,0.0,0.022740999999999997,3
org_vyie6ivw,2025-08-03,storage,2.7470000000000003,108.0,1.1919,26.2329,0.0,0.027086000000000002,6
org_vyie6ivw,2025-08-04,analytics,18.5295,238.0,0.0,15.8635,0.0,0.050773,3
org_vyie6ivw,2025-08-04,database,6.3763000000000005,104.0,2.009,13.6191,0.0,0.023926,3
org_vyie6ivw,2025-08-04,networking,2.3505000000000003,252.0,0.95,0.0,0.0,0.050589999999999996,3
org_vyie6ivw,2025-08-05,analytics,0.9552999999999999,0.0,7.9832,5.2104,0.0,0.002639,3
org_vyie6ivw,2025-08-05,networking,0.9207000000000001,110.0,0.0,11.9839,0.0,0.024397000000000002,3
org_vyie6ivw,2025-08-06,analytics,16.637800000000002,217.0,0.0,14.2392,0.0,0.046248,3
org_vyie6ivw,2025-08-06,database,12.0759,230.0,1.2459,0.0,0.0,0.046249,3
org_vyie6ivw,2025-08-06,storage,10.8587,490.0,0.0,28.506600000000002,0.0,0.10370199999999999,6
org_vyie6ivw,2025-08-07,networking,1.8727,235.0,0.0,4.5159,0.0,0.047903,3
org_vyie6ivw,2025-08-08,database,6.9883,120.0,3.609,14.5723,0.0,0.027636,3
org_vyie6ivw,2025-08-08,storage,8.740499999999999,357.0,4.513,18.6385,0.0,0.076031,6
org_vyie6ivw,2025-08-09,database,7.6672,126.0,2.016,0.0,0.0,0.025603,3
org_vyie6ivw,2025-08-09,networking,0.24189999999999998,0.0,2.7063,19.578699999999998,0.0,0.004456999999999999,3
org_vyie6ivw,2025-08-09,storage,2.355,112.0,0.0,10.096,0.0,0.024419,3
org_vyie6ivw,2025-08-10,database,17.9003,347.0,0.0,0.0,0.0,0.0694,3
org_vyie6ivw,2025-08-10,storage,5.8018,255.0,3.5666,0.0,0.0,0.051712999999999995,3
org_vyie6ivw,2025-08-11,storage,4.883699999999999,211.0,4.0323,16.9041,0.0,0.046388,6
org_vyie6ivw,2025-08-12,analytics,8.373,117.0,7.0784,0.0,0.0,0.024815,3
org_vyie6ivw,2025-08-12,storage,4.2985999999999995,251.0,7.1627,4.9282,0.0,0.052619000000000006,6
org_vyie6ivw,2025-08-13,analytics,20.6926,248.0,0.0,5.157,0.0,0.050631,3
org_vyie6ivw,2025-08-13,database,11.7481,106.0,0.0,10.5166,0.0,0.023303,3
org_vyie6ivw,2025-08-13,networking,1.2029,121.0,0.0,25.22,0.0,0.029244,3
org_vyie6ivw,2025-08-13,storage,14.2796,650.0,0.0,0.0,0.0,0.13,6
org_vyie6ivw,2025-08-14,analytics,8.9381,131.0,0.0,7.847200000000001,0.0,0.02777,3
org_vyie6ivw,2025-08-14,database,7.9353,106.0,2.9037,8.8907,0.0,0.023559,3
org_vyie6ivw,2025-08-14,storage,2.2272999999999996,109.0,3.6351,0.0,0.0,0.022527,3
org_vyie6ivw,2025-08-15,database,6.5154000000000005,123.0,2.3607,10.0857,0.0,0.027089000000000002,3
org_vyie6ivw,2025-08-15,networking,1.276,122.0,1.5301,14.1375,0.0,0.027534000000000003,3
org_vyie6ivw,2025-08-15,storage,7.3815,352.0,2.0109,37.294799999999995,0.0,0.07826099999999998,6
org_vyie6ivw,2025-08-16,analytics,14.9344,249.0,0.0,11.4329,0.0,0.052086999999999994,3
org_vyie6ivw,2025-08-16,database,14.7133,241.0,0.0,15.0942,0.0,0.051219,3
org_vyie6ivw,2025-08-16,networking,2.7029,245.0,0.0,16.7846,0.0,0.052357,3
org_vyie6ivw,2025-08-16,storage,2.754,130.0,4.5553,0.0,0.0,0.026910999999999997,3
org_vyie6ivw,2025-08-17,database,5.8687000000000005,116.0,2.7407,0.0,0.0,0.023748,3
org_vyie6ivw,2025-08-18,database,14.585,314.0,0.0,0.0,0.0,0.0628,3
org_vyie6ivw,2025-08-18,networking,1.2137,102.0,0.0,23.8123,0.0,0.025162,3
org_vyie6ivw,2025-08-18,storage,4.578200000000001,241.0,0.0,0.0,0.0,0.04820000000000001,3
org_vyie6ivw,2025-08-19,database,9.8579,137.0,0.0,29.1771,0.0,0.033235,3
org_vyie6ivw,2025-08-19,storage,2.7749,134.0,0.9365,0.0,0.0,0.026987,3
org_vyie6ivw,2025-08-20,analytics,17.5794,252.0,0.0,22.9314,0.0,0.054986,3
org_vyie6ivw,2025-08-20,database,5.2651,113.0,0.6891,0.0,0.0,0.022737999999999998,3
org_vyie6ivw,2025-08-20,storage,3.0563,121.0,0.0,15.349499999999999,0.0,0.02727,3
org_vyie6ivw,2025-08-21,storage,3.4163999999999994,130.0,0.0,45.1308,0.0,0.035026,6
org_vyie6ivw,2025-08-22,database,6.8664000000000005,127.0,2.9143,8.6382,0.0,0.027711,3
org_vyie6ivw,2025-08-22,networking,2.5237000000000003,231.0,1.3511,0.0,0.0,0.04647,3
org_vyie6ivw,2025-08-22,storage,10.8092,489.0,1.8818,8.9209,0.0,0.09996,6
org_vyie6ivw,2025-08-23,analytics,9.548200000000001,99.0,0.0,26.7517,0.0,0.025151,3
org_vyie6ivw,2025-08-23,networking,1.6025,113.0,1.5176,21.6044,0.0,0.027225,3
org_vyie6ivw,2025-08-23,storage,5.4467,242.0,0.5928,0.0,0.0,0.048519,3
org_vyie6ivw,2025-08-24,database,10.9,227.0,0.0,3.631,0.0,0.046126,3
org_vyie6ivw,2025-08-24,storage,0.2597,0.0,0.0,13.547899999999998,0.0,0.0027099999999999997,2
org_vyie6ivw,2025-08-25,analytics,0.1626,0.0,2.299,0.0,0.0,4.59E-4,3
org_vyie6ivw,2025-08-25,networking,0.27590000000000003,0.0,1.6605,23.936700000000002,0.0,0.005118999999999999,3
org_vyie6ivw,2025-08-25,storage,7.6257,342.0,0.0,0.0,0.0,0.0684,3
org_vyie6ivw,2025-08-26,analytics,16.1509,246.0,0.0,0.0,0.0,0.0492,3
org_vyie6ivw,2025-08-26,networking,2.8329999999999997,250.0,0.0,10.6428,0.0,0.052129,3
org_vyie6ivw,2025-08-26,storage,11.0503,478.0,0.0,14.0372,0.0,0.098407,6
org_vyie6ivw,2025-08-27,analytics,10.3529,119.0,2.6873,22.0311,0.0,0.028743,3
org_vyie6ivw,2025-08-27,database,5.4068000000000005,116.0,2.2031,0.0,0.0,0.023641,3
org_vyie6ivw,2025-08-27,networking,1.1643000000000001,125.0,0.3624,9.3548,0.0,0.026943,3
org_vyie6ivw,2025-08-28,analytics,8.9255,123.0,0.0,3.4098,0.0,0.025282,3
org_vyie6ivw,2025-08-28,database,9.183,209.0,0.0,15.1257,0.0,0.044825000000000004,3
org_vyie6ivw,2025-08-28,storage,10.0748,474.0,0.0,26.5413,0.0,0.100108,6
org_vyie6ivw,2025-08-29,analytics,18.2535,266.0,3.1231,0.0,0.0,0.053825,3
org_vyie6ivw,2025-08-29,networking,2.0686,232.0,0.0,0.0,0.0,0.0464,3
org_vyie6ivw,2025-08-29,storage,6.8861,367.0,1.9787,16.3231,0.0,0.07706099999999999,6
org_vyie6ivw,2025-08-30,database,12.1096,215.0,0.0,0.0,0.0,0.043,3
org_vyie6ivw,2025-08-30,networking,1.5749,118.0,0.0,28.1118,0.0,0.029223,3
org_vyie6ivw,2025-08-30,storage,6.4439,265.0,3.964,0.0,0.0,0.05379300000000001,3
org_vyie6ivw,2025-08-31,analytics,5.269699999999999,131.0,0.0,1.9671,0.0,0.026593000000000002,3
org_vyie6ivw,2025-08-31,database,12.767900000000001,248.0,2.3653,0.0,0.0,0.050073000000000006,3
org_vyie6ivw,2025-08-31,storage,4.9744,244.0,0.0,18.6126,0.0,0.052523,3
org_w3zp08j3,2025-07-03,database,18.6906,362.0,0.0,41.963899999999995,0.0,0.0,6
org_w3zp08j3,2025-07-03,storage,5.1562,237.0,0.0,8.5927,0.0,0.0,3
org_w3zp08j3,2025-07-04,compute,11.5048,114.0,5.3379,14.4447,0.0,0.0,3
org_w3zp08j3,2025-07-04,database,5.5433,114.0,0.0,0.0,0.0,0.0,3
org_w3zp08j3,2025-07-04,genai,33.024,261.0,0.9666,0.0,0.0,0.0,3
org_w3zp08j3,2025-07-04,networking,1.1779,111.0,0.6507,10.9228,0.0,0.0,3
org_w3zp08j3,2025-07-04,storage,8.894300000000001,448.0,1.8399,11.9592,0.0,0.0,6
org_w3zp08j3,2025-07-05,compute,28.441,349.0,0.0,0.0,0.0,0.0,3
org_w3zp08j3,2025-07-05,database,7.3759999999999994,118.0,0.0,8.3302,0.0,0.0,3
org_w3zp08j3,2025-07-05,networking,27.4203,245.0,0.0,0.0,0.0,0.0,3
org_w3zp08j3,2025-07-06,database,23.694200000000002,345.0,0.9046,8.955,0.0,0.0,6
org_w3zp08j3,2025-07-06,networking,2.7626,240.0,0.0,6.2757,0.0,0.0,3
org_w3zp08j3,2025-07-06,storage,7.8374,367.0,0.2792,36.2359,0.0,0.0,6
org_w3zp08j3,2025-07-07,database,0.27549999999999997,0.0,5.356399999999999,0.0,0.0,0.0,3
org_w3zp08j3,2025-07-07,genai,48.7078,415.0,0.0,0.0,0.0,0.0,3
org_w3zp08j3,2025-07-07,networking,3.8279,359.0,0.0,0.0,0.0,0.0,3
org_w3zp08j3,2025-07-07,storage,7.071599999999999,228.0,2.929,15.8169,0.0,0.0,6
org_w3zp08j3,2025-07-08,compute,8.192300000000001,111.0,1.3801,0.0,0.0,0.0,2
org_w3zp08j3,2025-07-08,database,27.622799999999998,481.0,0.0,33.7256,0.0,0.0,6
org_w3zp08j3,2025-07-08,networking,2.2066,211.0,2.4958,0.0,0.0,0.0,3
org_w3zp08j3,2025-07-08,storage,6.9202,343.0,1.7386,28.1404,0.0,0.0,6
org_w3zp08j3,2025-07-09,compute,18.130000000000003,229.0,0.7847,0.0,0.0,0.0,3
org_w3zp08j3,2025-07-09,database,6.0459,111.0,4.1712,0.0,0.0,0.0,3
org_w3zp08j3,2025-07-09,storage,4.93,257.0,1.7465,0.0,0.0,0.0,3
org_w3zp08j3,2025-07-10,compute,12.403400000000001,114.0,0.0,41.4833,0.0,0.0,3
org_w3zp08j3,2025-07-10,database,22.7892,483.0,2.6678,0.3911,0.0,0.0,6
org_w3zp08j3,2025-07-10,genai,0.41869999999999996,0.0,4.2419,0.0,0.0,0.0,3
org_w3zp08j3,2025-07-10,networking,1.0292,99.0,0.5063,10.4588,0.0,0.0,3
org_w3zp08j3,2025-07-10,storage,1.8247,115.0,0.0,17.9461,0.0,0.0,3
org_w3zp08j3,2025-07-11,database,16.6323,242.0,3.4996,22.1291,0.0,0.0,6
org_w3zp08j3,2025-07-11,storage,6.1208,341.0,4.9613,4.449,0.0,0.0,6
org_w3zp08j3,2025-07-12,genai,13.3979,104.0,0.0,12.393699999999999,0.0,0.0,3
org_w3zp08j3,2025-07-12,networking,1.7718,136.0,0.0,17.9039,0.0,0.0,3
org_w3zp08j3,2025-07-12,storage,4.5411,250.0,1.3554,0.0,0.0,0.0,3
org_w3zp08j3,2025-07-13,compute,0.4809,0.0,1.6748,5.4629,0.0,0.0,3
org_w3zp08j3,2025-07-13,database,6.7171,131.0,3.4657999999999998,0.0,0.0,0.0,3
org_w3zp08j3,2025-07-13,genai,14.2331,113.0,0.0,10.5575,0.0,0.0,3
org_w3zp08j3,2025-07-13,storage,2.3435,113.0,0.4349,3.0764,0.0,0.0,3
org_w3zp08j3,2025-07-14,compute,16.811,235.0,0.0,11.9429,0.0,0.0,3
org_w3zp08j3,2025-07-14,database,13.142399999999999,239.0,3.2241,31.16,0.0,0.0,6
org_w3zp08j3,2025-07-14,genai,14.080599999999999,118.0,0.0,5.3167,0.0,0.0,3
org_w3zp08j3,2025-07-14,storage,5.0712,221.0,0.0,6.0592,0.0,0.0,3
org_w3zp08j3,2025-07-15,database,14.3688,238.0,3.8983,15.5128,0.0,0.0,6
org_w3zp08j3,2025-07-15,networking,1.8666,132.0,0.0,38.8809,0.0,0.0,3
org_w3zp08j3,2025-07-15,storage,5.0527999999999995,224.0,7.9218,7.5427,0.0,0.0,6
org_w3zp08j3,2025-07-16,compute,18.9758,213.0,2.1886,0.0,0.0,0.0,3
org_w3zp08j3,2025-07-16,database,13.4366,237.0,3.7476,0.0,0.0,0.0,3
org_w3zp08j3,2025-07-16,genai,0.8583,0.0,6.4451,0.7393,0.0,0.0,3
org_w3zp08j3,2025-07-16,networking,26.415699999999998,122.0,0.6701,5.8137,0.0,0.0,3
org_w3zp08j3,2025-07-16,storage,12.867099999999999,498.0,0.0,4.4112,0.0,0.0,6
org_w3zp08j3,2025-07-17,compute,7.9374,123.0,0.0,13.9814,0.0,0.0,3
org_w3zp08j3,2025-07-17,database,15.4337,218.0,2.3454,17.7353,0.0,0.0,6
org_w3zp08j3,2025-07-18,database,11.6245,223.0,7.4653,10.9147,0.0,0.048276,6
org_w3zp08j3,2025-07-18,storage,2.3608000000000002,108.0,0.0,9.1278,0.0,0.023426000000000002,3
org_w3zp08j3,2025-07-19,compute,33.0685,383.0,0.0,0.0,0.0,0.0766,3
org_w3zp08j3,2025-07-19,database,3.0194,0.0,10.2362,38.9092,0.0,0.00983,6
org_w3zp08j3,2025-07-19,networking,1.4848999999999999,119.0,3.2338,17.0421,0.0,0.027855,3
org_w3zp08j3,2025-07-19,storage,7.0942,384.0,0.5061,2.832,0.0,0.07746700000000001,6
org_w3zp08j3,2025-07-20,database,12.402600000000001,234.0,4.7529,0.0,0.0,0.047751,3
org_w3zp08j3,2025-07-20,storage,6.2996,253.0,0.0,38.535599999999995,0.0,0.058307,6
org_w3zp08j3,2025-07-21,compute,3.809,0.0,0.0,43.3922,0.0,0.008678,3
org_w3zp08j3,2025-07-21,genai,30.7091,261.0,0.0,0.0,2335.0,0.052199999999999996,3
org_w3zp08j3,2025-07-21,networking,0.9904999999999999,115.0,4.819100000000001,0.0,0.0,0.023964,3
org_w3zp08j3,2025-07-21,storage,4.1099,251.0,2.5517,0.0,0.0,0.050710000000000005,3
org_w3zp08j3,2025-07-22,compute,9.943499999999998,129.0,1.9988,11.7691,0.0,0.028554000000000003,3
org_w3zp08j3,2025-07-22,database,20.3702,363.0,0.0,0.0,0.0,0.0726,3
org_w3zp08j3,2025-07-23,database,12.694600000000001,223.0,0.5906,0.0,0.0,0.044718,3
org_w3zp08j3,2025-07-23,genai,25.2993,251.0,0.9422,0.0,3037.0,0.050387999999999995,3
org_w3zp08j3,2025-07-23,networking,0.1432,0.0,2.7018,13.7022,0.0,0.00328,3
org_w3zp08j3,2025-07-23,storage,4.7888,239.0,3.0747999999999998,0.0,0.0,0.048415,6
org_w3zp08j3,2025-07-24,database,4.5191,125.0,2.5872,10.015,0.0,0.027520000000000003,3
org_w3zp08j3,2025-07-24,genai,28.4272,133.0,0.0,8.3026,2000.0,0.028260999999999998,3
org_w3zp08j3,2025-07-24,storage,2.9605,121.0,3.2249,14.1183,0.0,0.027669,3
org_w3zp08j3,2025-07-25,genai,30.565400000000004,248.0,1.8689,0.0,1767.0,0.049974000000000005,3
org_w3zp08j3,2025-07-25,networking,1.2832999999999999,119.0,0.0,25.3964,0.0,0.028879000000000002,3
org_w3zp08j3,2025-07-25,storage,3.8423,111.0,0.0,24.2045,0.0,0.027041000000000003,3
org_w3zp08j3,2025-07-26,database,3.0749,0.0,0.0,53.972500000000004,0.0,0.010795,3
org_w3zp08j3,2025-07-26,storage,6.7598,357.0,0.0,0.0,0.0,0.07139999999999999,3
org_w3zp08j3,2025-07-27,genai,15.8969,107.0,0.4764,14.5991,2122.0,0.024415,3
org_w3zp08j3,2025-07-27,networking,2.7754000000000003,240.0,1.6204,0.0,0.0,0.048324000000000006,3
org_w3zp08j3,2025-07-27,storage,5.236,243.0,4.9544,16.0541,0.0,0.052802,6
org_w3zp08j3,2025-07-28,compute,9.7381,120.0,1.7207,14.002,0.0,0.027144,3
org_w3zp08j3,2025-07-28,database,0.2525,0.0,4.8288,0.0,0.0,9.660000000000001E-4,3
org_w3zp08j3,2025-07-28,genai,10.644,104.0,4.9757,0.0,3272.0,0.021795,3
org_w3zp08j3,2025-07-28,networking,1.2394999999999998,111.0,0.0,14.7243,0.0,0.025145,3
org_w3zp08j3,2025-07-28,storage,13.429100000000002,635.0,0.0,15.7779,0.0,0.130156,6
org_w3zp08j3,2025-07-29,genai,47.6356,384.0,0.0,0.0,3717.0,0.0768,3
org_w3zp08j3,2025-07-29,networking,1.4797,0.0,0.0,2.1163,0.0,4.23E-4,3
org_w3zp08j3,2025-07-29,storage,4.765000000000001,241.0,2.6818,4.1531,0.0,0.049567,6
org_w3zp08j3,2025-07-30,database,24.3387,529.0,0.0,25.029600000000002,0.0,0.11080599999999999,6
org_w3zp08j3,2025-07-30,genai,15.5969,108.0,0.3932,10.9008,4153.0,0.023859,3
org_w3zp08j3,2025-07-30,storage,7.0634,250.0,5.424799999999999,0.0,0.0,0.051085,6
org_w3zp08j3,2025-07-31,database,7.7297,133.0,0.8653,21.9531,0.0,0.031163,6
org_w3zp08j3,2025-07-31,genai,21.322,138.0,0.8626,20.1068,1199.0,0.031793999999999996,3
org_w3zp08j3,2025-07-31,networking,1.1155,115.0,2.6147,0.0,0.0,0.023523000000000002,3
org_w3zp08j3,2025-07-31,storage,6.244,355.0,0.0,17.347900000000003,0.0,0.07446900000000001,6
org_w3zp08j3,2025-08-01,compute,1.9744000000000002,0.0,4.5667,19.9916,0.0,0.004912,3
org_w3zp08j3,2025-08-01,storage,2.6492,116.0,3.2549,17.3986,0.0,0.027330999999999998,3
org_w3zp08j3,2025-08-02,database,22.5978,468.0,1.2346,0.0,0.0,0.093847,6
org_w3zp08j3,2025-08-02,networking,1.8049,108.0,0.0,45.266400000000004,0.0,0.030653,3
org_w3zp08j3,2025-08-02,storage,4.0512,215.0,4.166,0.0,0.0,0.043833,3
org_w3zp08j3,2025-08-03,database,13.415499999999998,230.0,0.8711,25.5145,0.0,0.051277,6
org_w3zp08j3,2025-08-03,genai,5.247999999999999,0.0,0.5285,41.5654,1588.0,0.008419,3
org_w3zp08j3,2025-08-03,networking,4.0973,379.0,0.0,0.0,0.0,0.0758,3
org_w3zp08j3,2025-08-03,storage,16.3462,731.0,0.0,0.0,0.0,0.1462,6
org_w3zp08j3,2025-08-04,database,12.2065,230.0,4.43,36.268600000000006,0.0,0.05414,6
org_w3zp08j3,2025-08-04,genai,11.6272,120.0,0.7546,0.0,2438.0,0.024151,3
org_w3zp08j3,2025-08-04,networking,1.163,108.0,0.0,17.3611,0.0,0.025072,3
org_w3zp08j3,2025-08-04,storage,5.0655,265.0,0.0402,0.0,0.0,0.053008,3
org_w3zp08j3,2025-08-05,compute,2.3055000000000003,0.0,1.7905,28.4595,0.0,0.00605,3
org_w3zp08j3,2025-08-05,database,6.339,95.0,9.7894,21.891,0.0,0.025337,6
org_w3zp08j3,2025-08-05,genai,17.5578,141.0,6.607200000000001,0.0,3669.0,0.029521,3
org_w3zp08j3,2025-08-05,storage,5.177099999999999,238.0,7.6723,17.3429,0.0,0.052603,6
org_w3zp08j3,2025-08-06,compute,10.0437,125.0,2.5856,22.6545,0.0,0.030048000000000002,3
org_w3zp08j3,2025-08-06,database,20.3196,471.0,2.2897,0.0,0.0,0.09465799999999999,6
org_w3zp08j3,2025-08-06,genai,12.3258,112.0,0.0,0.0,1727.0,0.0224,3
org_w3zp08j3,2025-08-06,networking,1.4835999999999998,114.0,0.0,22.7337,0.0,0.027347000000000003,3
org_w3zp08j3,2025-08-07,compute,36.1844,125.0,0.0,24.0716,0.0,0.029815,3
org_w3zp08j3,2025-08-07,networking,1.1599,105.0,0.0,8.7019,0.0,0.02274,2
org_w3zp08j3,2025-08-07,storage,7.502800000000001,248.0,0.0,0.0,0.0,0.0496,3
org_w3zp08j3,2025-08-08,genai,4.3988,0.0,0.0,23.0262,2430.0,0.004605,3
org_w3zp08j3,2025-08-08,networking,1.3551,109.0,5.3958,15.1152,0.0,0.025902,3
org_w3zp08j3,2025-08-08,storage,3.7466,223.0,2.0749,0.0,0.0,0.045015,3
org_w3zp08j3,2025-08-09,compute,10.314599999999999,96.0,0.0,9.593,0.0,0.021119,3
org_w3zp08j3,2025-08-09,database,13.4469,248.0,3.222,0.0,0.0,0.050244,3
org_w3zp08j3,2025-08-09,genai,17.4436,115.0,2.8844,20.8158,1551.0,0.02774,3
org_w3zp08j3,2025-08-09,networking,2.7744999999999997,249.0,0.0,13.405,0.0,0.052481,3
org_w3zp08j3,2025-08-09,storage,4.5855,221.0,1.6941,19.7571,0.0,0.048491000000000006,6
org_w3zp08j3,2025-08-10,database,4.5023,114.0,0.0,7.4741,0.0,0.024295,3
org_w3zp08j3,2025-08-10,networking,3.2376,356.0,0.0,0.0,0.0,0.0712,3
org_w3zp08j3,2025-08-10,storage,2.6005,129.0,3.3534,0.0,0.0,0.026471,3
org_w3zp08j3,2025-08-11,compute,19.491,216.0,2.2582,0.0,0.0,0.043651999999999996,3
org_w3zp08j3,2025-08-11,database,4.1557,128.0,2.024,0.0,0.0,0.026005,3
org_w3zp08j3,2025-08-11,storage,6.1028,256.0,0.4954,0.0,0.0,0.051299,3
org_w3zp08j3,2025-08-12,compute,24.726000000000003,375.0,0.0,0.0,0.0,0.075,3
org_w3zp08j3,2025-08-12,genai,12.4062,120.0,0.0,2.1982,2411.0,0.02444,3
org_w3zp08j3,2025-08-12,storage,5.6921,119.0,3.6143,5.7167,0.0,0.025666,6
org_w3zp08j3,2025-08-13,database,7.9144000000000005,146.0,0.7098,17.0179,0.0,0.032746,3
org_w3zp08j3,2025-08-13,genai,16.7914,113.0,1.4293,22.9932,3076.0,0.027485,3
org_w3zp08j3,2025-08-13,storage,9.5854,455.0,3.8487,0.0,0.0,0.09176999999999999,6
org_w3zp08j3,2025-08-14,compute,9.4855,122.0,2.951,0.0,0.0,0.024990000000000002,3
org_w3zp08j3,2025-08-14,database,16.2417,253.0,0.0,20.4171,0.0,0.05468300000000001,3
org_w3zp08j3,2025-08-14,genai,37.2855,343.0,0.0,0.0,3866.0,0.0686,3
org_w3zp08j3,2025-08-15,compute,18.8156,229.0,0.0,11.5078,0.0,0.048102,3
org_w3zp08j3,2025-08-15,database,12.3379,95.0,2.1576,24.6301,0.0,0.024357999999999998,6
org_w3zp08j3,2025-08-15,genai,50.51349999999999,368.0,0.0,0.0,2329.0,0.0736,3
org_w3zp08j3,2025-08-15,networking,2.2954,233.0,2.4255,0.0,0.0,0.047085,3
org_w3zp08j3,2025-08-15,storage,4.7758,256.0,1.7728,0.0,0.0,0.051555000000000004,3
org_w3zp08j3,2025-08-16,compute,13.5715,138.0,2.3681,24.1863,0.0,0.032911,3
org_w3zp08j3,2025-08-16,database,7.459099999999999,127.0,10.9338,8.5059,0.0,0.029287,6
org_w3zp08j3,2025-08-16,storage,4.0478000000000005,270.0,0.0346,0.0,0.0,0.054007,3
org_w3zp08j3,2025-08-17,compute,8.989400000000002,122.0,0.0,2.5617,0.0,0.024912,3
org_w3zp08j3,2025-08-17,database,17.572899999999997,352.0,0.0,0.0,0.0,0.0704,3
org_w3zp08j3,2025-08-17,networking,2.3643,241.0,0.6807,0.0,0.0,0.048336,3
org_w3zp08j3,2025-08-17,storage,3.1082,131.0,7.895299999999999,17.714,0.0,0.031322,6
org_w3zp08j3,2025-08-18,compute,10.0049,129.0,0.0777,10.2497,0.0,0.027866,3
org_w3zp08j3,2025-08-18,genai,14.034699999999999,110.0,5.1866,0.0,1699.0,0.023037,3
org_w3zp08j3,2025-08-18,storage,4.3757,214.0,0.0,11.0525,0.0,0.045011,3
org_w3zp08j3,2025-08-19,compute,22.357,253.0,0.0,12.0549,0.0,0.053011,3
org_w3zp08j3,2025-08-19,database,0.2557,0.0,0.7171,4.2423,0.0,9.910000000000001E-4,2
org_w3zp08j3,2025-08-19,networking,2.3918,239.0,0.0228,0.0,0.0,0.047805,3
org_w3zp08j3,2025-08-20,database,10.2207,236.0,1.9469,0.0,0.0,0.047589,3
org_w3zp08j3,2025-08-20,genai,1.6861000000000002,0.0,2.1267,12.6404,2967.0,0.002953,3
org_w3zp08j3,2025-08-20,storage,5.4968,239.0,3.3633,27.033900000000003,0.0,0.053880000000000004,6
org_w3zp08j3,2025-08-21,genai,24.344,236.0,0.0,2.8307,2690.0,0.047765999999999996,3
org_w3zp08j3,2025-08-21,networking,2.3711,240.0,3.1156,0.0,0.0,0.048623,3
org_w3zp08j3,2025-08-21,storage,0.6074,0.0,0.0,35.6273,0.0,0.007126,3
org_w3zp08j3,2025-08-22,compute,25.928399999999996,340.0,0.0,0.0,0.0,0.068,3
org_w3zp08j3,2025-08-22,database,12.7535,240.0,2.8403,0.0,0.0,0.048568,3
org_w3zp08j3,2025-08-22,genai,42.2093,352.0,0.0,0.0,905.0,0.0704,3
org_w3zp08j3,2025-08-22,networking,1.3849,122.0,1.7184,13.5712,0.0,0.027458000000000003,3
org_w3zp08j3,2025-08-22,storage,0.0816,0.0,4.7239,0.0,0.0,9.45E-4,3
org_w3zp08j3,2025-08-23,compute,13.029399999999999,124.0,2.9954,15.1401,0.0,0.028426999999999997,3
org_w3zp08j3,2025-08-23,database,12.418700000000001,232.0,2.2985,0.0,0.0,0.04686,3
org_w3zp08j3,2025-08-23,networking,1.3601999999999999,117.0,1.2126,12.7515,0.0,0.026193,3
org_w3zp08j3,2025-08-23,storage,7.6462,348.0,0.0,0.0,0.0,0.0696,3
org_w3zp08j3,2025-08-24,compute,7.220200000000001,107.0,3.3088,10.0598,0.0,0.024073999999999998,3
org_w3zp08j3,2025-08-24,database,17.8569,363.0,0.0,35.5629,0.0,0.079713,6
org_w3zp08j3,2025-08-24,genai,2.8594,0.0,2.7334,20.9999,3724.0,0.004745999999999999,3
org_w3zp08j3,2025-08-24,networking,0.1332,0.0,0.0,13.363,0.0,0.002673,2
org_w3zp08j3,2025-08-24,storage,2.0392,136.0,6.474,0.0,0.0,0.028494,3
org_w3zp08j3,2025-08-25,database,11.684999999999999,260.0,0.0,4.9549,0.0,0.052990999999999996,3
org_w3zp08j3,2025-08-25,genai,29.776600000000002,244.0,0.0,0.0,2411.0,0.048799999999999996,3
org_w3zp08j3,2025-08-25,networking,0.063,0.0,0.0,9.849599999999999,0.0,0.00197,3
org_w3zp08j3,2025-08-25,storage,2.6879,120.0,0.0,9.9204,0.0,0.025984,3
org_w3zp08j3,2025-08-26,compute,9.298100000000002,109.0,0.0,14.6865,0.0,0.024737000000000002,3
org_w3zp08j3,2025-08-26,database,30.7165,615.0,0.0,10.4565,0.0,0.125091,6
org_w3zp08j3,2025-08-26,storage,0.6543,0.0,0.0,38.9346,0.0,0.007787,3
org_w3zp08j3,2025-08-27,compute,1.8209000000000002,0.0,0.0,26.1526,0.0,0.00523,3
org_w3zp08j3,2025-08-27,database,5.6706,112.0,1.2293,16.0133,0.0,0.025849,3
org_w3zp08j3,2025-08-27,networking,2.3112999999999997,220.0,0.0,8.3429,0.0,0.045668999999999994,3
org_w3zp08j3,2025-08-27,storage,2.7934,132.0,0.0,19.2987,0.0,0.030259,3
org_w3zp08j3,2025-08-28,compute,8.7313,112.0,0.0,6.3445,0.0,0.023669,3
org_w3zp08j3,2025-08-28,networking,1.3247000000000002,103.0,0.0,34.3491,0.0,0.02747,3
org_w3zp08j3,2025-08-28,storage,5.1145,254.0,0.0,6.1729,0.0,0.052035,3
org_w3zp08j3,2025-08-29,database,18.9673,253.0,0.0,0.0,0.0,0.050600000000000006,3
org_w3zp08j3,2025-08-30,database,1.0446,0.0,4.3326,15.1813,0.0,0.0039040000000000004,3
org_w3zp08j3,2025-08-30,genai,32.3374,239.0,0.0,15.9587,2762.0,0.050991999999999996,3
org_w3zp08j3,2025-08-30,networking,1.4951,121.0,3.3543,16.7785,0.0,0.028227000000000002,3
org_w3zp08j3,2025-08-31,compute,19.1469,230.0,2.9911,0.0,0.0,0.046598,3
org_w3zp08j3,2025-08-31,genai,0.5674,0.0,0.0,4.2969,1700.0,8.59E-4,3
org_w3zp08j3,2025-08-31,networking,1.4503,115.0,0.0,31.6094,0.0,0.029321999999999997,3
org_wm31yiha,2025-07-03,database,6.6098,131.0,0.0,39.5909,0.0,0.0,3
org_wm31yiha,2025-07-06,database,6.2195,142.0,2.4938,0.0,0.0,0.0,3
org_wm31yiha,2025-07-07,database,13.2777,231.0,3.571,0.0,0.0,0.0,3
org_wm31yiha,2025-07-09,database,13.6328,265.0,0.0,1.6894,0.0,0.0,3
org_wm31yiha,2025-07-11,database,5.9296,126.0,0.0,0.7563,0.0,0.0,2
org_wm31yiha,2025-07-12,database,12.786800000000001,232.0,0.0,12.1926,0.0,0.0,3
org_wm31yiha,2025-07-15,database,6.429200000000001,126.0,0.0,20.1523,0.0,0.0,3
org_wm31yiha,2025-07-17,database,7.4898,140.0,1.5543,0.0,0.0,0.0,3
org_wm31yiha,2025-07-18,database,1.3865,0.0,5.6639,21.9197,0.0,0.005516,3
org_wm31yiha,2025-07-19,database,5.802499999999999,111.0,0.0,7.0579,0.0,0.023611,3
org_wm31yiha,2025-07-20,database,14.9878,242.0,3.0106,0.0,0.0,0.049002,3
org_wm31yiha,2025-07-22,database,5.3057,129.0,2.2313,7.6151,0.0,0.027769000000000002,3
org_wm31yiha,2025-07-23,database,11.117799999999999,234.0,2.0826,0.0,0.0,0.047217,3
org_wm31yiha,2025-07-25,database,7.4799999999999995,137.0,0.0,17.0285,0.0,0.030806,3
org_wm31yiha,2025-07-27,database,7.427099999999999,130.0,3.7216,12.4049,0.0,0.029225,3
org_wm31yiha,2025-07-29,database,10.8123,217.0,0.0,6.4745,0.0,0.044695,3
org_wm31yiha,2025-07-30,database,13.046299999999999,237.0,0.0,0.0,0.0,0.0474,3
org_wm31yiha,2025-07-31,database,6.156899999999999,121.0,0.0,0.0,0.0,0.0242,3
org_wm31yiha,2025-08-01,database,9.297699999999999,212.0,2.8381,0.0,0.0,0.042968,3
org_wm31yiha,2025-08-02,database,0.8982,0.0,1.2486,14.8939,0.0,0.003229,3
org_wm31yiha,2025-08-03,database,10.2989,203.0,0.0,0.0,0.0,0.0406,3
org_wm31yiha,2025-08-04,database,5.910399999999999,120.0,3.8059,0.0,0.0,0.024761000000000002,3
org_wm31yiha,2025-08-05,database,12.764100000000001,253.0,3.0083,0.0,0.0,0.051202,3
org_wm31yiha,2025-08-06,database,8.4596,220.0,1.4715,0.0,0.0,0.044294,3
org_wm31yiha,2025-08-07,database,16.1828,339.0,0.0,0.0,0.0,0.0678,3
org_wm31yiha,2025-08-08,database,6.2897,92.0,0.0,37.5126,0.0,0.025903,3
org_wm31yiha,2025-08-10,database,6.5100999999999996,119.0,2.6885,0.0,0.0,0.024338000000000002,3
org_wm31yiha,2025-08-11,database,10.6629,212.0,2.9058,0.0,0.0,0.042981000000000005,3
org_wm31yiha,2025-08-12,database,6.0735,112.0,1.9625,0.0,0.0,0.022792,3
org_wm31yiha,2025-08-13,database,6.074,104.0,1.4079,9.0658,0.0,0.022895,3
org_wm31yiha,2025-08-16,database,14.8474,258.0,0.0,0.0,0.0,0.0516,3
org_wm31yiha,2025-08-18,database,13.786,268.0,3.4171,0.0,0.0,0.054283,3
org_wm31yiha,2025-08-22,database,13.505,251.0,0.0,8.5516,0.0,0.051910000000000005,3
org_wm31yiha,2025-08-24,database,5.6426,118.0,2.4248,0.0,0.0,0.024085,3
org_wm31yiha,2025-08-25,database,10.768,225.0,2.6492,0.0,0.0,0.04553,3
org_wm31yiha,2025-08-27,database,4.7915,111.0,1.3834,0.0,0.0,0.022477,3
org_wm31yiha,2025-08-28,database,7.6816,125.0,0.0,0.0,0.0,0.025,1
org_wm31yiha,2025-08-29,database,15.773400000000002,352.0,0.0,0.0,0.0,0.0704,3
org_wm31yiha,2025-08-31,database,1.74,0.0,0.0,33.2681,0.0,0.006654,3
org_wnnhj7xv,2025-07-03,compute,24.419999999999998,267.0,0.0,20.2154,0.0,0.0,3
org_wnnhj7xv,2025-07-03,database,7.087999999999999,126.0,0.0,14.0124,0.0,0.0,3
org_wnnhj7xv,2025-07-03,networking,1.2804000000000002,110.0,2.925,0.0,0.0,0.0,3
org_wnnhj7xv,2025-07-04,compute,1.8215,0.0,4.6413,13.732,0.0,0.0,3
org_wnnhj7xv,2025-07-04,database,5.560499999999999,126.0,5.3756,0.0,0.0,0.0,3
org_wnnhj7xv,2025-07-04,networking,3.1515,263.0,0.0,15.4568,0.0,0.0,3
org_wnnhj7xv,2025-07-05,compute,2.2639,0.0,0.0,31.0415,0.0,0.0,3
org_wnnhj7xv,2025-07-05,database,21.1709,253.0,3.2794999999999996,10.8171,0.0,0.0,6
org_wnnhj7xv,2025-07-05,networking,2.3711,246.0,0.0,7.5329,0.0,0.0,3
org_wnnhj7xv,2025-07-06,compute,8.6023,104.0,2.4223,0.0,0.0,0.0,3
org_wnnhj7xv,2025-07-06,database,5.1987000000000005,129.0,3.4775,0.0,0.0,0.0,3
org_wnnhj7xv,2025-07-07,compute,8.4353,135.0,0.0,11.6976,0.0,0.0,3
org_wnnhj7xv,2025-07-07,networking,2.3865,217.0,0.0,0.0,0.0,0.0,3
org_wnnhj7xv,2025-07-08,compute,0.5952,0.0,7.8299,0.0,0.0,0.0,3
org_wnnhj7xv,2025-07-08,database,6.882000000000001,101.0,1.5616,43.914300000000004,0.0,0.0,6
org_wnnhj7xv,2025-07-08,networking,1.1979,117.0,2.2109,0.0,0.0,0.0,3
org_wnnhj7xv,2025-07-09,database,12.9057,236.0,2.1619,0.0,0.0,0.0,3
org_wnnhj7xv,2025-07-10,database,8.1836,141.0,4.7901,0.0,0.0,0.0,3
org_wnnhj7xv,2025-07-10,networking,1.522,147.0,1.6659,9.3773,0.0,0.0,3
org_wnnhj7xv,2025-07-11,database,7.7661999999999995,124.0,2.7441,0.0,0.0,0.0,3
org_wnnhj7xv,2025-07-11,networking,0.31489999999999996,0.0,3.3803,28.0662,0.0,0.0,3
org_wnnhj7xv,2025-07-12,database,0.2587,0.0,0.6466,4.8729,0.0,0.0,3
org_wnnhj7xv,2025-07-12,networking,1.0162,116.0,1.5789,3.407,0.0,0.0,3
org_wnnhj7xv,2025-07-13,compute,11.4619,140.0,2.8148,13.5927,0.0,0.0,3
org_wnnhj7xv,2025-07-13,database,17.314899999999998,385.0,0.0,0.0,0.0,0.0,3
org_wnnhj7xv,2025-07-13,networking,0.08990000000000001,0.0,5.5494,4.0925,0.0,0.0,3
org_wnnhj7xv,2025-07-14,database,10.8773,116.0,6.5815,61.2739,0.0,0.0,6
org_wnnhj7xv,2025-07-14,networking,0.0804,0.0,2.3926,6.7271,0.0,0.0,3
org_wnnhj7xv,2025-07-15,compute,11.1088,144.0,1.6006,1.7199,0.0,0.0,3
org_wnnhj7xv,2025-07-15,database,18.297,370.0,0.0,0.0,0.0,0.0,3
org_wnnhj7xv,2025-07-16,compute,16.5666,225.0,0.0,6.5768,0.0,0.0,3
org_wnnhj7xv,2025-07-16,database,9.8049,100.0,2.3781,0.0,0.0,0.0,3
org_wnnhj7xv,2025-07-16,networking,2.5852,259.0,0.0,16.7319,0.0,0.0,3
org_wnnhj7xv,2025-07-17,compute,19.911299999999997,253.0,0.0,1.1134,0.0,0.0,3
org_wnnhj7xv,2025-07-17,database,5.8137,132.0,3.0192,0.0,0.0,0.0,3
org_wnnhj7xv,2025-07-17,networking,0.0698,0.0,1.5882,6.5863,0.0,0.0,3
org_wnnhj7xv,2025-07-18,database,19.4583,363.0,0.8024,7.8875,0.0,0.074338,6
org_wnnhj7xv,2025-07-18,networking,1.1997,109.0,0.0,21.9758,0.0,0.026195,3
org_wnnhj7xv,2025-07-19,compute,8.980799999999999,123.0,2.1992,0.393,0.0,0.025119,3
org_wnnhj7xv,2025-07-20,compute,23.5683,224.0,0.0,13.2863,0.0,0.047457,3
org_wnnhj7xv,2025-07-20,database,18.5444,355.0,0.0,16.260199999999998,0.0,0.074252,6
org_wnnhj7xv,2025-07-21,database,10.6656,214.0,2.5447,0.0,0.0,0.043309,3
org_wnnhj7xv,2025-07-22,compute,10.2374,117.0,0.6801,4.6,0.0,0.024456000000000002,3
org_wnnhj7xv,2025-07-22,database,6.0109,97.0,8.9869,23.044,0.0,0.025807,6
org_wnnhj7xv,2025-07-22,networking,1.4296,108.0,5.1481,7.6083,0.0,0.024152,3
org_wnnhj7xv,2025-07-23,database,11.840399999999999,255.0,1.3067,0.0,0.0,0.051261,3
org_wnnhj7xv,2025-07-23,networking,2.5617,258.0,0.0,9.8543,0.0,0.053571,3
org_wnnhj7xv,2025-07-24,database,13.1293,255.0,0.0,32.533500000000004,0.0,0.057506,6
org_wnnhj7xv,2025-07-24,networking,4.1577,370.0,0.0,0.0,0.0,0.074,3
org_wnnhj7xv,2025-07-25,database,1.6051,0.0,0.0,32.498000000000005,0.0,0.0064990000000000004,3
org_wnnhj7xv,2025-07-25,networking,1.7341,119.0,0.0215,14.2341,0.0,0.026651,3
org_wnnhj7xv,2025-07-26,compute,21.2449,243.0,0.0,13.3461,0.0,0.051269,3
org_wnnhj7xv,2025-07-26,networking,1.4127,126.0,0.0,5.517799999999999,0.0,0.026303,3
org_wnnhj7xv,2025-07-27,compute,29.9118,364.0,0.0,0.0,0.0,0.0728,3
org_wnnhj7xv,2025-07-27,database,19.3058,238.0,2.7994,47.427,0.0,0.057645,6
org_wnnhj7xv,2025-07-27,networking,3.7083999999999997,371.0,0.0,0.0,0.0,0.0742,3
org_wnnhj7xv,2025-07-28,database,11.1156,229.0,1.4514,0.0,0.0,0.04609,3
org_wnnhj7xv,2025-07-29,database,2.0637000000000003,0.0,5.9476,35.0613,0.0,0.008203,6
org_wnnhj7xv,2025-07-29,networking,2.5944,222.0,0.0,12.0574,0.0,0.046811,3
org_wnnhj7xv,2025-07-30,database,6.3283000000000005,121.0,0.0,20.1481,0.0,0.028229999999999998,3
org_wnnhj7xv,2025-07-31,compute,10.4759,106.0,0.0,11.8599,0.0,0.023572,3
org_wnnhj7xv,2025-07-31,database,10.4487,270.0,0.0,0.0,0.0,0.054,3
org_wnnhj7xv,2025-07-31,networking,2.4707,237.0,0.8692,0.0,0.0,0.047574000000000005,3
org_wnnhj7xv,2025-08-01,compute,21.0577,238.0,4.4279,0.0,0.0,0.048486,3
org_wnnhj7xv,2025-08-01,database,13.5246,256.0,0.0,20.3212,0.0,0.055263999999999994,3
org_wnnhj7xv,2025-08-01,networking,1.1151,119.0,0.0,11.9256,0.0,0.026185000000000003,3
org_wnnhj7xv,2025-08-02,compute,9.706800000000001,119.0,0.0,1.8801,0.0,0.024176000000000003,3
org_wnnhj7xv,2025-08-02,database,1.5375,0.0,0.0,29.526,0.0,0.005905,3
org_wnnhj7xv,2025-08-03,compute,29.075200000000002,334.0,0.0,0.0,0.0,0.0668,3
org_wnnhj7xv,2025-08-03,database,20.0558,374.0,1.9789,14.6743,0.0,0.078131,6
org_wnnhj7xv,2025-08-03,networking,3.7954,379.0,0.0,0.0,0.0,0.0758,3
org_wnnhj7xv,2025-08-04,compute,2.5624,0.0,5.862500000000001,26.0396,0.0,0.006381,3
org_wnnhj7xv,2025-08-04,networking,1.2194,117.0,1.894,16.7212,0.0,0.027123,3
org_wnnhj7xv,2025-08-05,compute,10.3132,121.0,0.0,9.0269,0.0,0.026005,3
org_wnnhj7xv,2025-08-06,compute,10.5147,116.0,1.0804,5.1764,0.0,0.024451,3
org_wnnhj7xv,2025-08-06,database,14.3842,247.0,0.0,0.0,0.0,0.0494,3
org_wnnhj7xv,2025-08-07,networking,3.6421,335.0,0.0,0.0,0.0,0.067,3
org_wnnhj7xv,2025-08-08,database,12.9723,247.0,0.0,7.0125,0.0,0.050803,3
org_wnnhj7xv,2025-08-09,networking,2.6758,252.0,5.0944,0.0,0.0,0.051419,3
org_wnnhj7xv,2025-08-10,compute,23.8307,250.0,0.0,0.0,0.0,0.05,3
org_wnnhj7xv,2025-08-10,database,0.7622,0.0,4.7066,9.4396,0.0,0.002829000000000001,6
org_wnnhj7xv,2025-08-10,networking,2.1352,225.0,0.0,0.0,0.0,0.045,3
org_wnnhj7xv,2025-08-11,compute,18.8848,232.0,1.994,0.0,0.0,0.046799,3
org_wnnhj7xv,2025-08-11,database,0.874,0.0,0.0,17.7693,0.0,0.003554,3
org_wnnhj7xv,2025-08-11,networking,2.7077999999999998,240.0,3.5992,0.0,0.0,0.04872,3
org_wnnhj7xv,2025-08-12,networking,1.1172,108.0,2.9691,3.5944,0.0,0.022913000000000003,3
org_wnnhj7xv,2025-08-13,compute,8.1776,107.0,4.444,0.0,0.0,0.022288,3
org_wnnhj7xv,2025-08-13,database,17.3414,342.0,1.8031,2.2202,0.0,0.069205,6
org_wnnhj7xv,2025-08-13,networking,1.3200999999999998,120.0,0.0892,6.0303,0.0,0.025224,3
org_wnnhj7xv,2025-08-14,database,27.466199999999997,592.0,0.0,0.6641,0.0,0.118533,6
org_wnnhj7xv,2025-08-14,networking,1.037,120.0,1.853,10.6303,0.0,0.026497,3
org_wnnhj7xv,2025-08-15,compute,19.0419,234.0,0.0,17.2639,0.0,0.050253000000000006,3
org_wnnhj7xv,2025-08-15,database,18.9651,364.0,0.0,20.0779,0.0,0.076815,6
org_wnnhj7xv,2025-08-15,networking,2.2178,224.0,0.0,23.3751,0.0,0.049475,3
org_wnnhj7xv,2025-08-16,database,17.999999999999996,360.0,2.9893,53.4757,0.0,0.083294,6
org_wnnhj7xv,2025-08-17,compute,19.8151,228.0,0.0,16.9084,0.0,0.048982,3
org_wnnhj7xv,2025-08-17,database,14.499600000000001,322.0,0.0,0.0,0.0,0.0644,3
org_wnnhj7xv,2025-08-17,networking,1.4075,129.0,2.3339,18.4134,0.0,0.029949999999999997,3
org_wnnhj7xv,2025-08-18,compute,11.3461,129.0,1.2006,0.0,0.0,0.02604,3
org_wnnhj7xv,2025-08-18,database,8.1306,124.0,0.755,46.7021,0.0,0.034292,6
org_wnnhj7xv,2025-08-18,networking,2.3376,228.0,0.1944,0.0,0.0,0.045639,3
org_wnnhj7xv,2025-08-19,compute,19.5734,253.0,0.0,9.48,0.0,0.052496,3
org_wnnhj7xv,2025-08-19,database,6.7356,110.0,1.8418,3.3503,0.0,0.023038,3
org_wnnhj7xv,2025-08-20,compute,12.76,122.0,3.6482,11.9316,0.0,0.027516000000000002,3
org_wnnhj7xv,2025-08-20,database,12.785,234.0,0.0,11.0768,0.0,0.049015,3
org_wnnhj7xv,2025-08-20,networking,1.9344000000000001,239.0,0.0,1.3986,0.0,0.04808,3
org_wnnhj7xv,2025-08-21,compute,14.611,220.0,0.0,0.0,0.0,0.044,3
org_wnnhj7xv,2025-08-21,database,21.1296,351.0,0.0,33.9283,0.0,0.076986,6
org_wnnhj7xv,2025-08-21,networking,1.4852,104.0,1.4454,20.2154,0.0,0.025132,3
org_wnnhj7xv,2025-08-22,database,16.973599999999998,328.0,0.0,0.0,0.0,0.0656,3
org_wnnhj7xv,2025-08-23,database,16.397399999999998,274.0,0.0,9.1432,0.0,0.056629,3
org_wnnhj7xv,2025-08-23,networking,2.7923999999999998,241.0,1.5295,0.0,0.0,0.048506,3
org_wnnhj7xv,2025-08-24,compute,19.8875,233.0,0.0,5.8864,0.0,0.047777,3
org_wnnhj7xv,2025-08-24,database,6.7401,124.0,1.1484,10.3327,0.0,0.027097,3
org_wnnhj7xv,2025-08-25,compute,10.5901,121.0,1.9473,13.4182,0.0,0.027273,3
org_wnnhj7xv,2025-08-25,database,22.569200000000002,484.0,1.9382,0.0,0.0,0.097188,6
org_wnnhj7xv,2025-08-25,networking,3.5777,214.0,0.0,0.0,0.0,0.042800000000000005,3
org_wnnhj7xv,2025-08-26,database,31.3786,533.0,0.0,31.935700000000004,0.0,0.112987,6
org_wnnhj7xv,2025-08-26,networking,1.4245,113.0,0.0,33.1065,0.0,0.029221999999999998,3
org_wnnhj7xv,2025-08-27,compute,14.3965,136.0,0.1048,9.309,0.0,0.029082999999999998,3
org_wnnhj7xv,2025-08-27,database,16.7537,359.0,0.0,0.0,0.0,0.0718,3
org_wnnhj7xv,2025-08-28,compute,22.224200000000003,253.0,0.0,16.3731,0.0,0.053875,3
org_wnnhj7xv,2025-08-28,database,5.4695,116.0,0.0,19.7565,0.0,0.027152,3
org_wnnhj7xv,2025-08-28,networking,1.2926,116.0,1.6652,9.4408,0.0,0.025421,3
org_wnnhj7xv,2025-08-29,compute,0.605,0.0,4.2058,2.4028,0.0,0.0013219999999999998,3
org_wnnhj7xv,2025-08-29,database,23.322200000000002,467.0,0.0,3.6184,0.0,0.094124,6
org_wnnhj7xv,2025-08-30,compute,10.843900000000001,122.0,1.671,0.0,0.0,0.024734000000000003,3
org_wnnhj7xv,2025-08-30,database,9.643899999999999,138.0,6.5444,14.1226,0.0,0.031734,6
org_wnnhj7xv,2025-08-30,networking,0.0279,0.0,3.2222,0.0,0.0,6.44E-4,3
org_wnnhj7xv,2025-08-31,compute,12.7505,111.0,2.3925,21.1324,0.0,0.026905000000000002,3
org_wnnhj7xv,2025-08-31,database,0.6945,0.0,0.0,19.7611,0.0,0.003952000000000001,3
org_x7eedtjv,2025-07-03,compute,12.7728,123.0,0.0,4.853,0.0,0.0,3
org_x7eedtjv,2025-07-03,genai,11.518,112.0,0.0,5.2236,0.0,0.0,3
org_x7eedtjv,2025-07-03,networking,2.2428,237.0,0.0,17.1205,0.0,0.0,3
org_x7eedtjv,2025-07-04,compute,10.6192,111.0,0.0,20.5521,0.0,0.0,3
org_x7eedtjv,2025-07-04,genai,18.5576,118.0,0.0,30.347299999999997,0.0,0.0,3
org_x7eedtjv,2025-07-04,networking,1.375,103.0,2.9847,0.0,0.0,0.0,3
org_x7eedtjv,2025-07-05,database,7.7646,125.0,0.6397,17.251,0.0,0.0,3
org_x7eedtjv,2025-07-05,genai,32.9503,265.0,0.0,17.3995,0.0,0.0,3
org_x7eedtjv,2025-07-06,database,7.536,136.0,3.7393,20.2953,0.0,0.0,3
org_x7eedtjv,2025-07-06,genai,0.8002,0.0,0.0,6.3473,0.0,0.0,3
org_x7eedtjv,2025-07-06,networking,0.1893,0.0,6.907,13.2387,0.0,0.0,3
org_x7eedtjv,2025-07-07,networking,1.5564,125.0,5.811,0.0,0.0,0.0,3
org_x7eedtjv,2025-07-08,compute,23.002899999999997,234.0,0.0,11.2664,0.0,0.0,3
org_x7eedtjv,2025-07-08,database,13.5959,252.0,0.0,6.9588,0.0,0.0,3
org_x7eedtjv,2025-07-08,networking,2.4779999999999998,232.0,1.1513,0.0,0.0,0.0,3
org_x7eedtjv,2025-07-09,compute,311.255,249.0,1.8107,0.0,0.0,0.0,3
org_x7eedtjv,2025-07-09,database,5.685499999999999,99.0,0.8697,11.5304,0.0,0.0,3
org_x7eedtjv,2025-07-10,compute,9.2858,106.0,1.6668,15.3656,0.0,0.0,3
org_x7eedtjv,2025-07-10,genai,27.1662,250.0,0.4913,0.0,0.0,0.0,3
org_x7eedtjv,2025-07-10,networking,3.3129999999999997,364.0,0.0,0.0,0.0,0.0,3
org_x7eedtjv,2025-07-11,database,19.1587,372.0,0.0,0.0,0.0,0.0,3
org_x7eedtjv,2025-07-11,genai,1.1926999999999999,0.0,2.6724,7.6038,0.0,0.0,3
org_x7eedtjv,2025-07-11,networking,0.07600000000000001,0.0,4.4265,2.5533,0.0,0.0,3
org_x7eedtjv,2025-07-12,genai,14.1853,109.0,6.918,0.0,0.0,0.0,3
org_x7eedtjv,2025-07-12,networking,0.4143,0.0,0.0,37.7298,0.0,0.0,3
org_x7eedtjv,2025-07-13,compute,18.4745,246.0,0.8205,0.0,0.0,0.0,3
org_x7eedtjv,2025-07-13,database,12.832799999999999,255.0,0.0,7.7078,0.0,0.0,3
org_x7eedtjv,2025-07-13,genai,1.4212,0.0,4.5877,7.9664,0.0,0.0,3
org_x7eedtjv,2025-07-13,networking,1.1172,125.0,1.412,0.0,0.0,0.0,3
org_x7eedtjv,2025-07-14,compute,7.9558,120.0,0.0,13.024999999999999,0.0,0.0,3
org_x7eedtjv,2025-07-14,database,1.3506,0.0,0.0,26.601,0.0,0.0,3
org_x7eedtjv,2025-07-14,networking,1.1459000000000001,97.0,1.7089,11.1579,0.0,0.0,3
org_x7eedtjv,2025-07-15,compute,11.177100000000001,113.0,0.6517,10.4193,0.0,0.0,3
org_x7eedtjv,2025-07-15,database,17.0911,373.0,0.0,0.0,0.0,0.0,3
org_x7eedtjv,2025-07-15,genai,30.910899999999998,245.0,0.0,0.0,0.0,0.0,3
org_x7eedtjv,2025-07-15,networking,4.0954,383.0,0.0,0.0,0.0,0.0,3
org_x7eedtjv,2025-07-16,compute,14.8674,229.0,0.0,1.7444,0.0,0.0,3
org_x7eedtjv,2025-07-16,genai,16.4987,128.0,0.0,19.5941,0.0,0.0,3
org_x7eedtjv,2025-07-17,genai,31.689100000000003,245.0,0.0,10.0086,0.0,0.0,3
org_x7eedtjv,2025-07-18,compute,21.7011,258.0,0.0,0.0,0.0,0.0516,3
org_x7eedtjv,2025-07-19,database,11.5288,250.0,0.0,0.0,0.0,0.05,3
org_x7eedtjv,2025-07-19,genai,18.5533,135.0,2.2464,10.5957,2745.0,0.029568,3
org_x7eedtjv,2025-07-19,networking,0.2833,0.0,2.4268,30.5233,0.0,0.006589,3
org_x7eedtjv,2025-07-20,database,0.9921,0.0,2.6488,19.363599999999998,0.0,0.004403000000000001,3
org_x7eedtjv,2025-07-20,networking,1.1180999999999999,104.0,0.0,9.7744,0.0,0.022754999999999997,3
org_x7eedtjv,2025-07-21,database,4.816599999999999,126.0,0.0,9.6522,0.0,0.02713,3
org_x7eedtjv,2025-07-21,genai,15.2288,126.0,1.375,2.4065,1525.0,0.025956,3
org_x7eedtjv,2025-07-21,networking,2.5231,265.0,0.0,15.9504,0.0,0.05619,3
org_x7eedtjv,2025-07-22,compute,25.987000000000002,333.0,0.0,0.0,0.0,0.06659999999999999,3
org_x7eedtjv,2025-07-22,database,14.026200000000001,254.0,0.0,6.3509,0.0,0.05207,3
org_x7eedtjv,2025-07-22,genai,32.6743,243.0,0.0,0.0,3128.0,0.048600000000000004,3
org_x7eedtjv,2025-07-23,compute,10.5937,136.0,3.04,4.0727,0.0,0.028623,3
org_x7eedtjv,2025-07-23,genai,45.725,336.0,0.0,0.0,1560.0,0.06720000000000001,3
org_x7eedtjv,2025-07-23,networking,2.6575,128.0,0.0,17.5648,0.0,0.029113,3
org_x7eedtjv,2025-07-24,genai,2.1685000000000003,0.0,0.6154,14.8747,2076.0,0.0030979999999999996,3
org_x7eedtjv,2025-07-25,compute,9.186,107.0,3.5966000000000005,0.0,0.0,0.022119,3
org_x7eedtjv,2025-07-25,database,21.020699999999998,388.0,0.0,0.0,0.0,0.0776,3
org_x7eedtjv,2025-07-25,networking,1.8354,123.0,0.0,9.0963,0.0,0.026419,3
org_x7eedtjv,2025-07-26,compute,12.674100000000001,121.0,0.0,31.9328,0.0,0.030586,3
org_x7eedtjv,2025-07-26,genai,39.9941,357.0,0.0,0.0,3960.0,0.07139999999999999,3
org_x7eedtjv,2025-07-27,compute,16.2818,229.0,0.0,5.9306,0.0,0.046986,3
org_x7eedtjv,2025-07-27,database,16.5608,353.0,0.0,0.0,0.0,0.0706,3
org_x7eedtjv,2025-07-28,genai,37.1413,239.0,0.0,0.0,2565.0,0.0478,3
org_x7eedtjv,2025-07-28,networking,1.3217,111.0,0.0,6.6496,0.0,0.02353,3
org_x7eedtjv,2025-07-29,database,0.1213,0.0,2.7268,0.0,0.0,5.45E-4,3
org_x7eedtjv,2025-07-30,compute,15.4415,256.0,2.1868,0.0,0.0,0.051637,3
org_x7eedtjv,2025-07-30,database,0.1864,0.0,3.7187,0.0,0.0,7.440000000000001E-4,3
org_x7eedtjv,2025-07-30,genai,33.0214,257.0,2.772,0.0,2098.0,0.051954,3
org_x7eedtjv,2025-07-31,compute,0.9407000000000001,0.0,1.9068,10.3655,0.0,0.002454,3
org_x7eedtjv,2025-07-31,genai,13.396799999999999,119.0,3.7441,0.0,2661.0,0.024549,3
org_x7eedtjv,2025-08-02,compute,17.411,232.0,1.5549,0.0,0.0,0.046710999999999996,3
org_x7eedtjv,2025-08-03,compute,21.008799999999997,230.0,2.2761,0.0,0.0,0.046454999999999996,3
org_x7eedtjv,2025-08-03,database,11.8505,259.0,4.6009,0.0,0.0,0.052719999999999996,3
org_x7eedtjv,2025-08-03,genai,31.1403,250.0,0.0,10.6509,1924.0,0.052129999999999996,3
org_x7eedtjv,2025-08-04,compute,1.2797,0.0,2.0225,12.484300000000001,0.0,0.002902,3
org_x7eedtjv,2025-08-04,database,6.851999999999999,122.0,5.9996,0.0,0.0,0.025599,3
org_x7eedtjv,2025-08-04,genai,23.2394,250.0,0.0,0.0,912.0,0.05,3
org_x7eedtjv,2025-08-04,networking,1.2497,118.0,0.0,0.4611,0.0,0.023691999999999998,3
org_x7eedtjv,2025-08-05,compute,11.5358,117.0,0.0,20.6632,0.0,0.027532,3
org_x7eedtjv,2025-08-05,database,8.5906,118.0,0.0,39.1014,0.0,0.031420000000000003,3
org_x7eedtjv,2025-08-05,genai,15.9075,128.0,0.4487,9.887,1775.0,0.027667,3
org_x7eedtjv,2025-08-05,networking,1.0663,105.0,3.9542,0.0,0.0,0.021791,3
org_x7eedtjv,2025-08-06,compute,18.0871,223.0,0.0,11.5182,0.0,0.046904,3
org_x7eedtjv,2025-08-06,genai,7.4741,0.0,3.5098,50.0172,2990.0,0.010705,3
org_x7eedtjv,2025-08-07,compute,16.220599999999997,212.0,0.0,3.218,0.0,0.043044,3
org_x7eedtjv,2025-08-07,database,0.3226,0.0,6.1475,0.0,0.0,0.001229,3
org_x7eedtjv,2025-08-07,networking,1.1945,127.0,4.031,0.0,0.0,0.026206,3
org_x7eedtjv,2025-08-08,compute,12.928799999999999,121.0,2.6063,12.4529,0.0,0.027212,3
org_x7eedtjv,2025-08-08,networking,1.1638,123.0,2.5047,2.0672,0.0,0.025514000000000002,3
org_x7eedtjv,2025-08-09,compute,10.599,113.0,0.0,9.5988,0.0,0.02452,3
org_x7eedtjv,2025-08-09,genai,41.2048,365.0,0.0,0.0,1941.0,0.073,3
org_x7eedtjv,2025-08-10,compute,26.537200000000002,360.0,0.0,0.0,0.0,0.07200000000000001,3
org_x7eedtjv,2025-08-10,database,13.6745,255.0,1.9727,0.0,0.0,0.051394999999999996,3
org_x7eedtjv,2025-08-11,compute,7.288099999999999,136.0,0.9194,0.0,0.0,0.027384,3
org_x7eedtjv,2025-08-11,database,20.1494,353.0,0.0,0.0,0.0,0.0706,3
org_x7eedtjv,2025-08-11,genai,25.203500000000002,222.0,0.0,18.5403,1752.0,0.048108,3
org_x7eedtjv,2025-08-11,networking,1.6926999999999999,126.0,2.1587,11.5662,0.0,0.027945,3
org_x7eedtjv,2025-08-12,compute,10.5412,121.0,0.0,20.9739,0.0,0.028394,3
org_x7eedtjv,2025-08-12,genai,40.9048,237.0,0.0,0.0,1639.0,0.0474,3
org_x7eedtjv,2025-08-13,compute,26.903299999999998,367.0,0.0,0.0,0.0,0.0734,3
org_x7eedtjv,2025-08-13,database,1.98,0.0,3.8226,32.861999999999995,0.0,0.007337,3
org_x7eedtjv,2025-08-13,genai,26.9711,252.0,0.0,4.4549,2998.0,0.051291,3
org_x7eedtjv,2025-08-14,compute,23.1858,257.0,0.0,11.5095,0.0,0.053702,3
org_x7eedtjv,2025-08-14,database,0.7938000000000001,0.0,2.7633,18.6085,0.0,0.004275,3
org_x7eedtjv,2025-08-14,genai,34.1302,233.0,0.0,19.3442,1883.0,0.050469,3
org_x7eedtjv,2025-08-14,networking,2.3808000000000002,242.0,3.0822,0.0,0.0,0.049016,3
org_x7eedtjv,2025-08-15,compute,10.7539,133.0,2.5822,0.0,0.0,0.027117,3
org_x7eedtjv,2025-08-15,database,16.6788,337.0,0.0,0.0,0.0,0.0674,3
org_x7eedtjv,2025-08-15,networking,1.2186,120.0,0.0,16.5582,0.0,0.027311000000000002,3
org_x7eedtjv,2025-08-16,compute,1.5783,0.0,0.0,23.2443,0.0,0.004649,3
org_x7eedtjv,2025-08-16,database,12.5367,243.0,0.0,9.0835,0.0,0.050417000000000003,3
org_x7eedtjv,2025-08-17,networking,2.6829,245.0,0.0,0.0,0.0,0.049,3
org_x7eedtjv,2025-08-19,compute,10.693900000000001,123.0,1.6261,29.4587,0.0,0.030816999999999997,3
org_x7eedtjv,2025-08-19,database,11.6623,240.0,0.0,0.0,0.0,0.048,3
org_x7eedtjv,2025-08-19,genai,18.552899999999998,126.0,2.8329,0.0,1513.0,0.025765999999999997,3
org_x7eedtjv,2025-08-19,networking,0.9603,108.0,5.1159,0.0,0.0,0.022623000000000004,3
org_x7eedtjv,2025-08-20,compute,22.6679,254.0,0.0,0.0,0.0,0.0508,3
org_x7eedtjv,2025-08-20,genai,18.9706,130.0,4.1335,9.0616,1831.0,0.028639,3
org_x7eedtjv,2025-08-21,database,12.378,231.0,0.0,4.0967,0.0,0.047019,3
org_x7eedtjv,2025-08-21,genai,25.058,216.0,0.0,0.0,2421.0,0.0432,3
org_x7eedtjv,2025-08-22,compute,2.0074,0.0,2.222,19.7555,0.0,0.004395,3
org_x7eedtjv,2025-08-22,database,13.7167,228.0,0.0,11.5964,0.0,0.047919,3
org_x7eedtjv,2025-08-22,genai,15.4731,114.0,1.5229,15.2447,2699.0,0.026154,3
org_x7eedtjv,2025-08-23,compute,211.24810000000002,107.0,0.6052,6.3382,0.0,0.022789,3
org_x7eedtjv,2025-08-23,database,7.837999999999999,126.0,0.0,17.8563,0.0,0.028770999999999998,3
org_x7eedtjv,2025-08-23,networking,1.6542,124.0,1.7265,21.9945,0.0,0.029544,3
org_x7eedtjv,2025-08-24,compute,17.633200000000002,235.0,2.5763,0.0,0.0,0.047515,3
org_x7eedtjv,2025-08-24,genai,30.919199999999996,248.0,0.0,0.0073,2383.0,0.049601000000000006,3
org_x7eedtjv,2025-08-24,networking,1.4998,146.0,1.9526,12.6874,0.0,0.032128000000000004,3
org_x7eedtjv,2025-08-25,compute,16.994,251.0,2.4115,0.0,0.0,0.050682000000000005,3
org_x7eedtjv,2025-08-25,database,13.288,266.0,0.0,11.0233,0.0,0.055404999999999996,3
org_x7eedtjv,2025-08-26,database,0.397,0.0,2.4773,4.5206,0.0,0.001399,3
org_x7eedtjv,2025-08-26,networking,1.2625000000000002,123.0,0.0,27.5259,0.0,0.030105,3
org_x7eedtjv,2025-08-27,genai,16.540300000000002,119.0,0.0,19.8238,2127.0,0.027765,3
org_x7eedtjv,2025-08-28,compute,12.1607,103.0,0.8978,11.256,0.0,0.023031,3
org_x7eedtjv,2025-08-28,genai,17.7925,129.0,4.1017,20.8676,2148.0,0.030794000000000002,3
org_x7eedtjv,2025-08-28,networking,0.0834,0.0,7.269299999999999,0.0,0.0,0.001454,3
org_x7eedtjv,2025-08-29,database,1.667,0.0,2.5126,28.325400000000002,0.0,0.006168,3
org_x7eedtjv,2025-08-29,genai,29.443600000000004,249.0,1.4276,0.0,2883.0,0.050086000000000006,3
org_x7eedtjv,2025-08-30,compute,22.4891,105.0,0.0,11.2347,0.0,0.023247,3
org_x7eedtjv,2025-08-30,database,1.5668,0.0,0.2999,27.0072,0.0,0.005462,3
org_x7eedtjv,2025-08-30,genai,12.1143,102.0,6.7501999999999995,0.0,2566.0,0.021750000000000002,3
org_x7eedtjv,2025-08-31,database,16.976399999999998,360.0,0.0,0.0,0.0,0.07200000000000001,3
org_xaji0y6d,2025-07-03,compute,20.890900000000002,215.0,0.0,9.5908,0.0,0.0,3
org_xaji0y6d,2025-07-03,genai,29.7016,242.0,0.0,3.3683,0.0,0.0,3
org_xaji0y6d,2025-07-04,genai,14.6501,117.0,3.6425,0.0,0.0,0.0,3
org_xaji0y6d,2025-07-05,genai,3.184,0.0,0.0,27.3936,0.0,0.0,3
org_xaji0y6d,2025-07-07,compute,7.7862,110.0,2.1511,0.0,0.0,0.0,3
org_xaji0y6d,2025-07-07,genai,14.1354,111.0,1.2851,11.147,0.0,0.0,3
org_xaji0y6d,2025-07-08,compute,9.8305,125.0,0.067,20.075,0.0,0.0,3
org_xaji0y6d,2025-07-09,compute,12.2363,126.0,1.5574,7.0174,0.0,0.0,3
org_xaji0y6d,2025-07-09,genai,0.9063,0.0,3.4876,4.7446,0.0,0.0,3
org_xaji0y6d,2025-07-10,compute,14.1961,0.0,0.0,29.0512,0.0,0.0,3
org_xaji0y6d,2025-07-11,genai,46.894800000000004,350.0,0.0,0.0,0.0,0.0,3
org_xaji0y6d,2025-07-12,genai,4.4289000000000005,0.0,0.0,40.7378,0.0,0.0,3
org_xaji0y6d,2025-07-13,compute,3.8773999999999997,0.0,0.0,46.3993,0.0,0.0,3
org_xaji0y6d,2025-07-14,compute,10.174900000000001,125.0,1.9525,0.0,0.0,0.0,2
org_xaji0y6d,2025-07-15,compute,26.1913,353.0,0.0,0.0,0.0,0.0,3
org_xaji0y6d,2025-07-16,genai,26.0347,256.0,0.5323,0.0,0.0,0.0,3
org_xaji0y6d,2025-07-17,genai,1.1846999999999999,0.0,1.8925,8.016200000000001,0.0,0.0,3
org_xaji0y6d,2025-07-18,compute,13.3519,139.0,3.2382999999999997,0.0,0.0,0.028447999999999998,3
org_xaji0y6d,2025-07-18,genai,0.8644,0.0,1.9278,4.7298,900.0,0.001332,3
org_xaji0y6d,2025-07-19,compute,17.1868,110.0,0.0,2.3954,0.0,0.022479,3
org_xaji0y6d,2025-07-19,genai,17.4565,134.0,0.9278,8.9507,1731.0,0.028776,3
org_xaji0y6d,2025-07-20,compute,10.8362,134.0,2.316,5.0071,0.0,0.028264,3
org_xaji0y6d,2025-07-21,compute,12.7609,136.0,0.0,11.7894,0.0,0.029557999999999997,3
org_xaji0y6d,2025-07-21,genai,11.1716,0.0,4.2794,0.0,2745.0,8.56E-4,3
org_xaji0y6d,2025-07-22,compute,0.4565,0.0,4.0609,1.6755,0.0,0.001147,3
org_xaji0y6d,2025-07-22,genai,34.855199999999996,255.0,0.0,13.1382,2696.0,0.053627999999999995,3
org_xaji0y6d,2025-07-23,genai,44.6731,359.0,0.0,0.0,1447.0,0.0718,3
org_xaji0y6d,2025-07-24,genai,25.9339,230.0,0.0,15.1712,2775.0,0.049034,3
org_xaji0y6d,2025-07-25,compute,30.712400000000002,365.0,0.0,0.0,0.0,0.07300000000000001,3
org_xaji0y6d,2025-07-25,genai,20.6407,134.0,4.0835,4.6567,1574.0,0.028548,3
org_xaji0y6d,2025-07-26,compute,14.447000000000001,121.0,0.0,10.9991,0.0,0.0264,3
org_xaji0y6d,2025-07-26,genai,16.1674,131.0,0.0,44.531,2430.0,0.035106,3
org_xaji0y6d,2025-07-27,compute,7.4536,121.0,0.9166,13.8677,0.0,0.027156999999999997,3
org_xaji0y6d,2025-07-28,genai,2.9814999999999996,0.0,4.9002,21.8486,2246.0,0.00535,3
org_xaji0y6d,2025-07-29,genai,28.075,230.0,0.0,12.8834,2661.0,0.048577,3
org_xaji0y6d,2025-07-30,genai,39.4322,340.0,0.0,0.0,3965.0,0.068,3
org_xaji0y6d,2025-07-31,compute,7.4898,112.0,3.0577,0.0,0.0,0.023011,3
org_xaji0y6d,2025-07-31,genai,14.6472,116.0,0.9042,13.7996,2781.0,0.026140999999999998,3
org_xaji0y6d,2025-08-01,compute,18.4795,220.0,0.0,4.6413,0.0,0.044927999999999996,3
org_xaji0y6d,2025-08-02,compute,10.202300000000001,113.0,0.0,11.248899999999999,0.0,0.024849999999999997,3
org_xaji0y6d,2025-08-02,genai,53.779700000000005,394.0,0.0,0.0,2728.0,0.0788,3
org_xaji0y6d,2025-08-03,compute,27.988600000000005,375.0,0.0,0.0,0.0,0.075,3
org_xaji0y6d,2025-08-03,genai,32.8271,234.0,1.9407,0.0,4263.0,0.047187999999999994,3
org_xaji0y6d,2025-08-04,genai,13.885000000000002,125.0,4.7593,0.0,1814.0,0.025952,3
org_xaji0y6d,2025-08-05,compute,4.7325,0.0,0.0,57.7393,0.0,0.011548,3
org_xaji0y6d,2025-08-06,compute,17.9989,234.0,1.1295,0.0,0.0,0.047026,3
org_xaji0y6d,2025-08-06,genai,13.384,127.0,2.1248,0.0,2550.0,0.025824999999999997,3
org_xaji0y6d,2025-08-08,compute,8.5235,115.0,0.1819,3.3176,0.0,0.023700000000000002,3
org_xaji0y6d,2025-08-10,compute,13.239999999999998,116.0,0.0,31.446399999999997,0.0,0.029488999999999998,3
org_xaji0y6d,2025-08-10,genai,4.8331,0.0,0.0,39.5776,2698.0,0.007916,3
org_xaji0y6d,2025-08-11,genai,25.984,246.0,0.0,0.0,3055.0,0.049199999999999994,3
org_xaji0y6d,2025-08-12,genai,13.453199999999999,94.0,4.7428,0.0,1364.0,0.019749,3
org_xaji0y6d,2025-08-13,genai,16.967500000000005,136.0,3.5569,0.0,1788.0,0.027911,3
org_xaji0y6d,2025-08-15,compute,31.209199999999996,365.0,0.0,0.0,0.0,0.073,3
org_xaji0y6d,2025-08-15,genai,19.000799999999998,116.0,2.6159,13.6121,2500.0,0.026445,3
org_xaji0y6d,2025-08-16,compute,28.3913,357.0,0.0,0.0,0.0,0.07139999999999999,3
org_xaji0y6d,2025-08-16,genai,16.5669,135.0,0.0,36.313,2102.0,0.034263,3
org_xaji0y6d,2025-08-17,compute,10.6575,127.0,5.456099999999999,0.0,0.0,0.026491999999999998,3
org_xaji0y6d,2025-08-18,compute,24.1891,234.0,0.0,10.214,0.0,0.048843,3
org_xaji0y6d,2025-08-19,compute,9.2899,126.0,0.0,0.0,0.0,0.0252,3
org_xaji0y6d,2025-08-21,genai,29.8783,242.0,2.7169,0.0,1524.0,0.048943,3
org_xaji0y6d,2025-08-22,genai,36.1138,224.0,0.4859,0.0,3327.0,0.044897,3
org_xaji0y6d,2025-08-24,genai,13.9377,117.0,4.6628,0.0,2813.0,0.024332000000000003,3
org_xaji0y6d,2025-08-25,genai,19.957500000000003,134.0,0.0,10.3023,1486.0,0.02886,3
org_xaji0y6d,2025-08-27,compute,12.4657,138.0,1.0089,23.2334,0.0,0.032449,3
org_xaji0y6d,2025-08-27,genai,18.4142,133.0,6.604699999999999,0.0,2384.0,0.027920999999999998,3
org_xaji0y6d,2025-08-28,genai,15.1136,126.0,1.553,1.7664,1777.0,0.025863999999999998,3
org_xaji0y6d,2025-08-29,compute,26.7557,254.0,0.0,13.213,0.0,0.053443,3
org_xaji0y6d,2025-08-30,genai,48.396699999999996,367.0,0.0,0.0,2071.0,0.07339999999999999,3
org_xaji0y6d,2025-08-31,compute,10.378,115.0,4.9034,9.1821,0.0,0.025817,3
org_xll4zklo,2025-07-03,compute,9.941200000000002,119.0,0.0,18.1041,0.0,0.0,3
org_xll4zklo,2025-07-04,analytics,8.2683,122.0,2.0220000000000002,0.0,0.0,0.0,3
org_xll4zklo,2025-07-04,compute,14.6132,227.0,0.0,11.4461,0.0,0.0,3
org_xll4zklo,2025-07-04,database,1.4328,0.0,0.0,24.8716,0.0,0.0,3
org_xll4zklo,2025-07-05,analytics,16.9309,225.0,2.7054,0.0,0.0,0.0,3
org_xll4zklo,2025-07-05,compute,9.6635,132.0,6.0354,0.0,0.0,0.0,3
org_xll4zklo,2025-07-05,database,10.2455,233.0,0.0,0.0,0.0,0.0,3
org_xll4zklo,2025-07-05,networking,3.6258,333.0,0.0,0.0,0.0,0.0,3
org_xll4zklo,2025-07-06,analytics,16.4584,222.0,3.4365,0.0,0.0,0.0,3
org_xll4zklo,2025-07-06,compute,1.3471,0.0,4.9801,13.4349,0.0,0.0,3
org_xll4zklo,2025-07-06,database,0.5118,0.0,0.0,10.5818,0.0,0.0,3
org_xll4zklo,2025-07-06,networking,1.5827,119.0,0.0,34.6922,0.0,0.0,3
org_xll4zklo,2025-07-07,networking,2.8602,241.0,0.0,17.1866,0.0,0.0,3
org_xll4zklo,2025-07-08,analytics,17.799599999999998,248.0,0.0,16.2305,0.0,0.0,3
org_xll4zklo,2025-07-08,compute,9.7843,117.0,0.0,20.0453,0.0,0.0,3
org_xll4zklo,2025-07-08,networking,0.1554,0.0,3.9922000000000004,12.381,0.0,0.0,3
org_xll4zklo,2025-07-09,analytics,8.0989,122.0,1.4407,0.0,0.0,0.0,3
org_xll4zklo,2025-07-09,compute,1.6903,0.0,3.0687,20.1584,0.0,0.0,3
org_xll4zklo,2025-07-09,database,8.9892,116.0,0.361,17.8947,0.0,0.0,3
org_xll4zklo,2025-07-09,networking,1.4475,124.0,1.4327,12.6529,0.0,0.0,3
org_xll4zklo,2025-07-10,analytics,12.518,141.0,0.0,28.457299999999996,0.0,0.0,3
org_xll4zklo,2025-07-10,database,0.2219,0.0,3.5553,0.0,0.0,0.0,3
org_xll4zklo,2025-07-11,analytics,17.1141,231.0,0.3788,0.0,0.0,0.0,3
org_xll4zklo,2025-07-11,compute,20.607499999999998,241.0,2.9273,0.0,0.0,0.0,3
org_xll4zklo,2025-07-11,networking,1.0754000000000001,117.0,2.9498,0.0,0.0,0.0,3
org_xll4zklo,2025-07-12,analytics,1.9839,0.0,2.4488,21.6886,0.0,0.0,3
org_xll4zklo,2025-07-12,database,5.4032,0.0,3.8864,18.625,0.0,0.0,3
org_xll4zklo,2025-07-12,networking,1.1626999999999998,125.0,6.5582,0.0,0.0,0.0,3
org_xll4zklo,2025-07-14,compute,18.275399999999998,232.0,0.0,4.9308,0.0,0.0,3
org_xll4zklo,2025-07-14,networking,1.2641,112.0,0.0,13.1469,0.0,0.0,3
org_xll4zklo,2025-07-15,compute,18.6817,245.0,2.6152,0.0,0.0,0.0,3
org_xll4zklo,2025-07-15,database,7.2496,120.0,0.1731,0.0,0.0,0.0,3
org_xll4zklo,2025-07-15,networking,2.8224,239.0,2.0098,0.0,0.0,0.0,3
org_xll4zklo,2025-07-16,database,0.4923,0.0,5.0921,8.0258,0.0,0.0,3
org_xll4zklo,2025-07-17,analytics,9.643799999999999,128.0,2.4939,7.0499,0.0,0.0,3
org_xll4zklo,2025-07-17,database,3.9297,120.0,2.2382,0.0,0.0,0.0,3
org_xll4zklo,2025-07-18,analytics,11.4016,130.0,1.8737,0.0,0.0,0.026375,3
org_xll4zklo,2025-07-18,compute,9.354800000000001,102.0,2.7103,4.2957,0.0,0.021801,3
org_xll4zklo,2025-07-18,database,12.2671,230.0,0.0,7.9076,0.0,0.047582,3
org_xll4zklo,2025-07-18,networking,1.1259,108.0,3.8962,0.0,0.0,0.022379,3
org_xll4zklo,2025-07-19,analytics,24.415000000000003,386.0,0.0,0.0,0.0,0.07719999999999999,3
org_xll4zklo,2025-07-19,compute,0.9823000000000001,0.0,0.2768,13.8845,0.0,0.002832,3
org_xll4zklo,2025-07-19,database,12.2727,238.0,0.0,12.2606,0.0,0.050052,3
org_xll4zklo,2025-07-19,networking,1.5592,125.0,0.0,16.342200000000002,0.0,0.028268,3
org_xll4zklo,2025-07-20,analytics,28.7746,368.0,0.0,0.0,0.0,0.0736,3
org_xll4zklo,2025-07-20,compute,19.852400000000003,252.0,0.0,9.6976,0.0,0.05234,3
org_xll4zklo,2025-07-20,database,10.9776,204.0,0.0,0.0,0.0,0.0408,3
org_xll4zklo,2025-07-21,compute,19.7311,237.0,0.0,13.7368,0.0,0.050147,3
org_xll4zklo,2025-07-21,networking,2.1744000000000003,220.0,2.1128,0.0,0.0,0.044423000000000004,3
org_xll4zklo,2025-07-22,analytics,14.8093,240.0,0.0,0.0,0.0,0.048,3
org_xll4zklo,2025-07-22,compute,10.3343,99.0,1.379,26.6943,0.0,0.025415,3
org_xll4zklo,2025-07-24,database,6.7588,134.0,0.0,12.6009,0.0,0.029320000000000002,3
org_xll4zklo,2025-07-24,networking,1.2795999999999998,119.0,2.297,12.6595,0.0,0.026791000000000002,3
org_xll4zklo,2025-07-25,analytics,26.602800000000002,347.0,0.0,0.0,0.0,0.0694,3
org_xll4zklo,2025-07-25,database,10.5809,217.0,0.0,12.0813,0.0,0.045816,3
org_xll4zklo,2025-07-25,networking,0.2701,0.0,2.9333,23.567,0.0,0.0053,3
org_xll4zklo,2025-07-26,database,1.6907,0.0,0.5589,29.3772,0.0,0.005988,3
org_xll4zklo,2025-07-27,analytics,20.5675,242.0,0.0,6.7594,0.0,0.049752,3
org_xll4zklo,2025-07-28,analytics,20.3495,270.0,0.0,7.0113,0.0,0.055402,3
org_xll4zklo,2025-07-28,compute,31.587400000000002,363.0,0.0,0.0,0.0,0.0726,3
org_xll4zklo,2025-07-29,networking,2.1164,101.0,0.0,1.2266,0.0,0.020444999999999998,3
org_xll4zklo,2025-07-30,analytics,18.3148,249.0,0.0,14.1421,0.0,0.052628,3
org_xll4zklo,2025-07-30,networking,2.6986,239.0,0.4811,0.0,0.0,0.047896,3
org_xll4zklo,2025-07-31,networking,2.6188000000000002,228.0,0.0,4.432,0.0,0.046486,3
org_xll4zklo,2025-08-01,analytics,13.4157,0.0,0.0,22.3491,0.0,0.00447,3
org_xll4zklo,2025-08-01,compute,14.3059,139.0,2.2272,0.0,0.0,0.028245,3
org_xll4zklo,2025-08-01,database,7.2715000000000005,123.0,0.0,28.0566,0.0,0.030212000000000003,3
org_xll4zklo,2025-08-02,analytics,8.5826,127.0,0.9319,12.7253,0.0,0.028130999999999996,3
org_xll4zklo,2025-08-02,compute,0.9631000000000001,0.0,3.3128,9.8644,0.0,0.002636,3
org_xll4zklo,2025-08-02,database,12.424199999999999,246.0,4.5797,0.0,0.0,0.050116,3
org_xll4zklo,2025-08-02,networking,2.8606,262.0,0.0,17.4205,0.0,0.055884,3
org_xll4zklo,2025-08-03,analytics,9.2485,117.0,2.8277,0.0,0.0,0.023966,3
org_xll4zklo,2025-08-03,compute,9.1221,131.0,0.2373,0.0,0.0,0.026247,3
org_xll4zklo,2025-08-05,analytics,14.569099999999999,268.0,0.0,0.0,0.0,0.0536,3
org_xll4zklo,2025-08-07,analytics,17.853299999999997,246.0,0.0,12.7257,0.0,0.051745,3
org_xll4zklo,2025-08-07,database,1.6863,0.0,4.8573,27.334,0.0,0.006439,3
org_xll4zklo,2025-08-08,analytics,19.7945,349.0,0.0,0.0,0.0,0.0698,3
org_xll4zklo,2025-08-08,database,13.5247,251.0,0.0,0.0,0.0,0.0502,3
org_xll4zklo,2025-08-08,networking,1.0534,119.0,1.0947,9.6424,0.0,0.025947,3
org_xll4zklo,2025-08-09,analytics,8.6308,120.0,1.4906,3.3118,0.0,0.02496,3
org_xll4zklo,2025-08-09,compute,18.2672,240.0,0.0,0.0,0.0,0.048,3
org_xll4zklo,2025-08-09,networking,2.3761,231.0,0.0,0.0,0.0,0.0462,3
org_xll4zklo,2025-08-10,analytics,10.1839,127.0,0.8056,28.2484,0.0,0.031211,3
org_xll4zklo,2025-08-10,database,7.6962,116.0,1.5451,2.8627,0.0,0.024082,3
org_xll4zklo,2025-08-10,networking,1.4294,128.0,2.2143,0.1642,0.0,0.026076,3
org_xll4zklo,2025-08-11,networking,2.6353,231.0,1.7176,0.0,0.0,0.046544,3
org_xll4zklo,2025-08-12,compute,10.1407,115.0,2.0138,11.0429,0.0,0.025612,3
org_xll4zklo,2025-08-12,database,13.3236,247.0,1.6346,0.0,0.0,0.049727,3
org_xll4zklo,2025-08-12,networking,3.0591,260.0,0.0,22.0998,0.0,0.05642,3
org_xll4zklo,2025-08-13,compute,24.0868,248.0,0.0,19.5345,0.0,0.053507000000000006,3
org_xll4zklo,2025-08-13,database,11.8598,225.0,1.4811,0.0,0.0,0.045296,3
org_xll4zklo,2025-08-13,networking,0.15189999999999998,0.0,3.8585,20.1737,0.0,0.0048070000000000005,3
org_xll4zklo,2025-08-14,analytics,0.6038,0.0,4.4348,0.0,0.0,8.87E-4,3
org_xll4zklo,2025-08-14,compute,10.292100000000001,124.0,5.0114,0.0,0.0,0.025802,3
org_xll4zklo,2025-08-14,database,9.4164,139.0,0.0,34.6326,0.0,0.034727,3
org_xll4zklo,2025-08-15,compute,1.6087000000000002,0.0,1.4759,19.3001,0.0,0.004155,3
org_xll4zklo,2025-08-15,database,7.7707999999999995,117.0,3.527,14.3213,0.0,0.026969,3
org_xll4zklo,2025-08-15,networking,0.2973,0.0,2.0054,28.788800000000002,0.0,0.0061589999999999995,3
org_xll4zklo,2025-08-16,analytics,16.243699999999997,220.0,1.7577,0.0,0.0,0.044352,3
org_xll4zklo,2025-08-16,compute,32.9411,356.0,0.0,0.0,0.0,0.0712,3
org_xll4zklo,2025-08-16,database,18.3236,344.0,0.0,0.0,0.0,0.0688,3
org_xll4zklo,2025-08-16,networking,4.0102,368.0,0.0,0.0,0.0,0.0736,3
org_xll4zklo,2025-08-17,analytics,8.2972,103.0,1.585,11.4907,0.0,0.023215,3
org_xll4zklo,2025-08-17,compute,27.3581,354.0,0.0,0.0,0.0,0.0708,3
org_xll4zklo,2025-08-18,analytics,19.9562,240.0,3.0942,0.0,0.0,0.048619,3
org_xll4zklo,2025-08-18,compute,11.9017,139.0,0.8939,10.7332,0.0,0.030126,3
org_xll4zklo,2025-08-18,database,0.6629,0.0,0.0,12.0337,0.0,0.002407,3
org_xll4zklo,2025-08-18,networking,1.2722,105.0,3.233,17.2094,0.0,0.025089,3
org_xll4zklo,2025-08-19,analytics,6.7492,102.0,1.3222,11.9089,0.0,0.023046,3
org_xll4zklo,2025-08-19,compute,1.6817000000000002,0.0,0.0,20.5443,0.0,0.004109,3
org_xll4zklo,2025-08-19,database,9.9744,246.0,0.7174,0.0,0.0,0.049343,3
org_xll4zklo,2025-08-20,analytics,14.331,216.0,0.0,0.0,0.0,0.0432,3
org_xll4zklo,2025-08-20,database,7.3599000000000006,129.0,2.5420000000000003,0.0,0.0,0.026307999999999998,3
org_xll4zklo,2025-08-21,compute,19.5459,248.0,1.2554,0.0,0.0,0.049851000000000006,3
org_xll4zklo,2025-08-22,analytics,9.5211,133.0,2.518,0.0,0.0,0.027104,3
org_xll4zklo,2025-08-22,database,9.0836,144.0,0.0,14.2674,0.0,0.031653,3
org_xll4zklo,2025-08-23,analytics,8.8949,109.0,0.0,27.5426,0.0,0.027308,3
org_xll4zklo,2025-08-23,compute,18.7225,236.0,0.0,10.6355,0.0,0.049327,3
org_xll4zklo,2025-08-23,database,13.0947,228.0,0.0,16.874,0.0,0.048975000000000005,3
org_xll4zklo,2025-08-23,networking,2.8193,259.0,0.0,14.2605,0.0,0.054652,3
org_xll4zklo,2025-08-24,compute,11.380700000000001,131.0,0.1633,14.7931,0.0,0.029192,3
org_xll4zklo,2025-08-24,networking,2.2885999999999997,244.0,4.0459,0.0,0.0,0.049609,3
org_xll4zklo,2025-08-25,analytics,10.729399999999998,121.0,0.0,32.1533,0.0,0.030629999999999998,3
org_xll4zklo,2025-08-25,compute,7.9927,113.0,2.9376,0.0,0.0,0.023188,3
org_xll4zklo,2025-08-25,database,4.8545,104.0,0.0,17.6149,0.0,0.024322999999999997,3
org_xll4zklo,2025-08-26,analytics,10.811,121.0,2.2227,8.0661,0.0,0.026258,3
org_xll4zklo,2025-08-26,compute,23.0001,248.0,0.0,10.7854,0.0,0.051757,3
org_xll4zklo,2025-08-26,database,5.4291,94.0,2.8042,5.5279,0.0,0.020467,3
org_xll4zklo,2025-08-27,analytics,1.4216,0.0,3.2495000000000003,17.9,0.0,0.00423,3
org_xll4zklo,2025-08-27,database,6.5875,117.0,0.0,14.882,0.0,0.026377,3
org_xll4zklo,2025-08-28,networking,1.0398,98.0,0.0,19.0389,0.0,0.023407999999999998,3
org_xll4zklo,2025-08-29,compute,11.282699999999998,125.0,1.7084,8.3473,0.0,0.027011,3
org_xll4zklo,2025-08-31,networking,3.2716000000000003,276.0,0.0,0.0,0.0,0.0552,3
org_y9v86wzs,2025-07-03,compute,31.0751,359.0,4.6329,20.7533,0.0,0.0,6
org_y9v86wzs,2025-07-03,networking,1.4947000000000001,136.0,3.7755,7.1739,0.0,0.0,3
org_y9v86wzs,2025-07-03,storage,7.0627,364.0,4.959899999999999,7.5479,0.0,0.0,6
org_y9v86wzs,2025-07-04,compute,48.60390000000001,517.0,0.0,6.9804,0.0,0.0,6
org_y9v86wzs,2025-07-04,storage,13.7228,713.0,7.0182,0.0,0.0,0.0,9
org_y9v86wzs,2025-07-05,compute,22.0582,237.0,0.0,36.5392,0.0,0.0,6
org_y9v86wzs,2025-07-05,storage,5.9588,335.0,0.0,0.0,0.0,0.0,3
org_y9v86wzs,2025-07-06,compute,8.620500000000002,114.0,0.0,23.1556,0.0,0.0,3
org_y9v86wzs,2025-07-06,networking,0.2792,0.0,3.7165,23.3034,0.0,0.0,3
org_y9v86wzs,2025-07-06,storage,6.2834,335.0,6.2940000000000005,0.0,0.0,0.0,6
org_y9v86wzs,2025-07-07,networking,3.8763,354.0,0.0,0.0,0.0,0.0,3
org_y9v86wzs,2025-07-07,storage,5.074100000000001,234.0,3.2037,37.4186,0.0,0.0,6
org_y9v86wzs,2025-07-08,networking,21.8161,235.0,3.105,0.0,0.0,0.0,3
org_y9v86wzs,2025-07-09,compute,35.2631,497.0,1.7349,0.0,0.0,0.0,6
org_y9v86wzs,2025-07-09,storage,16.7182,716.0,4.9733,0.0,0.0,0.0,9
org_y9v86wzs,2025-07-10,compute,11.8977,115.0,1.6119999999999999,37.1678,0.0,0.0,6
org_y9v86wzs,2025-07-10,storage,7.9548000000000005,335.0,0.0,43.769,0.0,0.0,9
org_y9v86wzs,2025-07-11,compute,29.6588,351.0,1.245,11.7107,0.0,0.0,6
org_y9v86wzs,2025-07-11,networking,1.4346,112.0,2.8369,16.6178,0.0,0.0,3
org_y9v86wzs,2025-07-12,compute,1.6284,0.0,0.0,19.5628,0.0,0.0,3
org_y9v86wzs,2025-07-12,networking,2.4579,237.0,0.0,13.0245,0.0,0.0,3
org_y9v86wzs,2025-07-13,storage,7.1403,355.0,0.1894,35.0755,0.0,0.0,6
org_y9v86wzs,2025-07-14,compute,10.015099999999999,0.0,1.6644,12.0304,0.0,0.0,3
org_y9v86wzs,2025-07-14,storage,2.7495,132.0,3.1591,35.4768,0.0,0.0,6
org_y9v86wzs,2025-07-15,compute,20.3791,235.0,0.0,0.0,0.0,0.0,3
org_y9v86wzs,2025-07-15,storage,0.5994999999999999,0.0,3.572,28.248199999999997,0.0,0.0,3
org_y9v86wzs,2025-07-16,compute,33.0428,374.0,0.0,0.0,0.0,0.0,3
org_y9v86wzs,2025-07-16,storage,0.602,0.0,2.8512,27.043,0.0,0.0,6
org_y9v86wzs,2025-07-17,compute,36.663799999999995,403.0,1.0037,22.7431,0.0,0.0,6
org_y9v86wzs,2025-07-17,networking,2.5168,238.0,0.0,19.1524,0.0,0.0,3
org_y9v86wzs,2025-07-17,storage,17.1763,710.0,1.9976,29.996899999999997,0.0,0.0,9
org_y9v86wzs,2025-07-18,compute,37.7881,336.0,1.4559,26.838,0.0,0.07285900000000001,6
org_y9v86wzs,2025-07-19,compute,21.5578,237.0,0.0,6.6523,0.0,0.04873,5
org_y9v86wzs,2025-07-19,networking,1.3178999999999998,117.0,3.838,0.0,0.0,0.024167,3
org_y9v86wzs,2025-07-19,storage,5.1186,242.0,1.4781,0.0,0.0,0.048696,3
org_y9v86wzs,2025-07-20,compute,8.5891,106.0,7.577500000000001,15.2848,0.0,0.025772,6
org_y9v86wzs,2025-07-20,storage,2.3877,122.0,6.5039,1.2317,0.0,0.025947,6
org_y9v86wzs,2025-07-21,compute,13.555800000000001,116.0,0.0,32.216,0.0,0.029643,3
org_y9v86wzs,2025-07-21,networking,2.6188,228.0,0.0,0.0,0.0,0.0456,3
org_y9v86wzs,2025-07-21,storage,5.3269,242.0,0.0,14.0817,0.0,0.051216,3
org_y9v86wzs,2025-07-22,compute,22.710900000000002,217.0,2.5791,52.0696,0.0,0.054329999999999996,6
org_y9v86wzs,2025-07-22,networking,3.0574000000000003,258.0,0.0,17.5504,0.0,0.05511,3
org_y9v86wzs,2025-07-22,storage,4.649000000000001,221.0,0.0,13.3843,0.0,0.046877,3
org_y9v86wzs,2025-07-23,compute,20.859299999999998,236.0,0.0,39.197,0.0,0.055039000000000005,6
org_y9v86wzs,2025-07-23,storage,8.353299999999999,352.0,2.6521,19.214399999999998,0.0,0.07477299999999999,6
org_y9v86wzs,2025-07-24,compute,31.3354,347.0,1.4295,18.625999999999998,0.0,0.07341099999999999,6
org_y9v86wzs,2025-07-24,networking,1.4427999999999999,126.0,0.0,0.0,0.0,0.0252,3
org_y9v86wzs,2025-07-24,storage,3.9833000000000003,222.0,0.0,0.7787,0.0,0.044556,3
org_y9v86wzs,2025-07-25,compute,19.390700000000002,233.0,0.4709,0.0,0.0,0.046694,3
org_y9v86wzs,2025-07-25,storage,7.969200000000001,343.0,7.1913,27.9455,0.0,0.075628,9
org_y9v86wzs,2025-07-26,compute,1.6533,0.0,4.4176,16.0979,0.0,0.004103000000000001,3
org_y9v86wzs,2025-07-26,networking,2.807,262.0,0.0,4.424,0.0,0.053285,3
org_y9v86wzs,2025-07-26,storage,0.41559999999999997,0.0,0.0,23.3572,0.0,0.004672,3
org_y9v86wzs,2025-07-27,compute,9.0738,110.0,0.0,22.5993,0.0,0.02652,3
org_y9v86wzs,2025-07-27,networking,1.3872000000000002,135.0,2.4697,4.6651,0.0,0.028427,3
org_y9v86wzs,2025-07-27,storage,2.9398999999999997,130.0,1.5942,16.135,0.0,0.029546,3
org_y9v86wzs,2025-07-28,compute,30.314,370.0,0.0,19.063499999999998,0.0,0.077813,6
org_y9v86wzs,2025-07-28,storage,5.3956,266.0,0.0,0.0,0.0,0.0532,3
org_y9v86wzs,2025-07-29,compute,22.561,237.0,0.0,9.4553,0.0,0.049290999999999995,3
org_y9v86wzs,2025-07-29,storage,6.4646,350.0,0.0,0.0,0.0,0.07,3
org_y9v86wzs,2025-07-30,compute,19.4341,208.0,0.0,0.0,0.0,0.0416,2
org_y9v86wzs,2025-07-30,networking,2.2140999999999997,211.0,0.0,0.0,0.0,0.0422,3
org_y9v86wzs,2025-07-30,storage,8.787099999999999,471.0,1.7492,0.0,0.0,0.09455,6
org_y9v86wzs,2025-07-31,compute,9.6865,118.0,0.0,9.1226,0.0,0.025425,3
org_y9v86wzs,2025-07-31,storage,3.0429,101.0,11.013300000000001,38.107400000000005,0.0,0.030024999999999996,6
org_y9v86wzs,2025-08-01,networking,2.3874,229.0,3.0551,0.0,0.0,0.046411,3
org_y9v86wzs,2025-08-01,storage,8.488299999999999,350.0,1.1392,18.3093,0.0,0.07389000000000001,6
org_y9v86wzs,2025-08-02,compute,20.1257,242.0,3.5536000000000003,7.8203,0.0,0.050675,6
org_y9v86wzs,2025-08-02,networking,2.6209000000000002,228.0,1.1861,0.0,0.0,0.045837,3
org_y9v86wzs,2025-08-02,storage,5.0428,250.0,2.5656,0.0,0.0,0.050513,3
org_y9v86wzs,2025-08-03,compute,10.750399999999999,117.0,5.8099,0.0,0.0,0.024562,3
org_y9v86wzs,2025-08-03,networking,2.3472,223.0,0.0,18.4505,0.0,0.04829,3
org_y9v86wzs,2025-08-03,storage,4.447500000000001,239.0,0.0,4.147,0.0,0.048629,3
org_y9v86wzs,2025-08-04,compute,29.1679,362.0,0.0,10.1421,0.0,0.074428,6
org_y9v86wzs,2025-08-04,networking,1.2245,122.0,3.7445,21.3111,0.0,0.029411,3
org_y9v86wzs,2025-08-05,compute,32.8416,369.0,0.0,0.0,0.0,0.0738,3
org_y9v86wzs,2025-08-05,storage,11.198,558.0,3.6004,0.0,0.0,0.11232,6
org_y9v86wzs,2025-08-06,compute,30.3264,358.0,0.0,0.0,0.0,0.0716,3
org_y9v86wzs,2025-08-06,networking,1.4011,131.0,0.0,21.576,0.0,0.030516,3
org_y9v86wzs,2025-08-06,storage,5.108,245.0,0.0,8.1825,0.0,0.050636,3
org_y9v86wzs,2025-08-07,compute,23.896099999999997,256.0,0.0,9.0169,0.0,0.053003,3
org_y9v86wzs,2025-08-07,networking,0.0725,0.0,8.915199999999999,0.0,0.0,0.001784,3
org_y9v86wzs,2025-08-07,storage,2.6158,112.0,0.0,2.6537,0.0,0.022931,3
org_y9v86wzs,2025-08-08,compute,11.5126,137.0,0.0,5.1145000000000005,0.0,0.028423,3
org_y9v86wzs,2025-08-08,storage,1.3379,0.0,6.2957,27.0651,0.0,0.006672,6
org_y9v86wzs,2025-08-09,compute,32.4123,410.0,7.8139,0.0,0.0,0.083563,6
org_y9v86wzs,2025-08-09,networking,2.1025,243.0,2.4668,0.0,0.0,0.049093,3
org_y9v86wzs,2025-08-09,storage,4.649,254.0,2.8006,0.0,0.0,0.051359999999999996,3
org_y9v86wzs,2025-08-10,compute,2.0091,0.0,0.9734,23.6801,0.0,0.0049299999999999995,6
org_y9v86wzs,2025-08-10,networking,1.1907,120.0,0.0,17.1466,0.0,0.027429000000000002,3
org_y9v86wzs,2025-08-10,storage,9.203899999999999,471.0,0.0368,3.522,0.0,0.094911,9
org_y9v86wzs,2025-08-12,compute,13.653400000000001,123.0,6.513,18.119,0.0,0.029527,6
org_y9v86wzs,2025-08-12,networking,1.9958,211.0,0.0,7.2229,0.0,0.043645,3
org_y9v86wzs,2025-08-12,storage,2.8831,134.0,7.1004,13.214400000000001,0.0,0.030863,6
org_y9v86wzs,2025-08-13,storage,6.243,257.0,3.3241,7.2443,0.0,0.053514,6
org_y9v86wzs,2025-08-14,compute,21.9467,223.0,0.0,13.8072,0.0,0.047361,3
org_y9v86wzs,2025-08-14,storage,0.3634,0.0,0.7789,13.5755,0.0,0.0028710000000000003,3
org_y9v86wzs,2025-08-15,networking,3.3615,241.0,0.0,5.8828,0.0,0.049377000000000004,3
org_y9v86wzs,2025-08-15,storage,11.530899999999999,449.0,5.911300000000001,29.724000000000004,0.0,0.096927,9
org_y9v86wzs,2025-08-16,compute,11.0722,107.0,8.6572,0.0,0.0,0.023131999999999996,6
org_y9v86wzs,2025-08-16,storage,4.1418,117.0,5.9976,0.0,0.0,0.0246,3
org_y9v86wzs,2025-08-17,compute,21.1278,243.0,2.7348,0.0,0.0,0.049146999999999996,3
org_y9v86wzs,2025-08-17,networking,0.1726,0.0,0.0,21.2595,0.0,0.004252,3
org_y9v86wzs,2025-08-17,storage,2.8355,127.0,0.7707,2.8298,0.0,0.026119999999999997,3
org_y9v86wzs,2025-08-18,networking,1.2372999999999998,119.0,1.9821,10.7643,0.0,0.026349,3
org_y9v86wzs,2025-08-18,storage,3.886,135.0,0.0,10.9366,0.0,0.029187,2
org_y9v86wzs,2025-08-19,compute,21.4565,236.0,0.0,8.5128,0.0,0.04890300000000001,3
org_y9v86wzs,2025-08-19,networking,1.7107999999999999,211.0,0.0,0.0,0.0,0.0422,3
org_y9v86wzs,2025-08-19,storage,2.1251,110.0,0.5967,6.7554,0.0,0.02347,3
org_y9v86wzs,2025-08-20,compute,11.7854,117.0,2.5837,4.9697,0.0,0.024911000000000003,3
org_y9v86wzs,2025-08-20,networking,1.6084999999999998,137.0,0.0,9.3019,0.0,0.02926,3
org_y9v86wzs,2025-08-20,storage,4.0638,215.0,1.1892,0.0,0.0,0.043238,3
org_y9v86wzs,2025-08-21,compute,1.4003999999999999,0.0,0.0,14.7651,0.0,0.002953,3
org_y9v86wzs,2025-08-21,networking,0.2862,0.0,2.3023,27.5319,0.0,0.005967,3
org_y9v86wzs,2025-08-21,storage,4.9532,242.0,0.7141,0.0,0.0,0.048543,3
org_y9v86wzs,2025-08-22,compute,9.130500000000001,115.0,0.0,8.6532,0.0,0.024731,3
org_y9v86wzs,2025-08-22,networking,1.092,107.0,2.1327,0.9784,0.0,0.022022999999999997,3
org_y9v86wzs,2025-08-22,storage,2.8918000000000004,0.0,4.4132,18.2804,0.0,0.004539,3
org_y9v86wzs,2025-08-23,compute,10.9336,134.0,1.9844,19.2939,0.0,0.031056,3
org_y9v86wzs,2025-08-23,networking,1.6959,121.0,2.3178,8.0876,0.0,0.026282,3
org_y9v86wzs,2025-08-23,storage,8.6257,512.0,1.6699,2.0905,0.0,0.103152,6
org_y9v86wzs,2025-08-24,compute,30.7374,375.0,0.0,0.0,0.0,0.075,3
org_y9v86wzs,2025-08-24,networking,2.0835,242.0,3.0953,0.0,0.0,0.049019,3
org_y9v86wzs,2025-08-24,storage,0.9205,0.0,3.9924999999999997,42.8707,0.0,0.009371999999999998,6
org_y9v86wzs,2025-08-25,compute,22.5921,258.0,4.0152,26.3124,0.0,0.057665,6
org_y9v86wzs,2025-08-25,networking,1.1851,0.0,0.6059,0.0,0.0,1.21E-4,3
org_y9v86wzs,2025-08-25,storage,7.9731000000000005,374.0,0.0,33.496,0.0,0.081499,6
org_y9v86wzs,2025-08-26,compute,17.173099999999998,190.0,4.5619,30.6506,0.0,0.045042000000000006,6
org_y9v86wzs,2025-08-26,storage,6.1058,246.0,6.7044999999999995,11.2056,0.0,0.052782,6
org_y9v86wzs,2025-08-27,compute,43.2284,502.0,4.3254,11.1985,0.0,0.103505,6
org_y9v86wzs,2025-08-27,networking,2.4192,240.0,0.2134,0.0,0.0,0.048043,3
org_y9v86wzs,2025-08-27,storage,11.4372,576.0,2.8228,12.0519,0.0,0.118175,9
org_y9v86wzs,2025-08-28,networking,1.4035000000000002,113.0,0.0,11.4555,0.0,0.024891,3
org_y9v86wzs,2025-08-28,storage,12.9816,647.0,2.3369,0.0,0.0,0.129867,6
org_y9v86wzs,2025-08-29,compute,13.9703,114.0,6.8713,20.386300000000002,0.0,0.028251000000000002,6
org_y9v86wzs,2025-08-29,networking,1.4670999999999998,112.0,0.0,18.3617,0.0,0.026073,3
org_y9v86wzs,2025-08-29,storage,2.4025999999999996,123.0,0.0,31.9798,0.0,0.030996,3
org_y9v86wzs,2025-08-30,compute,10.4293,108.0,0.0,17.1345,0.0,0.025027,3
org_y9v86wzs,2025-08-30,networking,0.1072,0.0,3.8177000000000003,8.7931,0.0,0.002522,3
org_y9v86wzs,2025-08-30,storage,5.4256,243.0,0.3423,16.9484,0.0,0.05205800000000001,6
org_y9v86wzs,2025-08-31,compute,40.7354,481.0,3.085,5.5961,0.0,0.097936,6
org_y9v86wzs,2025-08-31,networking,0.2051,0.0,2.3235,10.6923,0.0,0.0026030000000000003,3
org_y9v86wzs,2025-08-31,storage,12.865499999999999,623.0,2.2796,10.5186,0.0,0.12715900000000002,9
org_ykl1cq99,2025-07-03,database,0.711,0.0,1.9969,16.8743,0.0,0.0,3
org_ykl1cq99,2025-07-03,storage,7.7677,378.0,0.0,0.0,0.0,0.0,3
org_ykl1cq99,2025-07-04,networking,1.5839,114.0,3.987,16.4765,0.0,0.0,3
org_ykl1cq99,2025-07-05,database,7.3753,125.0,0.0,29.3079,0.0,0.0,3
org_ykl1cq99,2025-07-05,networking,2.5354,232.0,1.6397,0.0,0.0,0.0,3
org_ykl1cq99,2025-07-06,networking,3.3288,364.0,0.0,0.0,0.0,0.0,3
org_ykl1cq99,2025-07-07,networking,1.0999,115.0,2.2952,0.0,0.0,0.0,3
org_ykl1cq99,2025-07-07,storage,2.2936,123.0,1.3988,1.0508,0.0,0.0,3
org_ykl1cq99,2025-07-09,database,2.566,0.0,0.0,45.885,0.0,0.0,3
org_ykl1cq99,2025-07-09,storage,4.8435999999999995,234.0,1.3551,0.0,0.0,0.0,3
org_ykl1cq99,2025-07-10,database,13.8967,252.0,3.7644,0.0,0.0,0.0,3
org_ykl1cq99,2025-07-10,networking,1.327,128.0,0.0,11.1028,0.0,0.0,3
org_ykl1cq99,2025-07-10,storage,4.7724,224.0,0.0,3.0312,0.0,0.0,3
org_ykl1cq99,2025-07-11,networking,1.0544000000000002,111.0,2.904,0.0,0.0,0.0,3
org_ykl1cq99,2025-07-11,storage,2.2699000000000003,115.0,2.0568,10.696,0.0,0.0,3
org_ykl1cq99,2025-07-12,networking,1.4277,117.0,2.437,9.8891,0.0,0.0,3
org_ykl1cq99,2025-07-12,storage,3.9855,223.0,0.0,0.0,0.0,0.0,3
org_ykl1cq99,2025-07-13,networking,1.5445,131.0,0.1282,12.3795,0.0,0.0,3
org_ykl1cq99,2025-07-14,networking,2.4637000000000002,247.0,2.2352,0.0,0.0,0.0,3
org_ykl1cq99,2025-07-14,storage,4.599,249.0,0.0,5.3545,0.0,0.0,3
org_ykl1cq99,2025-07-15,networking,1.198,138.0,1.6756,4.4169,0.0,0.0,3
org_ykl1cq99,2025-07-15,storage,2.8245,123.0,0.0,3.218,0.0,0.0,3
org_ykl1cq99,2025-07-16,networking,0.4294,0.0,0.0,38.0295,0.0,0.0,3
org_ykl1cq99,2025-07-17,database,11.3637,230.0,0.0,0.0,0.0,0.0,3
org_ykl1cq99,2025-07-17,networking,1.2965,99.0,1.8014999999999999,0.0,0.0,0.0,3
org_ykl1cq99,2025-07-18,database,4.770899999999999,110.0,5.709,0.0,0.0,0.023142,3
org_ykl1cq99,2025-07-18,networking,3.1057,255.0,2.287,0.0,0.0,0.051457,3
org_ykl1cq99,2025-07-18,storage,2.849,117.0,0.0,16.2017,0.0,0.02664,3
org_ykl1cq99,2025-07-19,database,13.4047,272.0,0.0,22.0128,0.0,0.058803,3
org_ykl1cq99,2025-07-19,networking,1.468,121.0,3.3124,3.7658,0.0,0.025615,3
org_ykl1cq99,2025-07-19,storage,5.192100000000001,241.0,0.0,5.0128,0.0,0.049203,3
org_ykl1cq99,2025-07-20,networking,1.2642,111.0,0.7481,13.5722,0.0,0.025064000000000003,3
org_ykl1cq99,2025-07-21,networking,2.7211000000000003,223.0,0.0,16.8064,0.0,0.047961000000000004,3
org_ykl1cq99,2025-07-22,database,11.4216,225.0,0.0,3.9494,0.0,0.04579,3
org_ykl1cq99,2025-07-22,networking,2.1997,108.0,5.3289,0.0,0.0,0.022666,3
org_ykl1cq99,2025-07-22,storage,0.1476,0.0,6.9233,0.0,0.0,0.001385,3
org_ykl1cq99,2025-07-23,networking,2.3933,231.0,1.6249,0.0,0.0,0.046525,3
org_ykl1cq99,2025-07-23,storage,2.8411,118.0,1.0812,0.0,0.0,0.023816,3
org_ykl1cq99,2025-07-24,database,12.606,216.0,0.7215,0.0,0.0,0.043343999999999994,3
org_ykl1cq99,2025-07-24,networking,2.6599,243.0,0.0,6.1528,0.0,0.049831,3
org_ykl1cq99,2025-07-25,database,21.4199,249.0,0.0,0.0,0.0,0.0498,3
org_ykl1cq99,2025-07-25,networking,1.1843,117.0,0.0,0.0,0.0,0.0234,3
org_ykl1cq99,2025-07-25,storage,5.5100999999999996,238.0,0.0,21.5715,0.0,0.051914,3
org_ykl1cq99,2025-07-26,database,13.4839,251.0,0.0,17.535,0.0,0.053707000000000005,3
org_ykl1cq99,2025-07-26,networking,2.1159999999999997,240.0,0.0,8.7006,0.0,0.04973999999999999,3
org_ykl1cq99,2025-07-26,storage,5.2387,237.0,0.0956,0.0,0.0,0.047418999999999996,3
org_ykl1cq99,2025-07-27,database,6.1149,144.0,2.9738,21.4179,0.0,0.033679,3
org_ykl1cq99,2025-07-27,storage,4.9145,243.0,0.0,0.0,0.0,0.048600000000000004,2
org_ykl1cq99,2025-07-28,database,6.692100000000001,118.0,1.5914,5.1864,0.0,0.024954999999999998,3
org_ykl1cq99,2025-07-28,storage,8.751100000000001,397.0,0.0,0.0,0.0,0.0794,3
org_ykl1cq99,2025-07-29,database,10.635200000000001,233.0,3.7098,0.0,0.0,0.047342,3
org_ykl1cq99,2025-07-29,networking,1.2374,109.0,4.9057,16.1989,0.0,0.026021,3
org_ykl1cq99,2025-07-29,storage,3.9832,225.0,3.5203,0.0,0.0,0.045704,3
org_ykl1cq99,2025-07-30,database,14.1278,252.0,0.0,8.0834,0.0,0.052017,3
org_ykl1cq99,2025-07-30,networking,3.4888000000000003,362.0,0.0,0.0,0.0,0.07239999999999999,3
org_ykl1cq99,2025-07-31,networking,1.4559,118.0,0.0,14.9806,0.0,0.026595999999999998,3
org_ykl1cq99,2025-08-01,storage,4.3217,248.0,0.0,0.0,0.0,0.0496,3
org_ykl1cq99,2025-08-03,networking,1.3743,133.0,2.7215,0.0,0.0,0.027143999999999998,3
org_ykl1cq99,2025-08-03,storage,0.3962,0.0,4.3332,13.8969,0.0,0.003645,3
org_ykl1cq99,2025-08-04,database,1.0602,0.0,3.1868,15.1196,0.0,0.003661,3
org_ykl1cq99,2025-08-04,networking,0.1886,0.0,0.6299,17.538,0.0,0.003634,3
org_ykl1cq99,2025-08-04,storage,3.5808999999999997,143.0,0.0,10.7752,0.0,0.030755,3
org_ykl1cq99,2025-08-05,database,1.1943000000000001,0.0,0.0,20.6994,0.0,0.00414,3
org_ykl1cq99,2025-08-05,networking,1.5916000000000001,131.0,0.9136,11.6801,0.0,0.028719,3
org_ykl1cq99,2025-08-05,storage,5.2157,238.0,0.0,15.7202,0.0,0.050744,3
org_ykl1cq99,2025-08-06,database,5.805999999999999,108.0,7.276,0.0,0.0,0.023056000000000004,3
org_ykl1cq99,2025-08-06,networking,1.4662,120.0,0.0,27.7751,0.0,0.029555,3
org_ykl1cq99,2025-08-07,networking,2.2094,244.0,1.9381,0.0,0.0,0.049187999999999996,3
org_ykl1cq99,2025-08-08,networking,2.3504,217.0,0.0,0.0,0.0,0.0434,3
org_ykl1cq99,2025-08-08,storage,5.7559000000000005,233.0,0.0,10.1846,0.0,0.048637,3
org_ykl1cq99,2025-08-10,storage,4.490600000000001,221.0,4.0037,0.0,0.0,0.045001,3
org_ykl1cq99,2025-08-11,database,11.2629,249.0,3.0481,0.0,0.0,0.050409999999999996,3
org_ykl1cq99,2025-08-11,networking,3.307,347.0,0.0,0.0,0.0,0.0694,3
org_ykl1cq99,2025-08-11,storage,2.1854999999999998,110.0,0.0,20.6776,0.0,0.026136,3
org_ykl1cq99,2025-08-12,database,5.673,110.0,4.084,0.0,0.0,0.022816999999999997,3
org_ykl1cq99,2025-08-12,networking,1.558,120.0,1.1008,15.8526,0.0,0.027391000000000002,3
org_ykl1cq99,2025-08-12,storage,1.8697,129.0,3.0698,0.0,0.0,0.026414,3
org_ykl1cq99,2025-08-13,database,6.8885,111.0,2.0713,0.0,0.0,0.022614000000000002,3
org_ykl1cq99,2025-08-13,storage,4.7876,230.0,1.1299,0.0,0.0,0.046225999999999996,3
org_ykl1cq99,2025-08-14,database,20.3609,358.0,0.0,0.0,0.0,0.0716,3
org_ykl1cq99,2025-08-14,networking,1.2173,101.0,0.0,17.7193,0.0,0.023743999999999998,3
org_ykl1cq99,2025-08-14,storage,2.3671999999999995,121.0,4.9216999999999995,0.0,0.0,0.025183999999999998,3
org_ykl1cq99,2025-08-15,networking,1.2046999999999999,119.0,0.8867,0.0,0.0,0.023977000000000002,3
org_ykl1cq99,2025-08-15,storage,2.7409,129.0,0.0,26.6746,0.0,0.031135,3
org_ykl1cq99,2025-08-17,storage,0.1478,0.0,6.1379,2.2615,0.0,0.0016799999999999999,3
org_ykl1cq99,2025-08-18,database,11.9662,241.0,0.278,0.0,0.0,0.048256,3
org_ykl1cq99,2025-08-18,storage,2.8306,125.0,3.4685,7.3139,0.0,0.027157,3
org_ykl1cq99,2025-08-19,storage,0.1739,0.0,2.2008,5.9615,0.0,0.001632,3
org_ykl1cq99,2025-08-20,networking,1.2749,109.0,0.0,16.0335,0.0,0.025007,3
org_ykl1cq99,2025-08-20,storage,3.1946000000000003,140.0,0.0,27.311999999999998,0.0,0.033462,3
org_ykl1cq99,2025-08-21,database,17.141099999999998,361.0,0.0,0.0,0.0,0.0722,3
org_ykl1cq99,2025-08-21,storage,2.9497999999999998,125.0,0.0,27.5344,0.0,0.030507,3
org_ykl1cq99,2025-08-22,database,6.562899999999999,117.0,0.0,41.0154,0.0,0.031603,3
org_ykl1cq99,2025-08-22,networking,1.5258,127.0,4.3955,0.0,0.0,0.026279999999999998,3
org_ykl1cq99,2025-08-22,storage,7.1385,366.0,0.0,0.0,0.0,0.0732,3
org_ykl1cq99,2025-08-23,networking,1.0424,104.0,0.0,10.893999999999998,0.0,0.022978,3
org_ykl1cq99,2025-08-23,storage,1.9633999999999998,105.0,4.0602,0.0,0.0,0.021813000000000003,3
org_ykl1cq99,2025-08-24,database,11.725999999999999,226.0,1.9879,0.0,0.0,0.045598,3
org_ykl1cq99,2025-08-24,networking,2.6386000000000003,333.0,0.0,0.0,0.0,0.0666,3
org_ykl1cq99,2025-08-24,storage,5.7707999999999995,271.0,2.2872,0.0,0.0,0.054657,3
org_ykl1cq99,2025-08-25,networking,1.4141,105.0,0.0,21.783499999999997,0.0,0.025357,3
org_ykl1cq99,2025-08-25,storage,5.6273,264.0,0.0,11.369,0.0,0.055074,3
org_ykl1cq99,2025-08-26,storage,5.5401,245.0,3.0463,0.0,0.0,0.049609,3
org_ykl1cq99,2025-08-27,database,12.3679,250.0,0.0,0.0,0.0,0.05,3
org_ykl1cq99,2025-08-27,storage,2.8457,130.0,1.1833,0.0,0.0,0.026237,3
org_ykl1cq99,2025-08-28,networking,1.5237,124.0,2.3717,8.5539,0.0,0.026985,3
org_ykl1cq99,2025-08-28,storage,5.1236,232.0,2.7702,0.0,0.0,0.046953999999999996,3
org_ykl1cq99,2025-08-29,networking,3.4875,388.0,0.0,0.0,0.0,0.0776,3
org_ykl1cq99,2025-08-29,storage,2.6801,141.0,0.0,27.5096,0.0,0.033701999999999996,3
org_ykl1cq99,2025-08-30,database,6.2084,125.0,0.0,20.8113,0.0,0.029162,3
org_ykl1cq99,2025-08-30,networking,0.0375,0.0,4.0656,0.0,0.0,8.129999999999999E-4,3
org_ykl1cq99,2025-08-31,database,12.1092,231.0,0.0,6.8789,0.0,0.04757600000000001,3
org_ykl1cq99,2025-08-31,networking,2.1278,246.0,1.3538,0.0,0.0,0.049470999999999994,3
org_ykl1cq99,2025-08-31,storage,5.839499999999999,261.0,3.0667,0.0,0.0,0.052813,3
org_zbikcidk,2025-07-03,compute,9.8487,121.0,0.0,15.9562,0.0,0.0,3
org_zbikcidk,2025-07-03,storage,0.0634,0.0,3.4352,0.0,0.0,0.0,3
org_zbikcidk,2025-07-04,compute,40.2493,454.0,3.6202,25.919400000000003,0.0,0.0,9
org_zbikcidk,2025-07-04,storage,4.4676,207.0,0.0,4.117,0.0,0.0,3
org_zbikcidk,2025-07-05,compute,44.4537,519.0,4.7588,9.4633,0.0,0.0,9
org_zbikcidk,2025-07-05,genai,43.6578,344.0,0.0,0.0,0.0,0.0,3
org_zbikcidk,2025-07-05,storage,0.083,0.0,4.4642,0.0,0.0,0.0,3
org_zbikcidk,2025-07-06,storage,3.2397,132.0,0.0,34.9365,0.0,0.0,3
org_zbikcidk,2025-07-07,compute,10.3817,131.0,0.0,30.0449,0.0,0.0,3
org_zbikcidk,2025-07-07,genai,30.6467,256.0,0.0,12.9035,0.0,0.0,3
org_zbikcidk,2025-07-08,compute,10.4042,122.0,0.0,13.2003,0.0,0.0,3
org_zbikcidk,2025-07-08,storage,4.9643,249.0,0.0,6.7982,0.0,0.0,3
org_zbikcidk,2025-07-09,compute,11.7261,104.0,4.5501,60.231300000000005,0.0,0.0,6
org_zbikcidk,2025-07-09,genai,14.9742,116.0,0.0,35.5296,0.0,0.0,3
org_zbikcidk,2025-07-09,storage,4.9154,219.0,0.0,7.5552,0.0,0.0,3
org_zbikcidk,2025-07-10,compute,20.399900000000002,228.0,0.0,3.2726,0.0,0.0,3
org_zbikcidk,2025-07-10,genai,17.1868,115.0,0.0317,0.0,0.0,0.0,3
org_zbikcidk,2025-07-10,storage,4.0561,223.0,0.0,7.4931,0.0,0.0,3
org_zbikcidk,2025-07-11,compute,31.3558,362.0,3.3017,17.7672,0.0,0.0,6
org_zbikcidk,2025-07-11,storage,7.1327,363.0,0.0,0.0,0.0,0.0,3
org_zbikcidk,2025-07-12,compute,45.3696,497.0,0.9201,35.942,0.0,0.0,9
org_zbikcidk,2025-07-12,storage,0.2573,0.0,5.722300000000001,6.6659,0.0,0.0,3
org_zbikcidk,2025-07-13,compute,15.1188,134.0,8.4702,51.678,0.0,0.0,9
org_zbikcidk,2025-07-13,genai,16.3264,120.0,0.0,22.0377,0.0,0.0,3
org_zbikcidk,2025-07-13,storage,2.1649,109.0,4.9134,2.0716,0.0,0.0,3
org_zbikcidk,2025-07-14,compute,23.209600000000002,234.0,2.7243,24.8085,0.0,0.0,6
org_zbikcidk,2025-07-14,genai,15.073,138.0,0.0,0.0,0.0,0.0,3
org_zbikcidk,2025-07-15,compute,14.3368,120.0,6.442500000000001,27.5224,0.0,0.0,6
org_zbikcidk,2025-07-15,genai,15.3795,103.0,0.0,25.3306,0.0,0.0,3
org_zbikcidk,2025-07-15,storage,0.1314,0.0,6.0089999999999995,0.0,0.0,0.0,3
org_zbikcidk,2025-07-16,compute,11.223999999999998,119.0,0.0,23.3907,0.0,0.0,3
org_zbikcidk,2025-07-16,genai,14.5004,110.0,7.5776,0.0,0.0,0.0,3
org_zbikcidk,2025-07-16,storage,4.273,218.0,0.5001,0.0,0.0,0.0,3
org_zbikcidk,2025-07-17,compute,34.808,445.0,3.0313999999999997,12.0927,0.0,0.0,9
org_zbikcidk,2025-07-17,storage,3.7311,227.0,0.3814,0.0,0.0,0.0,3
org_zbikcidk,2025-07-18,compute,57.888000000000005,626.0,6.1416,44.3524,0.0,0.135299,9
org_zbikcidk,2025-07-18,storage,5.2593,247.0,0.0,2.6576,0.0,0.049932000000000004,3
org_zbikcidk,2025-07-19,compute,34.8846,374.0,4.7087,18.51,0.0,0.079444,6
org_zbikcidk,2025-07-20,compute,12.0476,115.0,0.0,31.5727,0.0,0.029313999999999996,3
org_zbikcidk,2025-07-20,genai,22.247899999999998,137.0,2.332,23.3551,1930.0,0.032537,3
org_zbikcidk,2025-07-21,genai,27.2205,219.0,3.0838,0.0,2187.0,0.044417,3
org_zbikcidk,2025-07-22,compute,20.5231,246.0,0.0,16.1803,0.0,0.052436,3
org_zbikcidk,2025-07-22,genai,13.8816,128.0,0.0,0.0,2837.0,0.0256,3
org_zbikcidk,2025-07-22,storage,4.277,237.0,0.0,0.0,0.0,0.0474,3
org_zbikcidk,2025-07-23,compute,24.4372,247.0,6.3337,0.0,0.0,0.050667000000000004,6
org_zbikcidk,2025-07-24,compute,13.214099999999998,109.0,0.0,73.9608,0.0,0.036592,6
org_zbikcidk,2025-07-25,compute,44.4758,573.0,3.0974,0.0,0.0,0.115219,6
org_zbikcidk,2025-07-25,genai,33.2816,231.0,0.0,15.0262,2794.0,0.049205,3
org_zbikcidk,2025-07-25,storage,2.4134,107.0,2.275,9.1256,0.0,0.02368,3
org_zbikcidk,2025-07-26,compute,32.6862,354.0,0.2696,9.3219,0.0,0.072718,6
org_zbikcidk,2025-07-26,genai,20.344299999999997,126.0,0.0,16.8236,3167.0,0.028564,3
org_zbikcidk,2025-07-27,compute,11.0827,112.0,1.5841,7.2831,0.0,0.024174,6
org_zbikcidk,2025-07-27,genai,19.236,133.0,0.0,27.0621,2523.0,0.032013,3
org_zbikcidk,2025-07-28,compute,14.561399999999999,123.0,6.8553,35.2552,0.0,0.033022,6
org_zbikcidk,2025-07-28,genai,15.087,115.0,4.4342,0.0,2858.0,0.023887,3
org_zbikcidk,2025-07-28,storage,2.6390000000000002,123.0,3.4813,12.185,0.0,0.027733,3
org_zbikcidk,2025-07-29,compute,8.7881,137.0,1.6511,18.086,0.0,0.031347,3
org_zbikcidk,2025-07-30,compute,236.10870000000003,614.0,0.0,12.1627,0.0,0.125233,6
org_zbikcidk,2025-07-31,compute,47.972,601.0,2.7763,29.2136,0.0,0.126598,9
org_zbikcidk,2025-08-01,compute,12.043800000000001,125.0,2.7266,0.0,0.0,0.025545,2
org_zbikcidk,2025-08-02,compute,32.734700000000004,366.0,2.9569,6.1537,0.0,0.075022,6
org_zbikcidk,2025-08-03,compute,67.7995,850.0,3.3936,0.0,0.0,0.170678,9
org_zbikcidk,2025-08-03,genai,34.3422,259.0,0.0,0.0,2680.0,0.0518,3
org_zbikcidk,2025-08-03,storage,7.7977,354.0,0.0,0.0,0.0,0.0708,3
org_zbikcidk,2025-08-04,compute,44.1772,591.0,0.0,9.3555,0.0,0.120071,6
org_zbikcidk,2025-08-04,genai,30.245399999999997,236.0,0.0,12.7301,2015.0,0.049746,3
org_zbikcidk,2025-08-04,storage,5.955299999999999,279.0,3.1463,0.0,0.0,0.056429,3
org_zbikcidk,2025-08-05,compute,20.2246,211.0,0.077,45.2632,0.0,0.051267,6
org_zbikcidk,2025-08-06,compute,16.7965,223.0,3.9714,0.0,0.0,0.045394,3
org_zbikcidk,2025-08-06,genai,33.0306,265.0,0.0,0.0,3502.0,0.053,3
org_zbikcidk,2025-08-06,storage,0.7658,0.0,0.0,35.9296,0.0,0.007186,2
org_zbikcidk,2025-08-07,compute,16.782799999999998,245.0,6.772600000000001,3.0307,0.0,0.050961000000000006,6
org_zbikcidk,2025-08-07,storage,2.7072,105.0,1.4518,0.0,0.0,0.02129,3
org_zbikcidk,2025-08-08,compute,17.9384,209.0,0.0688,0.0,0.0,0.041814000000000004,3
org_zbikcidk,2025-08-08,storage,0.8799999999999999,0.0,0.0,40.8784,0.0,0.008176,3
org_zbikcidk,2025-08-09,compute,56.882600000000004,604.0,4.2527,48.2508,0.0,0.131301,9
org_zbikcidk,2025-08-09,genai,27.8577,241.0,0.0,0.0,2777.0,0.0482,3
org_zbikcidk,2025-08-09,storage,5.3096,231.0,0.0,15.8084,0.0,0.049362,3
org_zbikcidk,2025-08-10,compute,39.6083,480.0,3.0127,0.0,0.0,0.096602,6
org_zbikcidk,2025-08-10,genai,3.7747,0.0,5.4449000000000005,28.8815,1461.0,0.006865,3
org_zbikcidk,2025-08-11,compute,9.1321,114.0,0.0,10.2387,0.0,0.024848000000000002,3
org_zbikcidk,2025-08-11,genai,15.881499999999999,125.0,0.0,15.987400000000001,2647.0,0.028198,3
org_zbikcidk,2025-08-11,storage,2.7418,116.0,0.0,5.0575,0.0,0.024211999999999997,3
org_zbikcidk,2025-08-12,compute,18.515100000000004,236.0,0.0,12.6939,0.0,0.049739,3
org_zbikcidk,2025-08-13,storage,2.5438,112.0,0.0,14.6704,0.0,0.025335,3
org_zbikcidk,2025-08-14,compute,13.7658,109.0,4.232200000000001,38.634100000000004,0.0,0.030372999999999997,6
org_zbikcidk,2025-08-14,storage,4.5302999999999995,244.0,0.9096,0.0,0.0,0.048982,3
org_zbikcidk,2025-08-15,compute,12.8077,126.0,2.8627,21.087200000000003,0.0,0.029989000000000002,6
org_zbikcidk,2025-08-15,storage,2.7996999999999996,117.0,3.5988,0.0,0.0,0.02412,3
org_zbikcidk,2025-08-16,compute,24.7859,128.0,3.4879999999999995,40.2091,0.0,0.034339,6
org_zbikcidk,2025-08-17,compute,21.110100000000003,221.0,1.3597,13.5312,0.0,0.047178,6
org_zbikcidk,2025-08-17,storage,4.625,233.0,3.9208,0.0,0.0,0.047383999999999996,3
org_zbikcidk,2025-08-18,compute,0.3257,0.0,3.6887,0.0,0.0,7.379999999999999E-4,3
org_zbikcidk,2025-08-19,compute,20.451999999999998,219.0,2.1273,0.0,0.0,0.044225,3
org_zbikcidk,2025-08-19,genai,3.2462,0.0,0.0,27.415999999999997,3232.0,0.005483,3
org_zbikcidk,2025-08-19,storage,0.3996,0.0,3.5675999999999997,17.3051,0.0,0.004175,3
org_zbikcidk,2025-08-20,compute,17.7387,255.0,0.0,7.1328,0.0,0.052427,3
org_zbikcidk,2025-08-21,genai,42.6132,356.0,0.0,0.0,2296.0,0.0712,3
org_zbikcidk,2025-08-21,storage,2.3178,114.0,4.0477,12.2989,0.0,0.026070000000000003,3
org_zbikcidk,2025-08-22,compute,43.160599999999995,503.0,3.7737,15.7531,0.0,0.10450600000000002,9
org_zbikcidk,2025-08-22,genai,12.646799999999999,123.0,5.0552,0.0,4186.0,0.025611000000000002,3
org_zbikcidk,2025-08-22,storage,0.35629999999999995,0.0,5.2387,12.892,0.0,0.003626,3
org_zbikcidk,2025-08-23,compute,2.7979,0.0,5.3065,21.8842,0.0,0.005438,6
org_zbikcidk,2025-08-24,compute,27.0277,355.0,0.0,48.5347,0.0,0.080707,6
org_zbikcidk,2025-08-24,genai,18.0734,137.0,5.9085,0.0,2599.0,0.028581000000000002,3
org_zbikcidk,2025-08-24,storage,7.9521,370.0,0.0,0.0,0.0,0.074,3
org_zbikcidk,2025-08-25,compute,10.114700000000001,116.0,0.3727,11.7196,0.0,0.025619,3
org_zbikcidk,2025-08-25,genai,30.675199999999997,220.0,0.0,0.0,3379.0,0.044,3
org_zbikcidk,2025-08-26,compute,29.4062,125.0,2.6729,23.050800000000002,0.0,0.030144000000000004,9
org_zbikcidk,2025-08-27,compute,37.7197,446.0,7.081099999999999,0.0,0.0,0.090616,6
org_zbikcidk,2025-08-27,genai,26.5867,239.0,0.0,12.6646,2015.0,0.050333,3
org_zbikcidk,2025-08-27,storage,5.2296,332.0,0.0,0.0,0.0,0.0664,3
org_zbikcidk,2025-08-28,compute,18.6414,236.0,0.0,17.3307,0.0,0.050666,3
org_zbikcidk,2025-08-28,storage,5.4458,231.0,3.4112,0.0,0.0,0.046882,3
org_zbikcidk,2025-08-29,compute,50.4595,585.0,4.8271,43.85770000000001,0.0,0.12673600000000002,9
org_zbikcidk,2025-08-29,genai,31.3525,237.0,5.9366,0.0,2045.0,0.048587000000000005,3
org_zbikcidk,2025-08-30,compute,28.844700000000003,372.0,0.0,66.8674,0.0,0.087773,9
org_zbikcidk,2025-08-30,genai,2.8622,0.0,4.6613999999999995,21.3677,2966.0,0.0052060000000000006,3
org_zbikcidk,2025-08-30,storage,4.7146,231.0,2.8723,0.0,0.0,0.046774,3
org_zbikcidk,2025-08-31,genai,0.9699,0.0,3.6066,4.8684,2939.0,0.001695,3
org_zbikcidk,2025-08-31,storage,1.9808,118.0,3.9645,0.0,0.0,0.024392999999999998,3
org_zhwjr64d,2025-07-03,analytics,9.5503,121.0,0.0,18.4486,0.0,0.0,3
org_zhwjr64d,2025-07-03,compute,1.9152,0.0,0.0,29.5721,0.0,0.0,3
org_zhwjr64d,2025-07-04,analytics,16.391600000000004,235.0,4.1739,0.0,0.0,0.0,3
org_zhwjr64d,2025-07-04,compute,25.723499999999998,250.0,4.0352,21.741,0.0,0.0,6
org_zhwjr64d,2025-07-05,analytics,6.8454999999999995,109.0,1.3314,22.1323,0.0,0.0,3
org_zhwjr64d,2025-07-05,compute,8.1004,102.0,0.0,26.607100000000003,0.0,0.0,3
org_zhwjr64d,2025-07-06,analytics,1.0426,0.0,1.2835,13.138,0.0,0.0,3
org_zhwjr64d,2025-07-06,compute,7.5046,130.0,1.1649,0.0,0.0,0.0,3
org_zhwjr64d,2025-07-07,compute,20.4949,263.0,0.0,0.0,0.0,0.0,3
org_zhwjr64d,2025-07-08,analytics,21.79,263.0,0.0,15.3495,0.0,0.0,3
org_zhwjr64d,2025-07-08,compute,21.3878,119.0,0.0,0.0,0.0,0.0,3
org_zhwjr64d,2025-07-09,analytics,7.7200999999999995,134.0,0.3402,0.0,0.0,0.0,3
org_zhwjr64d,2025-07-09,compute,27.593700000000002,341.0,0.0,0.0,0.0,0.0,3
org_zhwjr64d,2025-07-10,compute,12.2185,142.0,6.5923,17.2009,0.0,0.0,5
org_zhwjr64d,2025-07-11,compute,8.8153,131.0,2.4527,0.0,0.0,0.0,3
org_zhwjr64d,2025-07-12,analytics,26.2738,352.0,0.0,0.0,0.0,0.0,3
org_zhwjr64d,2025-07-12,compute,1.5901,0.0,5.612500000000001,15.45,0.0,0.0,3
org_zhwjr64d,2025-07-13,analytics,0.5359,0.0,2.0071,5.3949,0.0,0.0,3
org_zhwjr64d,2025-07-13,compute,19.988999999999997,248.0,0.0,46.958,0.0,0.0,6
org_zhwjr64d,2025-07-14,compute,13.110399999999998,126.0,0.0,32.532399999999996,0.0,0.0,3
org_zhwjr64d,2025-07-15,analytics,12.318200000000001,123.0,3.8121,6.3844,0.0,0.0,3
org_zhwjr64d,2025-07-15,compute,17.1127,214.0,0.0,18.0021,0.0,0.0,3
org_zhwjr64d,2025-07-16,analytics,6.5554,106.0,1.3616,0.8441,0.0,0.0,3
org_zhwjr64d,2025-07-16,compute,11.32,123.0,4.1377,0.0,0.0,0.0,3
org_zhwjr64d,2025-07-18,analytics,23.9072,329.0,0.0,0.0,0.0,0.0658,3
org_zhwjr64d,2025-07-18,compute,30.664099999999998,349.0,0.0,0.0,0.0,0.0698,3
org_zhwjr64d,2025-07-19,compute,16.6229,209.0,0.0,9.0051,0.0,0.043601,3
org_zhwjr64d,2025-07-20,compute,32.5339,383.0,0.0,36.8207,0.0,0.083964,6
org_zhwjr64d,2025-07-21,compute,17.9585,235.0,0.0,7.625,0.0,0.048525,3
org_zhwjr64d,2025-07-23,compute,12.9224,118.0,0.0,30.3985,0.0,0.029679999999999998,3
org_zhwjr64d,2025-07-24,analytics,8.2423,124.0,6.068499999999999,0.0,0.0,0.026014,3
org_zhwjr64d,2025-07-24,compute,44.1024,590.0,0.0,9.2726,0.0,0.119855,6
org_zhwjr64d,2025-07-25,analytics,16.3932,215.0,0.0,5.7811,0.0,0.044156,3
org_zhwjr64d,2025-07-25,compute,10.558200000000001,121.0,6.1198999999999995,0.0,0.0,0.025424000000000002,3
org_zhwjr64d,2025-07-26,analytics,20.0826,277.0,0.0,14.2662,0.0,0.058253,3
org_zhwjr64d,2025-07-26,compute,28.450000000000003,329.0,0.881,0.0,0.0,0.065976,6
org_zhwjr64d,2025-07-27,analytics,18.739,234.0,0.0,5.1467,0.0,0.047829,3
org_zhwjr64d,2025-07-27,compute,20.9589,260.0,0.0,10.3082,0.0,0.054062000000000006,6
org_zhwjr64d,2025-07-28,compute,21.283,248.0,3.6288,22.7892,0.0,0.054883999999999995,6
org_zhwjr64d,2025-07-29,analytics,18.261000000000003,228.0,0.5081,0.0,0.0,0.045702000000000007,3
org_zhwjr64d,2025-07-29,compute,21.4888,258.0,7.742699999999999,10.4097,0.0,0.05523,6
org_zhwjr64d,2025-07-30,compute,19.3518,129.0,0.0,0.0,0.0,0.0258,3
org_zhwjr64d,2025-07-31,analytics,8.7787,120.0,0.0,6.1932,0.0,0.025239,3
org_zhwjr64d,2025-08-01,analytics,16.7163,255.0,1.2387,0.0,0.0,0.051248,3
org_zhwjr64d,2025-08-01,compute,21.7337,249.0,2.7435,7.0421,0.0,0.051757,6
org_zhwjr64d,2025-08-02,analytics,18.8338,234.0,2.4466,0.0,0.0,0.047289,3
org_zhwjr64d,2025-08-02,compute,20.5977,227.0,0.0,16.8216,0.0,0.048764,3
org_zhwjr64d,2025-08-03,analytics,16.3478,241.0,0.0,13.2957,0.0,0.050859,3
org_zhwjr64d,2025-08-03,compute,12.8048,130.0,0.0,26.493299999999998,0.0,0.031299,3
org_zhwjr64d,2025-08-04,compute,17.1585,204.0,2.4012,0.0,0.0,0.04128,3
org_zhwjr64d,2025-08-05,compute,23.080599999999997,224.0,1.0929,29.5315,0.0,0.050925,6
org_zhwjr64d,2025-08-06,analytics,0.7692,0.0,10.2819,0.0,0.0,0.002056,3
org_zhwjr64d,2025-08-06,compute,22.0027,243.0,0.0,16.2502,0.0,0.05185000000000001,3
org_zhwjr64d,2025-08-07,analytics,21.238500000000002,275.0,0.0,1.2347,0.0,0.055247,3
org_zhwjr64d,2025-08-07,compute,9.549999999999999,109.0,0.0,18.8168,0.0,0.025563000000000002,3
org_zhwjr64d,2025-08-08,analytics,16.7499,222.0,0.0,11.6735,0.0,0.046735,3
org_zhwjr64d,2025-08-09,analytics,25.990299999999998,349.0,0.0,0.0,0.0,0.0698,3
org_zhwjr64d,2025-08-09,compute,1.0432000000000001,0.0,8.3654,3.6037,0.0,0.0023940000000000003,3
org_zhwjr64d,2025-08-10,analytics,18.837899999999998,239.0,0.4512,0.0,0.0,0.04789,3
org_zhwjr64d,2025-08-10,compute,30.499299999999998,383.0,0.0,0.0,0.0,0.0766,3
org_zhwjr64d,2025-08-11,analytics,12.793,117.0,1.757,21.7887,0.0,0.028109000000000002,3
org_zhwjr64d,2025-08-12,analytics,21.5776,362.0,0.0,0.0,0.0,0.07239999999999999,3
org_zhwjr64d,2025-08-12,compute,17.1098,108.0,0.0,0.0,0.0,0.0216,3
org_zhwjr64d,2025-08-13,analytics,23.214100000000002,333.0,0.0,0.0,0.0,0.06659999999999999,3
org_zhwjr64d,2025-08-13,compute,12.8216,117.0,0.0,0.0,0.0,0.0234,3
org_zhwjr64d,2025-08-14,analytics,22.770400000000002,351.0,0.0,0.0,0.0,0.0702,3
org_zhwjr64d,2025-08-14,compute,22.2486,258.0,0.0,20.4269,0.0,0.055685,3
org_zhwjr64d,2025-08-15,analytics,16.0807,239.0,0.2445,0.0,0.0,0.047848999999999996,3
org_zhwjr64d,2025-08-15,compute,10.9967,113.0,6.405399999999999,11.2605,0.0,0.026133999999999998,6
org_zhwjr64d,2025-08-16,analytics,19.8909,252.0,1.8427,0.0,0.0,0.050769,3
org_zhwjr64d,2025-08-17,analytics,8.235899999999999,115.0,3.3327999999999998,0.0,0.0,0.023666999999999997,3
org_zhwjr64d,2025-08-17,compute,19.1197,231.0,2.3831,0.0,0.0,0.046677,3
org_zhwjr64d,2025-08-18,compute,22.0453,115.0,3.5821,39.204499999999996,0.0,0.031557,6
org_zhwjr64d,2025-08-19,analytics,20.5293,261.0,0.0,0.0,0.0,0.052199999999999996,3
org_zhwjr64d,2025-08-19,compute,22.777399999999997,265.0,2.0465,32.6468,0.0,0.059939000000000006,6
org_zhwjr64d,2025-08-20,analytics,1.8424,0.0,2.3644,23.4767,0.0,0.005169,3
org_zhwjr64d,2025-08-20,compute,8.5959,101.0,8.3702,17.0351,0.0,0.025280999999999998,6
org_zhwjr64d,2025-08-22,analytics,7.0109,108.0,3.5575,0.0,0.0,0.022312,3
org_zhwjr64d,2025-08-22,compute,26.9803,328.0,5.0032,0.0,0.0,0.066601,6
org_zhwjr64d,2025-08-23,analytics,10.408199999999999,116.0,1.6705,11.4006,0.0,0.025813999999999997,3
org_zhwjr64d,2025-08-23,compute,17.078400000000002,227.0,1.7289,0.0,0.0,0.045746,3
org_zhwjr64d,2025-08-25,compute,42.4866,561.0,0.0,4.798,0.0,0.11316,6
org_zhwjr64d,2025-08-26,compute,12.0862,107.0,6.0474,0.0,0.0,0.022609999999999998,3
org_zhwjr64d,2025-08-28,compute,12.1475,123.0,4.0899,32.697,0.0,0.031957,6
org_zhwjr64d,2025-08-29,compute,18.541800000000002,236.0,0.0,0.0,0.0,0.047200000000000006,3
org_zhwjr64d,2025-08-30,compute,20.1256,268.0,2.7707,22.5452,0.0,0.058663,6
org_zhwjr64d,2025-08-31,analytics,20.2233,240.0,5.8245,0.0,0.0,0.049165,3
org_zhwjr64d,2025-08-31,compute,50.9546,594.0,0.0,14.1125,0.0,0.121623,6
